Date,Year,Month,State_UT,OMC,Fuel_Station_ID,Petrol_Sales_KL,Ethanol_Blended_KL,Blending_Percentage,Feedstock,CO2_Reduction_Tonnes,Import_Savings_INR
2015-01-01,2015,1,Andhra Pradesh,HPCL,FS100000,45194,551.37,1.22,Molasses,964.9,30325.35
2015-02-01,2015,2,Andhra Pradesh,HPCL,FS100001,52131,1157.31,2.22,Molasses,2025.29,63652.05
2015-03-01,2015,3,Andhra Pradesh,HPCL,FS100002,72925,1502.26,2.06,Maize,2628.95,82624.3
2015-04-01,2015,4,Andhra Pradesh,BPCL,FS100003,13311,251.58,1.89,Maize,440.27,13836.9
2015-05-01,2015,5,Andhra Pradesh,IOC,FS100004,33658,730.38,2.17,Sugarcane,1278.16,40170.9
2015-06-01,2015,6,Andhra Pradesh,HPCL,FS100005,26431,174.44,0.66,Maize,305.27,9594.2
2015-07-01,2015,7,Andhra Pradesh,HPCL,FS100006,75435,1629.4,2.16,Maize,2851.45,89617.0
2015-08-01,2015,8,Andhra Pradesh,HPCL,FS100007,39551,577.44,1.46,Molasses,1010.52,31759.2
2015-09-01,2015,9,Andhra Pradesh,IOC,FS100008,18627,426.56,2.29,Broken Rice,746.48,23460.8
2015-10-01,2015,10,Andhra Pradesh,IOC,FS100009,51001,1315.83,2.58,Molasses,2302.7,72370.65
2015-11-01,2015,11,Andhra Pradesh,IOC,FS100010,31483,692.63,2.2,Maize,1212.1,38094.65
2015-12-01,2015,12,Andhra Pradesh,HPCL,FS100011,25159,392.48,1.56,Molasses,686.84,21586.4
2016-01-01,2016,1,Andhra Pradesh,HPCL,FS100012,77479,2347.61,3.03,Broken Rice,4108.32,129118.55
2016-02-01,2016,2,Andhra Pradesh,BPCL,FS100013,60995,2287.31,3.75,Maize,4002.79,125802.05
2016-03-01,2016,3,Andhra Pradesh,BPCL,FS100014,48397,2008.48,4.15,Sugarcane,3514.84,110466.4
2016-04-01,2016,4,Andhra Pradesh,HPCL,FS100015,9016,315.56,3.5,Molasses,552.23,17355.8
2016-05-01,2016,5,Andhra Pradesh,BPCL,FS100016,17268,664.82,3.85,Molasses,1163.44,36565.1
2016-06-01,2016,6,Andhra Pradesh,BPCL,FS100017,47099,1912.22,4.06,Sugarcane,3346.39,105172.1
2016-07-01,2016,7,Andhra Pradesh,IOC,FS100018,56984,1327.73,2.33,Sugarcane,2323.53,73025.15
2016-08-01,2016,8,Andhra Pradesh,HPCL,FS100019,70592,1913.04,2.71,Sugarcane,3347.82,105217.2
2016-09-01,2016,9,Andhra Pradesh,HPCL,FS100020,69858,2815.28,4.03,Broken Rice,4926.74,154840.4
2016-10-01,2016,10,Andhra Pradesh,IOC,FS100021,46660,1049.85,2.25,Broken Rice,1837.24,57741.75
2016-11-01,2016,11,Andhra Pradesh,BPCL,FS100022,16392,665.52,4.06,Broken Rice,1164.66,36603.6
2016-12-01,2016,12,Andhra Pradesh,BPCL,FS100023,43222,1547.35,3.58,Sugarcane,2707.86,85104.25
2017-01-01,2017,1,Andhra Pradesh,BPCL,FS100024,18965,1062.04,5.6,Molasses,1858.57,58412.2
2017-02-01,2017,2,Andhra Pradesh,HPCL,FS100025,78592,5297.1,6.74,Broken Rice,9269.93,291340.5
2017-03-01,2017,3,Andhra Pradesh,HPCL,FS100026,8206,232.23,2.83,Sugarcane,406.4,12772.65
2017-04-01,2017,4,Andhra Pradesh,HPCL,FS100027,31419,1680.92,5.35,Maize,2941.61,92450.6
2017-05-01,2017,5,Andhra Pradesh,IOC,FS100028,62268,2696.2,4.33,Broken Rice,4718.35,148291.0
2017-06-01,2017,6,Andhra Pradesh,BPCL,FS100029,79910,3004.62,3.76,Sugarcane,5258.09,165254.1
2017-07-01,2017,7,Andhra Pradesh,IOC,FS100030,70623,2146.94,3.04,Broken Rice,3757.14,118081.7
2017-08-01,2017,8,Andhra Pradesh,HPCL,FS100031,30299,1602.82,5.29,Broken Rice,2804.93,88155.1
2017-09-01,2017,9,Andhra Pradesh,BPCL,FS100032,10693,528.23,4.94,Maize,924.4,29052.65
2017-10-01,2017,10,Andhra Pradesh,BPCL,FS100033,29834,1760.21,5.9,Maize,3080.37,96811.55
2017-11-01,2017,11,Andhra Pradesh,BPCL,FS100034,31776,1191.6,3.75,Broken Rice,2085.3,65538.0
2017-12-01,2017,12,Andhra Pradesh,IOC,FS100035,74842,3884.3,5.19,Sugarcane,6797.53,213636.5
2018-01-01,2018,1,Andhra Pradesh,BPCL,FS100036,66053,3646.13,5.52,Sugarcane,6380.73,200537.15
2018-02-01,2018,2,Andhra Pradesh,HPCL,FS100037,11748,641.44,5.46,Sugarcane,1122.52,35279.2
2018-03-01,2018,3,Andhra Pradesh,IOC,FS100038,69087,2355.87,3.41,Broken Rice,4122.77,129572.85
2018-04-01,2018,4,Andhra Pradesh,IOC,FS100039,62384,2227.11,3.57,Molasses,3897.44,122491.05
2018-05-01,2018,5,Andhra Pradesh,BPCL,FS100040,73318,2580.79,3.52,Sugarcane,4516.38,141943.45
2018-06-01,2018,6,Andhra Pradesh,BPCL,FS100041,31664,1127.24,3.56,Broken Rice,1972.67,61998.2
2018-07-01,2018,7,Andhra Pradesh,IOC,FS100042,8854,432.96,4.89,Sugarcane,757.68,23812.8
2018-08-01,2018,8,Andhra Pradesh,IOC,FS100043,15392,861.95,5.6,Molasses,1508.41,47407.25
2018-09-01,2018,9,Andhra Pradesh,IOC,FS100044,34309,1917.87,5.59,Broken Rice,3356.27,105482.85
2018-10-01,2018,10,Andhra Pradesh,HPCL,FS100045,60662,5132.01,8.46,Molasses,8981.02,282260.55
2018-11-01,2018,11,Andhra Pradesh,HPCL,FS100046,75863,4840.06,6.38,Molasses,8470.11,266203.3
2018-12-01,2018,12,Andhra Pradesh,IOC,FS100047,73733,2514.3,3.41,Molasses,4400.03,138286.5
2019-01-01,2019,1,Andhra Pradesh,BPCL,FS100048,50107,3307.06,6.6,Broken Rice,5787.35,181888.3
2019-02-01,2019,2,Andhra Pradesh,HPCL,FS100049,59663,3979.52,6.67,Maize,6964.16,218873.6
2019-03-01,2019,3,Andhra Pradesh,IOC,FS100050,42754,3822.21,8.94,Broken Rice,6688.87,210221.55
2019-04-01,2019,4,Andhra Pradesh,HPCL,FS100051,19411,1418.94,7.31,Broken Rice,2483.14,78041.7
2019-05-01,2019,5,Andhra Pradesh,HPCL,FS100052,19111,1016.71,5.32,Molasses,1779.24,55919.05
2019-06-01,2019,6,Andhra Pradesh,IOC,FS100053,16155,1100.16,6.81,Broken Rice,1925.28,60508.8
2019-07-01,2019,7,Andhra Pradesh,IOC,FS100054,68713,4122.78,6.0,Sugarcane,7214.86,226752.9
2019-08-01,2019,8,Andhra Pradesh,HPCL,FS100055,54843,1519.15,2.77,Broken Rice,2658.51,83553.25
2019-09-01,2019,9,Andhra Pradesh,BPCL,FS100056,10049,831.05,8.27,Molasses,1454.34,45707.75
2019-10-01,2019,10,Andhra Pradesh,IOC,FS100057,28932,3061.01,10.58,Molasses,5356.77,168355.55
2019-11-01,2019,11,Andhra Pradesh,IOC,FS100058,50642,1407.85,2.78,Molasses,2463.74,77431.75
2019-12-01,2019,12,Andhra Pradesh,HPCL,FS100059,14295,1133.59,7.93,Molasses,1983.78,62347.45
2020-01-01,2020,1,Andhra Pradesh,BPCL,FS100060,10557,822.39,7.79,Molasses,1439.18,45231.45
2020-02-01,2020,2,Andhra Pradesh,IOC,FS100061,10200,995.52,9.76,Broken Rice,1742.16,54753.6
2020-03-01,2020,3,Andhra Pradesh,IOC,FS100062,10869,692.36,6.37,Maize,1211.63,38079.8
2020-04-01,2020,4,Andhra Pradesh,HPCL,FS100063,58108,1998.92,3.44,Molasses,3498.11,109940.6
2020-05-01,2020,5,Andhra Pradesh,IOC,FS100064,11987,473.49,3.95,Molasses,828.61,26041.95
2020-06-01,2020,6,Andhra Pradesh,HPCL,FS100065,78271,5987.73,7.65,Broken Rice,10478.53,329325.15
2020-07-01,2020,7,Andhra Pradesh,IOC,FS100066,27830,1525.08,5.48,Molasses,2668.89,83879.4
2020-08-01,2020,8,Andhra Pradesh,BPCL,FS100067,55333,2445.72,4.42,Maize,4280.01,134514.6
2020-09-01,2020,9,Andhra Pradesh,IOC,FS100068,57377,3775.41,6.58,Broken Rice,6606.97,207647.55
2020-10-01,2020,10,Andhra Pradesh,IOC,FS100069,47790,3698.95,7.74,Maize,6473.16,203442.25
2020-11-01,2020,11,Andhra Pradesh,IOC,FS100070,64835,3883.62,5.99,Sugarcane,6796.34,213599.1
2020-12-01,2020,12,Andhra Pradesh,HPCL,FS100071,64491,1741.26,2.7,Molasses,3047.2,95769.3
2021-01-01,2021,1,Andhra Pradesh,BPCL,FS100072,40635,3990.36,9.82,Sugarcane,6983.13,219469.8
2021-02-01,2021,2,Andhra Pradesh,IOC,FS100073,26711,1899.15,7.11,Sugarcane,3323.51,104453.25
2021-03-01,2021,3,Andhra Pradesh,IOC,FS100074,74235,10474.56,14.11,Sugarcane,18330.48,576100.8
2021-04-01,2021,4,Andhra Pradesh,IOC,FS100075,73726,9201.0,12.48,Molasses,16101.75,506055.0
2021-05-01,2021,5,Andhra Pradesh,IOC,FS100076,34641,2206.63,6.37,Sugarcane,3861.6,121364.65
2021-06-01,2021,6,Andhra Pradesh,IOC,FS100077,31093,1800.28,5.79,Maize,3150.49,99015.4
2021-07-01,2021,7,Andhra Pradesh,BPCL,FS100078,12014,671.58,5.59,Broken Rice,1175.27,36936.9
2021-08-01,2021,8,Andhra Pradesh,BPCL,FS100079,43777,3738.56,8.54,Broken Rice,6542.48,205620.8
2021-09-01,2021,9,Andhra Pradesh,HPCL,FS100080,35751,1855.48,5.19,Broken Rice,3247.09,102051.4
2021-10-01,2021,10,Andhra Pradesh,IOC,FS100081,62748,2980.53,4.75,Sugarcane,5215.93,163929.15
2021-11-01,2021,11,Andhra Pradesh,BPCL,FS100082,18647,689.94,3.7,Broken Rice,1207.39,37946.7
2021-12-01,2021,12,Andhra Pradesh,IOC,FS100083,78316,5208.01,6.65,Molasses,9114.02,286440.55
2022-01-01,2022,1,Andhra Pradesh,IOC,FS100084,63766,8678.55,13.61,Molasses,15187.46,477320.25
2022-02-01,2022,2,Andhra Pradesh,HPCL,FS100085,40097,5024.15,12.53,Molasses,8792.26,276328.25
2022-03-01,2022,3,Andhra Pradesh,BPCL,FS100086,60921,5160.01,8.47,Molasses,9030.02,283800.55
2022-04-01,2022,4,Andhra Pradesh,HPCL,FS100087,58300,6115.67,10.49,Maize,10702.42,336361.85
2022-05-01,2022,5,Andhra Pradesh,BPCL,FS100088,78313,6836.72,8.73,Maize,11964.26,376019.6
2022-06-01,2022,6,Andhra Pradesh,BPCL,FS100089,23338,2877.58,12.33,Broken Rice,5035.76,158266.9
2022-07-01,2022,7,Andhra Pradesh,IOC,FS100090,56747,4692.98,8.27,Sugarcane,8212.72,258113.9
2022-08-01,2022,8,Andhra Pradesh,IOC,FS100091,62021,8044.12,12.97,Broken Rice,14077.21,442426.6
2022-09-01,2022,9,Andhra Pradesh,IOC,FS100092,47734,8940.58,18.73,Molasses,15646.01,491731.9
2022-10-01,2022,10,Andhra Pradesh,IOC,FS100093,25019,4198.19,16.78,Maize,7346.83,230900.45
2022-11-01,2022,11,Andhra Pradesh,BPCL,FS100094,36251,3559.85,9.82,Maize,6229.74,195791.75
2022-12-01,2022,12,Andhra Pradesh,BPCL,FS100095,33945,2871.75,8.46,Broken Rice,5025.56,157946.25
2023-01-01,2023,1,Andhra Pradesh,IOC,FS100096,74617,6805.07,9.12,Maize,11908.87,374278.85
2023-02-01,2023,2,Andhra Pradesh,BPCL,FS100097,54175,10710.4,19.77,Sugarcane,18743.2,589072.0
2023-03-01,2023,3,Andhra Pradesh,BPCL,FS100098,11343,1887.48,16.64,Maize,3303.09,103811.4
2023-04-01,2023,4,Andhra Pradesh,IOC,FS100099,37375,6742.45,18.04,Broken Rice,11799.29,370834.75
2023-05-01,2023,5,Andhra Pradesh,HPCL,FS100100,75215,5039.41,6.7,Sugarcane,8818.97,277167.55
2023-06-01,2023,6,Andhra Pradesh,HPCL,FS100101,69389,14273.32,20.57,Sugarcane,24978.31,785032.6
2023-07-01,2023,7,Andhra Pradesh,IOC,FS100102,43247,4956.11,11.46,Broken Rice,8673.19,272586.05
2023-08-01,2023,8,Andhra Pradesh,IOC,FS100103,70752,14638.59,20.69,Broken Rice,25617.53,805122.45
2023-09-01,2023,9,Andhra Pradesh,BPCL,FS100104,76385,8142.64,10.66,Maize,14249.62,447845.2
2023-10-01,2023,10,Andhra Pradesh,HPCL,FS100105,31289,4101.99,13.11,Maize,7178.48,225609.45
2023-11-01,2023,11,Andhra Pradesh,HPCL,FS100106,24364,5238.26,21.5,Maize,9166.95,288104.3
2023-12-01,2023,12,Andhra Pradesh,HPCL,FS100107,57115,7350.7,12.87,Maize,12863.73,404288.5
2024-01-01,2024,1,Andhra Pradesh,HPCL,FS100108,43195,2293.65,5.31,Molasses,4013.89,126150.75
2024-02-01,2024,2,Andhra Pradesh,IOC,FS100109,78588,16896.42,21.5,Sugarcane,29568.73,929303.1
2024-03-01,2024,3,Andhra Pradesh,HPCL,FS100110,46304,6927.08,14.96,Broken Rice,12122.39,380989.4
2024-04-01,2024,4,Andhra Pradesh,BPCL,FS100111,28764,5479.54,19.05,Broken Rice,9589.19,301374.7
2024-05-01,2024,5,Andhra Pradesh,IOC,FS100112,33351,5786.4,17.35,Molasses,10126.2,318252.0
2024-06-01,2024,6,Andhra Pradesh,IOC,FS100113,23305,2880.5,12.36,Maize,5040.88,158427.5
2024-07-01,2024,7,Andhra Pradesh,BPCL,FS100114,11267,1412.88,12.54,Maize,2472.54,77708.4
2024-08-01,2024,8,Andhra Pradesh,BPCL,FS100115,46513,9535.16,20.5,Sugarcane,16686.53,524433.8
2024-09-01,2024,9,Andhra Pradesh,IOC,FS100116,68692,12227.18,17.8,Broken Rice,21397.57,672494.9
2024-10-01,2024,10,Andhra Pradesh,IOC,FS100117,52425,9965.99,19.01,Sugarcane,17440.48,548129.45
2024-11-01,2024,11,Andhra Pradesh,IOC,FS100118,25955,5580.32,21.5,Sugarcane,9765.56,306917.6
2024-12-01,2024,12,Andhra Pradesh,BPCL,FS100119,73510,15804.65,21.5,Sugarcane,27658.14,869255.75
2025-01-01,2025,1,Andhra Pradesh,HPCL,FS100120,28150,2502.54,8.89,Maize,4379.44,137639.7
2025-02-01,2025,2,Andhra Pradesh,IOC,FS100121,76450,16436.75,21.5,Broken Rice,28764.31,904021.25
2025-03-01,2025,3,Andhra Pradesh,IOC,FS100122,54959,10596.1,19.28,Maize,18543.17,582785.5
2025-04-01,2025,4,Andhra Pradesh,IOC,FS100123,74234,15960.31,21.5,Maize,27930.54,877817.05
2025-05-01,2025,5,Andhra Pradesh,HPCL,FS100124,67163,11041.6,16.44,Sugarcane,19322.8,607288.0
2025-06-01,2025,6,Andhra Pradesh,BPCL,FS100125,72895,15672.42,21.5,Broken Rice,27426.74,861983.1
2025-07-01,2025,7,Andhra Pradesh,HPCL,FS100126,19130,2620.81,13.7,Maize,4586.42,144144.55
2025-08-01,2025,8,Andhra Pradesh,IOC,FS100127,68566,14741.69,21.5,Molasses,25797.96,810792.95
2025-09-01,2025,9,Andhra Pradesh,IOC,FS100128,19174,3666.07,19.12,Broken Rice,6415.62,201633.85
2025-10-01,2025,10,Andhra Pradesh,BPCL,FS100129,17348,2284.73,13.17,Broken Rice,3998.28,125660.15
2025-11-01,2025,11,Andhra Pradesh,HPCL,FS100130,56136,12069.24,21.5,Broken Rice,21121.17,663808.2
2025-12-01,2025,12,Andhra Pradesh,BPCL,FS100131,52261,11236.11,21.5,Maize,19663.19,617986.05
2026-01-01,2026,1,Andhra Pradesh,HPCL,FS100132,27065,4592.93,16.97,Maize,8037.63,252611.15
2026-02-01,2026,2,Andhra Pradesh,BPCL,FS100133,62693,13435.11,21.43,Sugarcane,23511.44,738931.05
2026-03-01,2026,3,Andhra Pradesh,HPCL,FS100134,65854,6493.2,9.86,Molasses,11363.1,357126.0
2026-04-01,2026,4,Andhra Pradesh,HPCL,FS100135,9324,946.39,10.15,Sugarcane,1656.18,52051.45
2026-05-01,2026,5,Andhra Pradesh,BPCL,FS100136,63129,3623.6,5.74,Molasses,6341.3,199298.0
2026-06-01,2026,6,Andhra Pradesh,HPCL,FS100137,23485,5049.27,21.5,Broken Rice,8836.22,277709.85
2026-07-01,2026,7,Andhra Pradesh,HPCL,FS100138,38355,7621.14,19.87,Sugarcane,13337.0,419162.7
2015-01-01,2015,1,Arunachal Pradesh,IOC,FS100139,50344,906.19,1.8,Broken Rice,1585.83,49840.45
2015-02-01,2015,2,Arunachal Pradesh,HPCL,FS100140,74040,910.69,1.23,Sugarcane,1593.71,50087.95
2015-03-01,2015,3,Arunachal Pradesh,HPCL,FS100141,36016,911.2,2.53,Molasses,1594.6,50116.0
2015-04-01,2015,4,Arunachal Pradesh,IOC,FS100142,75641,378.2,0.5,Molasses,661.85,20801.0
2015-05-01,2015,5,Arunachal Pradesh,IOC,FS100143,30700,859.6,2.8,Molasses,1504.3,47278.0
2015-06-01,2015,6,Arunachal Pradesh,IOC,FS100144,69642,1427.66,2.05,Broken Rice,2498.41,78521.3
2015-07-01,2015,7,Arunachal Pradesh,IOC,FS100145,38354,1031.72,2.69,Molasses,1805.51,56744.6
2015-08-01,2015,8,Arunachal Pradesh,IOC,FS100146,60638,1012.65,1.67,Maize,1772.14,55695.75
2015-09-01,2015,9,Arunachal Pradesh,IOC,FS100147,76866,1237.54,1.61,Sugarcane,2165.69,68064.7
2015-10-01,2015,10,Arunachal Pradesh,HPCL,FS100148,31959,607.22,1.9,Sugarcane,1062.63,33397.1
2015-11-01,2015,11,Arunachal Pradesh,IOC,FS100149,17337,273.92,1.58,Molasses,479.36,15065.6
2015-12-01,2015,12,Arunachal Pradesh,BPCL,FS100150,35355,961.66,2.72,Molasses,1682.9,52891.3
2016-01-01,2016,1,Arunachal Pradesh,IOC,FS100151,12835,155.3,1.21,Sugarcane,271.78,8541.5
2016-02-01,2016,2,Arunachal Pradesh,HPCL,FS100152,35532,1883.2,5.3,Maize,3295.6,103576.0
2016-03-01,2016,3,Arunachal Pradesh,BPCL,FS100153,53445,844.43,1.58,Broken Rice,1477.75,46443.65
2016-04-01,2016,4,Arunachal Pradesh,BPCL,FS100154,73545,3059.47,4.16,Broken Rice,5354.07,168270.85
2016-05-01,2016,5,Arunachal Pradesh,BPCL,FS100155,64570,3234.96,5.01,Maize,5661.18,177922.8
2016-06-01,2016,6,Arunachal Pradesh,IOC,FS100156,35712,1146.36,3.21,Sugarcane,2006.13,63049.8
2016-07-01,2016,7,Arunachal Pradesh,BPCL,FS100157,70292,2087.67,2.97,Molasses,3653.42,114821.85
2016-08-01,2016,8,Arunachal Pradesh,BPCL,FS100158,54540,2525.2,4.63,Broken Rice,4419.1,138886.0
2016-09-01,2016,9,Arunachal Pradesh,IOC,FS100159,16702,479.35,2.87,Maize,838.86,26364.25
2016-10-01,2016,10,Arunachal Pradesh,IOC,FS100160,31524,1043.44,3.31,Sugarcane,1826.02,57389.2
2016-11-01,2016,11,Arunachal Pradesh,IOC,FS100161,12809,429.1,3.35,Sugarcane,750.93,23600.5
2016-12-01,2016,12,Arunachal Pradesh,BPCL,FS100162,46765,1374.89,2.94,Broken Rice,2406.06,75618.95
2017-01-01,2017,1,Arunachal Pradesh,IOC,FS100163,61932,1145.74,1.85,Broken Rice,2005.05,63015.7
2017-02-01,2017,2,Arunachal Pradesh,IOC,FS100164,44187,2319.82,5.25,Molasses,4059.69,127590.1
2017-03-01,2017,3,Arunachal Pradesh,HPCL,FS100165,22489,573.47,2.55,Molasses,1003.57,31540.85
2017-04-01,2017,4,Arunachal Pradesh,BPCL,FS100166,40049,2430.97,6.07,Maize,4254.2,133703.35
2017-05-01,2017,5,Arunachal Pradesh,IOC,FS100167,32285,1314.0,4.07,Maize,2299.5,72270.0
2017-06-01,2017,6,Arunachal Pradesh,HPCL,FS100168,23254,783.66,3.37,Sugarcane,1371.4,43101.3
2017-07-01,2017,7,Arunachal Pradesh,HPCL,FS100169,47764,3787.69,7.93,Sugarcane,6628.46,208322.95
2017-08-01,2017,8,Arunachal Pradesh,BPCL,FS100170,63393,2852.68,4.5,Maize,4992.19,156897.4
2017-09-01,2017,9,Arunachal Pradesh,BPCL,FS100171,33934,1448.98,4.27,Maize,2535.72,79693.9
2017-10-01,2017,10,Arunachal Pradesh,HPCL,FS100172,61413,2333.69,3.8,Broken Rice,4083.96,128352.95
2017-11-01,2017,11,Arunachal Pradesh,IOC,FS100173,50318,2641.69,5.25,Molasses,4622.96,145292.95
2017-12-01,2017,12,Arunachal Pradesh,BPCL,FS100174,47811,3346.77,7.0,Broken Rice,5856.85,184072.35
2018-01-01,2018,1,Arunachal Pradesh,BPCL,FS100175,27963,1510.0,5.4,Molasses,2642.5,83050.0
2018-02-01,2018,2,Arunachal Pradesh,IOC,FS100176,44586,1038.85,2.33,Maize,1817.99,57136.75
2018-03-01,2018,3,Arunachal Pradesh,HPCL,FS100177,53002,3768.44,7.11,Molasses,6594.77,207264.2
2018-04-01,2018,4,Arunachal Pradesh,HPCL,FS100178,49240,1511.67,3.07,Broken Rice,2645.42,83141.85
2018-05-01,2018,5,Arunachal Pradesh,HPCL,FS100179,41434,2423.89,5.85,Molasses,4241.81,133313.95
2018-06-01,2018,6,Arunachal Pradesh,IOC,FS100180,31954,1348.46,4.22,Molasses,2359.81,74165.3
2018-07-01,2018,7,Arunachal Pradesh,IOC,FS100181,44668,1862.66,4.17,Sugarcane,3259.66,102446.3
2018-08-01,2018,8,Arunachal Pradesh,BPCL,FS100182,24907,1980.11,7.95,Sugarcane,3465.19,108906.05
2018-09-01,2018,9,Arunachal Pradesh,BPCL,FS100183,59745,5478.62,9.17,Maize,9587.58,301324.1
2018-10-01,2018,10,Arunachal Pradesh,IOC,FS100184,31321,898.91,2.87,Maize,1573.09,49440.05
2018-11-01,2018,11,Arunachal Pradesh,IOC,FS100185,13240,393.23,2.97,Broken Rice,688.15,21627.65
2018-12-01,2018,12,Arunachal Pradesh,BPCL,FS100186,60796,1732.69,2.85,Broken Rice,3032.21,95297.95
2019-01-01,2019,1,Arunachal Pradesh,IOC,FS100187,72291,4106.13,5.68,Maize,7185.73,225837.15
2019-02-01,2019,2,Arunachal Pradesh,IOC,FS100188,8302,345.36,4.16,Molasses,604.38,18994.8
2019-03-01,2019,3,Arunachal Pradesh,HPCL,FS100189,16717,1126.73,6.74,Molasses,1971.78,61970.15
2019-04-01,2019,4,Arunachal Pradesh,BPCL,FS100190,24748,1081.49,4.37,Molasses,1892.61,59481.95
2019-05-01,2019,5,Arunachal Pradesh,BPCL,FS100191,23034,299.44,1.3,Maize,524.02,16469.2
2019-06-01,2019,6,Arunachal Pradesh,HPCL,FS100192,63658,4647.03,7.3,Broken Rice,8132.3,255586.65
2019-07-01,2019,7,Arunachal Pradesh,HPCL,FS100193,42674,2782.34,6.52,Molasses,4869.1,153028.7
2019-08-01,2019,8,Arunachal Pradesh,HPCL,FS100194,9062,373.35,4.12,Molasses,653.36,20534.25
2019-09-01,2019,9,Arunachal Pradesh,IOC,FS100195,14229,399.83,2.81,Sugarcane,699.7,21990.65
2019-10-01,2019,10,Arunachal Pradesh,BPCL,FS100196,34734,3094.8,8.91,Maize,5415.9,170214.0
2019-11-01,2019,11,Arunachal Pradesh,HPCL,FS100197,20910,1532.7,7.33,Maize,2682.22,84298.5
2019-12-01,2019,12,Arunachal Pradesh,IOC,FS100198,70981,3435.48,4.84,Molasses,6012.09,188951.4
2020-01-01,2020,1,Arunachal Pradesh,BPCL,FS100199,42529,1956.33,4.6,Molasses,3423.58,107598.15
2020-02-01,2020,2,Arunachal Pradesh,HPCL,FS100200,36024,587.19,1.63,Molasses,1027.58,32295.45
2020-03-01,2020,3,Arunachal Pradesh,IOC,FS100201,35285,2099.46,5.95,Sugarcane,3674.06,115470.3
2020-04-01,2020,4,Arunachal Pradesh,IOC,FS100202,64138,3572.49,5.57,Maize,6251.86,196486.95
2020-05-01,2020,5,Arunachal Pradesh,BPCL,FS100203,21918,267.4,1.22,Maize,467.95,14707.0
2020-06-01,2020,6,Arunachal Pradesh,HPCL,FS100204,12324,751.76,6.1,Sugarcane,1315.58,41346.8
2020-07-01,2020,7,Arunachal Pradesh,HPCL,FS100205,49427,2105.59,4.26,Maize,3684.78,115807.45
2020-08-01,2020,8,Arunachal Pradesh,HPCL,FS100206,61441,6002.79,9.77,Molasses,10504.88,330153.45
2020-09-01,2020,9,Arunachal Pradesh,HPCL,FS100207,54514,3183.62,5.84,Broken Rice,5571.34,175099.1
2020-10-01,2020,10,Arunachal Pradesh,IOC,FS100208,53587,2191.71,4.09,Molasses,3835.49,120544.05
2020-11-01,2020,11,Arunachal Pradesh,IOC,FS100209,75584,5547.87,7.34,Molasses,9708.77,305132.85
2020-12-01,2020,12,Arunachal Pradesh,BPCL,FS100210,28618,2100.56,7.34,Maize,3675.98,115530.8
2021-01-01,2021,1,Arunachal Pradesh,HPCL,FS100211,55362,1876.77,3.39,Molasses,3284.35,103222.35
2021-02-01,2021,2,Arunachal Pradesh,IOC,FS100212,17865,1011.16,5.66,Maize,1769.53,55613.8
2021-03-01,2021,3,Arunachal Pradesh,BPCL,FS100213,13287,931.42,7.01,Sugarcane,1629.98,51228.1
2021-04-01,2021,4,Arunachal Pradesh,BPCL,FS100214,27216,2849.52,10.47,Molasses,4986.66,156723.6
2021-05-01,2021,5,Arunachal Pradesh,IOC,FS100215,34614,1696.09,4.9,Broken Rice,2968.16,93284.95
2021-06-01,2021,6,Arunachal Pradesh,HPCL,FS100216,75444,4911.4,6.51,Maize,8594.95,270127.0
2021-07-01,2021,7,Arunachal Pradesh,HPCL,FS100217,73441,9084.65,12.37,Sugarcane,15898.14,499655.75
2021-08-01,2021,8,Arunachal Pradesh,HPCL,FS100218,13951,1202.58,8.62,Broken Rice,2104.51,66141.9
2021-09-01,2021,9,Arunachal Pradesh,IOC,FS100219,49832,4534.71,9.1,Molasses,7935.74,249409.05
2021-10-01,2021,10,Arunachal Pradesh,IOC,FS100220,23524,2248.89,9.56,Maize,3935.56,123688.95
2021-11-01,2021,11,Arunachal Pradesh,IOC,FS100221,31930,3017.38,9.45,Broken Rice,5280.41,165955.9
2021-12-01,2021,12,Arunachal Pradesh,BPCL,FS100222,51303,3755.38,7.32,Maize,6571.91,206545.9
2022-01-01,2022,1,Arunachal Pradesh,HPCL,FS100223,47711,5901.85,12.37,Molasses,10328.24,324601.75
2022-02-01,2022,2,Arunachal Pradesh,HPCL,FS100224,26574,3707.07,13.95,Sugarcane,6487.37,203888.85
2022-03-01,2022,3,Arunachal Pradesh,IOC,FS100225,75728,5444.84,7.19,Sugarcane,9528.47,299466.2
2022-04-01,2022,4,Arunachal Pradesh,IOC,FS100226,44455,5850.28,13.16,Broken Rice,10237.99,321765.4
2022-05-01,2022,5,Arunachal Pradesh,HPCL,FS100227,75506,1744.19,2.31,Broken Rice,3052.33,95930.45
2022-06-01,2022,6,Arunachal Pradesh,BPCL,FS100228,64819,9424.68,14.54,Maize,16493.19,518357.4
2022-07-01,2022,7,Arunachal Pradesh,HPCL,FS100229,79324,5600.27,7.06,Broken Rice,9800.47,308014.85
2022-08-01,2022,8,Arunachal Pradesh,IOC,FS100230,59356,7069.3,11.91,Molasses,12371.27,388811.5
2022-09-01,2022,9,Arunachal Pradesh,BPCL,FS100231,74656,11832.98,15.85,Sugarcane,20707.72,650813.9
2022-10-01,2022,10,Arunachal Pradesh,IOC,FS100232,75779,6388.17,8.43,Sugarcane,11179.3,351349.35
2022-11-01,2022,11,Arunachal Pradesh,BPCL,FS100233,40265,4662.69,11.58,Maize,8159.71,256447.95
2022-12-01,2022,12,Arunachal Pradesh,IOC,FS100234,63180,5528.25,8.75,Broken Rice,9674.44,304053.75
2023-01-01,2023,1,Arunachal Pradesh,HPCL,FS100235,79907,10899.31,13.64,Broken Rice,19073.79,599462.05
2023-02-01,2023,2,Arunachal Pradesh,IOC,FS100236,28103,3580.32,12.74,Molasses,6265.56,196917.6
2023-03-01,2023,3,Arunachal Pradesh,IOC,FS100237,22382,4812.13,21.5,Sugarcane,8421.23,264667.15
2023-04-01,2023,4,Arunachal Pradesh,IOC,FS100238,79315,10009.55,12.62,Maize,17516.71,550525.25
2023-05-01,2023,5,Arunachal Pradesh,HPCL,FS100239,22153,2638.42,11.91,Maize,4617.24,145113.1
2023-06-01,2023,6,Arunachal Pradesh,BPCL,FS100240,10443,898.1,8.6,Maize,1571.67,49395.5
2023-07-01,2023,7,Arunachal Pradesh,BPCL,FS100241,25368,591.07,2.33,Sugarcane,1034.37,32508.85
2023-08-01,2023,8,Arunachal Pradesh,IOC,FS100242,47915,7335.79,15.31,Broken Rice,12837.63,403468.45
2023-09-01,2023,9,Arunachal Pradesh,IOC,FS100243,61028,11808.92,19.35,Molasses,20665.61,649490.6
2023-10-01,2023,10,Arunachal Pradesh,HPCL,FS100244,63176,6229.15,9.86,Maize,10901.01,342603.25
2023-11-01,2023,11,Arunachal Pradesh,BPCL,FS100245,52327,9523.51,18.2,Broken Rice,16666.14,523793.05
2023-12-01,2023,12,Arunachal Pradesh,IOC,FS100246,55523,5419.04,9.76,Maize,9483.32,298047.2
2024-01-01,2024,1,Arunachal Pradesh,BPCL,FS100247,27256,3559.63,13.06,Broken Rice,6229.35,195779.65
2024-02-01,2024,2,Arunachal Pradesh,IOC,FS100248,71374,7115.99,9.97,Broken Rice,12452.98,391379.45
2024-03-01,2024,3,Arunachal Pradesh,IOC,FS100249,64264,7563.87,11.77,Broken Rice,13236.77,416012.85
2024-04-01,2024,4,Arunachal Pradesh,IOC,FS100250,21224,4077.13,19.21,Sugarcane,7134.98,224242.15
2024-05-01,2024,5,Arunachal Pradesh,HPCL,FS100251,71731,8830.09,12.31,Broken Rice,15452.66,485654.95
2024-06-01,2024,6,Arunachal Pradesh,IOC,FS100252,16666,2421.57,14.53,Maize,4237.75,133186.35
2024-07-01,2024,7,Arunachal Pradesh,BPCL,FS100253,44368,8549.71,19.27,Broken Rice,14961.99,470234.05
2024-08-01,2024,8,Arunachal Pradesh,HPCL,FS100254,75526,7235.39,9.58,Broken Rice,12661.93,397946.45
2024-09-01,2024,9,Arunachal Pradesh,BPCL,FS100255,54240,8125.15,14.98,Sugarcane,14219.01,446883.25
2024-10-01,2024,10,Arunachal Pradesh,IOC,FS100256,18395,3954.92,21.5,Sugarcane,6921.11,217520.6
2024-11-01,2024,11,Arunachal Pradesh,BPCL,FS100257,35696,7674.64,21.5,Sugarcane,13430.62,422105.2
2024-12-01,2024,12,Arunachal Pradesh,HPCL,FS100258,70823,8059.66,11.38,Sugarcane,14104.4,443281.3
2025-01-01,2025,1,Arunachal Pradesh,IOC,FS100259,9759,1765.4,18.09,Broken Rice,3089.45,97097.0
2025-02-01,2025,2,Arunachal Pradesh,IOC,FS100260,66066,9209.6,13.94,Maize,16116.8,506528.0
2025-03-01,2025,3,Arunachal Pradesh,BPCL,FS100261,10717,2304.15,21.5,Molasses,4032.26,126728.25
2025-04-01,2025,4,Arunachal Pradesh,IOC,FS100262,26449,5020.02,18.98,Sugarcane,8785.03,276101.1
2025-05-01,2025,5,Arunachal Pradesh,IOC,FS100263,46258,7193.12,15.55,Maize,12587.96,395621.6
2025-06-01,2025,6,Arunachal Pradesh,HPCL,FS100264,34737,482.84,1.39,Maize,844.97,26556.2
2025-07-01,2025,7,Arunachal Pradesh,BPCL,FS100265,33522,7207.23,21.5,Maize,12612.65,396397.65
2025-08-01,2025,8,Arunachal Pradesh,HPCL,FS100266,48806,10322.47,21.15,Molasses,18064.32,567735.85
2025-09-01,2025,9,Arunachal Pradesh,HPCL,FS100267,60603,10599.46,17.49,Molasses,18549.06,582970.3
2025-10-01,2025,10,Arunachal Pradesh,IOC,FS100268,63106,11024.62,17.47,Broken Rice,19293.09,606354.1
2025-11-01,2025,11,Arunachal Pradesh,HPCL,FS100269,71230,15314.45,21.5,Broken Rice,26800.29,842294.75
2025-12-01,2025,12,Arunachal Pradesh,IOC,FS100270,47986,9530.02,19.86,Molasses,16677.53,524151.1
2026-01-01,2026,1,Arunachal Pradesh,IOC,FS100271,72929,13922.15,19.09,Molasses,24363.76,765718.25
2026-02-01,2026,2,Arunachal Pradesh,HPCL,FS100272,20175,4053.16,20.09,Molasses,7093.03,222923.8
2026-03-01,2026,3,Arunachal Pradesh,IOC,FS100273,74358,15191.34,20.43,Maize,26584.85,835523.7
2026-04-01,2026,4,Arunachal Pradesh,BPCL,FS100274,68500,14727.5,21.5,Broken Rice,25773.12,810012.5
2026-05-01,2026,5,Arunachal Pradesh,HPCL,FS100275,44220,9507.3,21.5,Molasses,16637.77,522901.5
2026-06-01,2026,6,Arunachal Pradesh,HPCL,FS100276,50880,10939.2,21.5,Molasses,19143.6,601656.0
2026-07-01,2026,7,Arunachal Pradesh,HPCL,FS100277,23358,5021.97,21.5,Sugarcane,8788.45,276208.35
2015-01-01,2015,1,Assam,BPCL,FS100278,22596,205.62,0.91,Broken Rice,359.84,11309.1
2015-02-01,2015,2,Assam,IOC,FS100279,9279,224.55,2.42,Maize,392.96,12350.25
2015-03-01,2015,3,Assam,BPCL,FS100280,25771,198.44,0.77,Sugarcane,347.27,10914.2
2015-04-01,2015,4,Assam,IOC,FS100281,56285,911.82,1.62,Maize,1595.69,50150.1
2015-05-01,2015,5,Assam,HPCL,FS100282,36529,390.86,1.07,Maize,684.0,21497.3
2015-06-01,2015,6,Assam,HPCL,FS100283,10573,201.94,1.91,Sugarcane,353.39,11106.7
2015-07-01,2015,7,Assam,IOC,FS100284,31752,457.23,1.44,Molasses,800.15,25147.65
2015-08-01,2015,8,Assam,BPCL,FS100285,59693,1868.39,3.13,Maize,3269.68,102761.45
2015-09-01,2015,9,Assam,BPCL,FS100286,64133,1417.34,2.21,Maize,2480.34,77953.7
2015-10-01,2015,10,Assam,BPCL,FS100287,69268,1690.14,2.44,Molasses,2957.75,92957.7
2015-11-01,2015,11,Assam,BPCL,FS100288,30180,443.65,1.47,Molasses,776.39,24400.75
2015-12-01,2015,12,Assam,IOC,FS100289,9622,192.44,2.0,Maize,336.77,10584.2
2016-01-01,2016,1,Assam,IOC,FS100290,37402,1051.0,2.81,Maize,1839.25,57805.0
2016-02-01,2016,2,Assam,BPCL,FS100291,54828,1398.11,2.55,Molasses,2446.69,76896.05
2016-03-01,2016,3,Assam,IOC,FS100292,44397,519.44,1.17,Sugarcane,909.02,28569.2
2016-04-01,2016,4,Assam,BPCL,FS100293,46709,850.1,1.82,Molasses,1487.67,46755.5
2016-05-01,2016,5,Assam,HPCL,FS100294,61276,2156.92,3.52,Sugarcane,3774.61,118630.6
2016-06-01,2016,6,Assam,IOC,FS100295,32762,796.12,2.43,Broken Rice,1393.21,43786.6
2016-07-01,2016,7,Assam,HPCL,FS100296,31150,685.3,2.2,Molasses,1199.27,37691.5
2016-08-01,2016,8,Assam,BPCL,FS100297,29792,1888.81,6.34,Maize,3305.42,103884.55
2016-09-01,2016,9,Assam,BPCL,FS100298,39987,751.76,1.88,Molasses,1315.58,41346.8
2016-10-01,2016,10,Assam,HPCL,FS100299,32058,1112.41,3.47,Sugarcane,1946.72,61182.55
2016-11-01,2016,11,Assam,IOC,FS100300,9524,440.96,4.63,Broken Rice,771.68,24252.8
2016-12-01,2016,12,Assam,IOC,FS100301,43111,1073.46,2.49,Sugarcane,1878.56,59040.3
2017-01-01,2017,1,Assam,IOC,FS100302,63337,4496.93,7.1,Sugarcane,7869.63,247331.15
2017-02-01,2017,2,Assam,IOC,FS100303,32354,1336.22,4.13,Broken Rice,2338.39,73492.1
2017-03-01,2017,3,Assam,HPCL,FS100304,28581,1466.21,5.13,Maize,2565.87,80641.55
2017-04-01,2017,4,Assam,BPCL,FS100305,59474,3348.39,5.63,Molasses,5859.68,184161.45
2017-05-01,2017,5,Assam,IOC,FS100306,65134,3373.94,5.18,Molasses,5904.4,185566.7
2017-06-01,2017,6,Assam,BPCL,FS100307,8338,473.6,5.68,Molasses,828.8,26048.0
2017-07-01,2017,7,Assam,HPCL,FS100308,66053,3553.65,5.38,Sugarcane,6218.89,195450.75
2017-08-01,2017,8,Assam,IOC,FS100309,70552,3929.75,5.57,Maize,6877.06,216136.25
2017-09-01,2017,9,Assam,HPCL,FS100310,52813,2851.9,5.4,Broken Rice,4990.82,156854.5
2017-10-01,2017,10,Assam,HPCL,FS100311,32070,1411.08,4.4,Sugarcane,2469.39,77609.4
2017-11-01,2017,11,Assam,IOC,FS100312,62237,2576.61,4.14,Broken Rice,4509.07,141713.55
2017-12-01,2017,12,Assam,HPCL,FS100313,45265,2353.78,5.2,Broken Rice,4119.12,129457.9
2018-01-01,2018,1,Assam,HPCL,FS100314,60375,4443.6,7.36,Maize,7776.3,244398.0
2018-02-01,2018,2,Assam,HPCL,FS100315,65132,4735.1,7.27,Molasses,8286.43,260430.5
2018-03-01,2018,3,Assam,BPCL,FS100316,28662,911.45,3.18,Broken Rice,1595.04,50129.75
2018-04-01,2018,4,Assam,HPCL,FS100317,48998,3547.46,7.24,Molasses,6208.06,195110.3
2018-05-01,2018,5,Assam,HPCL,FS100318,15564,1171.97,7.53,Molasses,2050.95,64458.35
2018-06-01,2018,6,Assam,BPCL,FS100319,60393,3224.99,5.34,Sugarcane,5643.73,177374.45
2018-07-01,2018,7,Assam,BPCL,FS100320,47974,2936.01,6.12,Maize,5138.02,161480.55
2018-08-01,2018,8,Assam,BPCL,FS100321,53084,2494.95,4.7,Molasses,4366.16,137222.25
2018-09-01,2018,9,Assam,BPCL,FS100322,20984,862.44,4.11,Sugarcane,1509.27,47434.2
2018-10-01,2018,10,Assam,HPCL,FS100323,58072,377.47,0.65,Sugarcane,660.57,20760.85
2018-11-01,2018,11,Assam,HPCL,FS100324,10050,808.02,8.04,Broken Rice,1414.03,44441.1
2018-12-01,2018,12,Assam,IOC,FS100325,32951,1743.11,5.29,Maize,3050.44,95871.05
2019-01-01,2019,1,Assam,BPCL,FS100326,48600,1764.18,3.63,Maize,3087.32,97029.9
2019-02-01,2019,2,Assam,IOC,FS100327,43400,1779.4,4.1,Sugarcane,3113.95,97867.0
2019-03-01,2019,3,Assam,HPCL,FS100328,51001,1902.34,3.73,Sugarcane,3329.09,104628.7
2019-04-01,2019,4,Assam,IOC,FS100329,53028,2683.22,5.06,Sugarcane,4695.63,147577.1
2019-05-01,2019,5,Assam,HPCL,FS100330,37757,2843.1,7.53,Molasses,4975.43,156370.5
2019-06-01,2019,6,Assam,IOC,FS100331,56280,2915.3,5.18,Maize,5101.78,160341.5
2019-07-01,2019,7,Assam,HPCL,FS100332,46197,2453.06,5.31,Molasses,4292.85,134918.3
2019-08-01,2019,8,Assam,IOC,FS100333,42157,1816.97,4.31,Broken Rice,3179.7,99933.35
2019-09-01,2019,9,Assam,BPCL,FS100334,35376,1623.76,4.59,Broken Rice,2841.58,89306.8
2019-10-01,2019,10,Assam,BPCL,FS100335,22199,983.42,4.43,Broken Rice,1720.98,54088.1
2019-11-01,2019,11,Assam,BPCL,FS100336,34685,2906.6,8.38,Sugarcane,5086.55,159863.0
2019-12-01,2019,12,Assam,IOC,FS100337,32578,1459.49,4.48,Molasses,2554.11,80271.95
2020-01-01,2020,1,Assam,HPCL,FS100338,68504,6090.01,8.89,Maize,10657.52,334950.55
2020-02-01,2020,2,Assam,IOC,FS100339,42701,3176.95,7.44,Molasses,5559.66,174732.25
2020-03-01,2020,3,Assam,IOC,FS100340,51642,661.02,1.28,Maize,1156.78,36356.1
2020-04-01,2020,4,Assam,IOC,FS100341,25602,1065.04,4.16,Sugarcane,1863.82,58577.2
2020-05-01,2020,5,Assam,IOC,FS100342,50520,3334.32,6.6,Maize,5835.06,183387.6
2020-06-01,2020,6,Assam,IOC,FS100343,58106,3893.1,6.7,Broken Rice,6812.93,214120.5
2020-07-01,2020,7,Assam,BPCL,FS100344,49873,2748.0,5.51,Molasses,4809.0,151140.0
2020-08-01,2020,8,Assam,BPCL,FS100345,17903,1111.78,6.21,Sugarcane,1945.62,61147.9
2020-09-01,2020,9,Assam,IOC,FS100346,10396,51.98,0.5,Molasses,90.96,2858.9
2020-10-01,2020,10,Assam,HPCL,FS100347,9591,399.94,4.17,Maize,699.89,21996.7
2020-11-01,2020,11,Assam,BPCL,FS100348,15314,392.04,2.56,Molasses,686.07,21562.2
2020-12-01,2020,12,Assam,IOC,FS100349,73082,5093.82,6.97,Broken Rice,8914.18,280160.1
2021-01-01,2021,1,Assam,IOC,FS100350,77274,7356.48,9.52,Sugarcane,12873.84,404606.4
2021-02-01,2021,2,Assam,BPCL,FS100351,30534,3215.23,10.53,Molasses,5626.65,176837.65
2021-03-01,2021,3,Assam,IOC,FS100352,62302,4971.7,7.98,Broken Rice,8700.48,273443.5
2021-04-01,2021,4,Assam,HPCL,FS100353,10719,1037.6,9.68,Maize,1815.8,57068.0
2021-05-01,2021,5,Assam,HPCL,FS100354,26787,1647.4,6.15,Sugarcane,2882.95,90607.0
2021-06-01,2021,6,Assam,BPCL,FS100355,65932,6263.54,9.5,Maize,10961.19,344494.7
2021-07-01,2021,7,Assam,IOC,FS100356,42832,3700.68,8.64,Molasses,6476.19,203537.4
2021-08-01,2021,8,Assam,HPCL,FS100357,20987,1727.23,8.23,Maize,3022.65,94997.65
2021-09-01,2021,9,Assam,IOC,FS100358,37257,2604.26,6.99,Broken Rice,4557.45,143234.3
2021-10-01,2021,10,Assam,IOC,FS100359,21281,1319.42,6.2,Molasses,2308.99,72568.1
2021-11-01,2021,11,Assam,HPCL,FS100360,13084,1284.85,9.82,Molasses,2248.49,70666.75
2021-12-01,2021,12,Assam,BPCL,FS100361,53539,4620.42,8.63,Molasses,8085.74,254123.1
2022-01-01,2022,1,Assam,BPCL,FS100362,71888,10085.89,14.03,Molasses,17650.31,554723.95
2022-02-01,2022,2,Assam,BPCL,FS100363,28953,1893.53,6.54,Maize,3313.68,104144.15
2022-03-01,2022,3,Assam,HPCL,FS100364,65372,7524.32,11.51,Maize,13167.56,413837.6
2022-04-01,2022,4,Assam,HPCL,FS100365,15813,1315.64,8.32,Sugarcane,2302.37,72360.2
2022-05-01,2022,5,Assam,HPCL,FS100366,52569,4294.89,8.17,Broken Rice,7516.06,236218.95
2022-06-01,2022,6,Assam,BPCL,FS100367,21025,2693.3,12.81,Maize,4713.28,148131.5
2022-07-01,2022,7,Assam,IOC,FS100368,76878,3866.96,5.03,Molasses,6767.18,212682.8
2022-08-01,2022,8,Assam,HPCL,FS100369,25482,598.83,2.35,Sugarcane,1047.95,32935.65
2022-09-01,2022,9,Assam,BPCL,FS100370,30042,4268.97,14.21,Broken Rice,7470.7,234793.35
2022-10-01,2022,10,Assam,HPCL,FS100371,52413,7799.05,14.88,Sugarcane,13648.34,428947.75
2022-11-01,2022,11,Assam,IOC,FS100372,20857,752.94,3.61,Sugarcane,1317.64,41411.7
2022-12-01,2022,12,Assam,BPCL,FS100373,9980,816.36,8.18,Broken Rice,1428.63,44899.8
2023-01-01,2023,1,Assam,HPCL,FS100374,34385,4903.3,14.26,Molasses,8580.77,269681.5
2023-02-01,2023,2,Assam,HPCL,FS100375,26639,4134.37,15.52,Molasses,7235.15,227390.35
2023-03-01,2023,3,Assam,HPCL,FS100376,44444,4742.17,10.67,Molasses,8298.8,260819.35
2023-04-01,2023,4,Assam,IOC,FS100377,38707,4021.66,10.39,Molasses,7037.9,221191.3
2023-05-01,2023,5,Assam,HPCL,FS100378,13655,1319.07,9.66,Broken Rice,2308.37,72548.85
2023-06-01,2023,6,Assam,BPCL,FS100379,23251,3859.67,16.6,Broken Rice,6754.42,212281.85
2023-07-01,2023,7,Assam,BPCL,FS100380,19536,1560.93,7.99,Broken Rice,2731.63,85851.15
2023-08-01,2023,8,Assam,BPCL,FS100381,59027,7248.52,12.28,Molasses,12684.91,398668.6
2023-09-01,2023,9,Assam,IOC,FS100382,13109,1309.59,9.99,Maize,2291.78,72027.45
2023-10-01,2023,10,Assam,IOC,FS100383,62615,6555.79,10.47,Sugarcane,11472.63,360568.45
2023-11-01,2023,11,Assam,HPCL,FS100384,34589,3905.1,11.29,Molasses,6833.93,214780.5
2023-12-01,2023,12,Assam,BPCL,FS100385,70046,8678.7,12.39,Maize,15187.73,477328.5
2024-01-01,2024,1,Assam,BPCL,FS100386,59195,12726.92,21.5,Molasses,22272.11,699980.6
2024-02-01,2024,2,Assam,BPCL,FS100387,38087,7579.31,19.9,Sugarcane,13263.79,416862.05
2024-03-01,2024,3,Assam,HPCL,FS100388,47499,5875.63,12.37,Maize,10282.35,323159.65
2024-04-01,2024,4,Assam,IOC,FS100389,46559,8483.05,18.22,Maize,14845.34,466567.75
2024-05-01,2024,5,Assam,HPCL,FS100390,43488,3331.18,7.66,Molasses,5829.56,183214.9
2024-06-01,2024,6,Assam,BPCL,FS100391,30431,4655.94,15.3,Molasses,8147.89,256076.7
2024-07-01,2024,7,Assam,BPCL,FS100392,53004,8560.15,16.15,Molasses,14980.26,470808.25
2024-08-01,2024,8,Assam,BPCL,FS100393,64985,7460.28,11.48,Sugarcane,13055.49,410315.4
2024-09-01,2024,9,Assam,BPCL,FS100394,58861,9935.74,16.88,Broken Rice,17387.54,546465.7
2024-10-01,2024,10,Assam,BPCL,FS100395,76577,7596.44,9.92,Maize,13293.77,417804.2
2024-11-01,2024,11,Assam,BPCL,FS100396,65660,11654.65,17.75,Broken Rice,20395.64,641005.75
2024-12-01,2024,12,Assam,HPCL,FS100397,9925,1640.6,16.53,Broken Rice,2871.05,90233.0
2025-01-01,2025,1,Assam,IOC,FS100398,41320,8883.8,21.5,Maize,15546.65,488609.0
2025-02-01,2025,2,Assam,BPCL,FS100399,34289,7372.14,21.5,Molasses,12901.25,405467.7
2025-03-01,2025,3,Assam,BPCL,FS100400,34630,7445.45,21.5,Molasses,13029.54,409499.75
2025-04-01,2025,4,Assam,HPCL,FS100401,74435,11611.86,15.6,Molasses,20320.76,638652.3
2025-05-01,2025,5,Assam,BPCL,FS100402,64446,11935.4,18.52,Maize,20886.95,656447.0
2025-06-01,2025,6,Assam,IOC,FS100403,44877,9648.56,21.5,Molasses,16884.98,530670.8
2025-07-01,2025,7,Assam,HPCL,FS100404,10356,1270.68,12.27,Maize,2223.69,69887.4
2025-08-01,2025,8,Assam,HPCL,FS100405,28049,4386.86,15.64,Molasses,7677.0,241277.3
2025-09-01,2025,9,Assam,BPCL,FS100406,10920,1134.59,10.39,Maize,1985.53,62402.45
2025-10-01,2025,10,Assam,HPCL,FS100407,68315,14687.73,21.5,Broken Rice,25703.53,807825.15
2025-11-01,2025,11,Assam,BPCL,FS100408,63230,10002.99,15.82,Broken Rice,17505.23,550164.45
2025-12-01,2025,12,Assam,HPCL,FS100409,38027,7841.17,20.62,Sugarcane,13722.05,431264.35
2026-01-01,2026,1,Assam,IOC,FS100410,55908,10823.79,19.36,Maize,18941.63,595308.45
2026-02-01,2026,2,Assam,BPCL,FS100411,47063,10118.55,21.5,Molasses,17707.46,556520.25
2026-03-01,2026,3,Assam,BPCL,FS100412,33849,7277.53,21.5,Sugarcane,12735.68,400264.15
2026-04-01,2026,4,Assam,IOC,FS100413,30015,6453.22,21.5,Maize,11293.14,354927.1
2026-05-01,2026,5,Assam,BPCL,FS100414,20201,3795.77,18.79,Broken Rice,6642.6,208767.35
2026-06-01,2026,6,Assam,HPCL,FS100415,53241,11446.82,21.5,Broken Rice,20031.93,629575.1
2026-07-01,2026,7,Assam,BPCL,FS100416,65056,13987.04,21.5,Sugarcane,24477.32,769287.2
2015-01-01,2015,1,Bihar,HPCL,FS100417,27975,313.32,1.12,Maize,548.31,17232.6
2015-02-01,2015,2,Bihar,BPCL,FS100418,57153,588.68,1.03,Broken Rice,1030.19,32377.4
2015-03-01,2015,3,Bihar,HPCL,FS100419,72324,2176.95,3.01,Sugarcane,3809.66,119732.25
2015-04-01,2015,4,Bihar,BPCL,FS100420,78135,1070.45,1.37,Sugarcane,1873.29,58874.75
2015-05-01,2015,5,Bihar,HPCL,FS100421,77350,1469.65,1.9,Sugarcane,2571.89,80830.75
2015-06-01,2015,6,Bihar,BPCL,FS100422,75649,1709.67,2.26,Sugarcane,2991.92,94031.85
2015-07-01,2015,7,Bihar,HPCL,FS100423,21760,422.14,1.94,Sugarcane,738.75,23217.7
2015-08-01,2015,8,Bihar,IOC,FS100424,52738,479.92,0.91,Broken Rice,839.86,26395.6
2015-09-01,2015,9,Bihar,BPCL,FS100425,79260,1434.61,1.81,Maize,2510.57,78903.55
2015-10-01,2015,10,Bihar,BPCL,FS100426,31499,573.28,1.82,Molasses,1003.24,31530.4
2015-11-01,2015,11,Bihar,IOC,FS100427,79635,2277.56,2.86,Sugarcane,3985.73,125265.8
2015-12-01,2015,12,Bihar,IOC,FS100428,17847,462.24,2.59,Broken Rice,808.92,25423.2
2016-01-01,2016,1,Bihar,HPCL,FS100429,26309,1239.15,4.71,Broken Rice,2168.51,68153.25
2016-02-01,2016,2,Bihar,HPCL,FS100430,8281,242.63,2.93,Sugarcane,424.6,13344.65
2016-03-01,2016,3,Bihar,IOC,FS100431,47030,1307.43,2.78,Sugarcane,2288.0,71908.65
2016-04-01,2016,4,Bihar,HPCL,FS100432,33611,1183.11,3.52,Maize,2070.44,65071.05
2016-05-01,2016,5,Bihar,BPCL,FS100433,43057,977.39,2.27,Molasses,1710.43,53756.45
2016-06-01,2016,6,Bihar,HPCL,FS100434,64503,2180.2,3.38,Broken Rice,3815.35,119911.0
2016-07-01,2016,7,Bihar,HPCL,FS100435,76785,2887.12,3.76,Broken Rice,5052.46,158791.6
2016-08-01,2016,8,Bihar,HPCL,FS100436,40556,839.51,2.07,Molasses,1469.14,46173.05
2016-09-01,2016,9,Bihar,BPCL,FS100437,12470,425.23,3.41,Maize,744.15,23387.65
2016-10-01,2016,10,Bihar,BPCL,FS100438,21669,784.42,3.62,Sugarcane,1372.73,43143.1
2016-11-01,2016,11,Bihar,IOC,FS100439,56320,1436.16,2.55,Broken Rice,2513.28,78988.8
2016-12-01,2016,12,Bihar,HPCL,FS100440,63409,2200.29,3.47,Broken Rice,3850.51,121015.95
2017-01-01,2017,1,Bihar,BPCL,FS100441,32089,1521.02,4.74,Sugarcane,2661.78,83656.1
2017-02-01,2017,2,Bihar,HPCL,FS100442,45208,1632.01,3.61,Molasses,2856.02,89760.55
2017-03-01,2017,3,Bihar,BPCL,FS100443,39890,1838.93,4.61,Molasses,3218.13,101141.15
2017-04-01,2017,4,Bihar,HPCL,FS100444,34984,1728.21,4.94,Molasses,3024.37,95051.55
2017-05-01,2017,5,Bihar,BPCL,FS100445,44059,2493.74,5.66,Maize,4364.05,137155.7
2017-06-01,2017,6,Bihar,BPCL,FS100446,68576,1254.94,1.83,Maize,2196.14,69021.7
2017-07-01,2017,7,Bihar,IOC,FS100447,35208,1961.09,5.57,Sugarcane,3431.91,107859.95
2017-08-01,2017,8,Bihar,IOC,FS100448,37165,1230.16,3.31,Sugarcane,2152.78,67658.8
2017-09-01,2017,9,Bihar,BPCL,FS100449,72965,2714.3,3.72,Broken Rice,4750.03,149286.5
2017-10-01,2017,10,Bihar,BPCL,FS100450,25772,943.26,3.66,Maize,1650.7,51879.3
2017-11-01,2017,11,Bihar,HPCL,FS100451,9367,497.39,5.31,Sugarcane,870.43,27356.45
2017-12-01,2017,12,Bihar,BPCL,FS100452,35723,796.62,2.23,Maize,1394.09,43814.1
2018-01-01,2018,1,Bihar,BPCL,FS100453,17108,1204.4,7.04,Broken Rice,2107.7,66242.0
2018-02-01,2018,2,Bihar,HPCL,FS100454,16927,1501.42,8.87,Molasses,2627.49,82578.1
2018-03-01,2018,3,Bihar,IOC,FS100455,30443,2115.79,6.95,Broken Rice,3702.63,116368.45
2018-04-01,2018,4,Bihar,BPCL,FS100456,68233,1992.4,2.92,Maize,3486.7,109582.0
2018-05-01,2018,5,Bihar,BPCL,FS100457,30612,1698.97,5.55,Maize,2973.2,93443.35
2018-06-01,2018,6,Bihar,BPCL,FS100458,39348,247.89,0.63,Molasses,433.81,13633.95
2018-07-01,2018,7,Bihar,IOC,FS100459,12760,1149.68,9.01,Maize,2011.94,63232.4
2018-08-01,2018,8,Bihar,IOC,FS100460,54819,1178.61,2.15,Maize,2062.57,64823.55
2018-09-01,2018,9,Bihar,HPCL,FS100461,34966,1853.2,5.3,Broken Rice,3243.1,101926.0
2018-10-01,2018,10,Bihar,BPCL,FS100462,16906,770.91,4.56,Maize,1349.09,42400.05
2018-11-01,2018,11,Bihar,HPCL,FS100463,53379,3037.27,5.69,Broken Rice,5315.22,167049.85
2018-12-01,2018,12,Bihar,IOC,FS100464,14012,515.64,3.68,Sugarcane,902.37,28360.2
2019-01-01,2019,1,Bihar,IOC,FS100465,44378,2241.09,5.05,Molasses,3921.91,123259.95
2019-02-01,2019,2,Bihar,IOC,FS100466,62691,6526.13,10.41,Broken Rice,11420.73,358937.15
2019-03-01,2019,3,Bihar,BPCL,FS100467,20289,1525.73,7.52,Maize,2670.03,83915.15
2019-04-01,2019,4,Bihar,IOC,FS100468,52139,1913.5,3.67,Sugarcane,3348.62,105242.5
2019-05-01,2019,5,Bihar,BPCL,FS100469,71646,3696.93,5.16,Broken Rice,6469.63,203331.15
2019-06-01,2019,6,Bihar,HPCL,FS100470,14441,853.46,5.91,Broken Rice,1493.56,46940.3
2019-07-01,2019,7,Bihar,BPCL,FS100471,67189,2526.31,3.76,Broken Rice,4421.04,138947.05
2019-08-01,2019,8,Bihar,IOC,FS100472,73429,4295.6,5.85,Molasses,7517.3,236258.0
2019-09-01,2019,9,Bihar,BPCL,FS100473,17435,829.91,4.76,Sugarcane,1452.34,45645.05
2019-10-01,2019,10,Bihar,IOC,FS100474,39401,2592.59,6.58,Maize,4537.03,142592.45
2019-11-01,2019,11,Bihar,IOC,FS100475,42084,1287.77,3.06,Maize,2253.6,70827.35
2019-12-01,2019,12,Bihar,BPCL,FS100476,44041,2210.86,5.02,Molasses,3869.01,121597.3
2020-01-01,2020,1,Bihar,IOC,FS100477,73481,6334.06,8.62,Maize,11084.61,348373.3
2020-02-01,2020,2,Bihar,IOC,FS100478,25633,899.72,3.51,Broken Rice,1574.51,49484.6
2020-03-01,2020,3,Bihar,IOC,FS100479,57104,3797.42,6.65,Broken Rice,6645.49,208858.1
2020-04-01,2020,4,Bihar,BPCL,FS100480,48390,1824.3,3.77,Molasses,3192.53,100336.5
2020-05-01,2020,5,Bihar,HPCL,FS100481,35213,1566.98,4.45,Maize,2742.22,86183.9
2020-06-01,2020,6,Bihar,IOC,FS100482,40117,2968.66,7.4,Sugarcane,5195.15,163276.3
2020-07-01,2020,7,Bihar,IOC,FS100483,63754,1753.23,2.75,Broken Rice,3068.15,96427.65
2020-08-01,2020,8,Bihar,HPCL,FS100484,47532,3417.55,7.19,Molasses,5980.71,187965.25
2020-09-01,2020,9,Bihar,BPCL,FS100485,22210,2092.18,9.42,Molasses,3661.31,115069.9
2020-10-01,2020,10,Bihar,IOC,FS100486,72315,2154.99,2.98,Molasses,3771.23,118524.45
2020-11-01,2020,11,Bihar,BPCL,FS100487,18756,643.33,3.43,Molasses,1125.83,35383.15
2020-12-01,2020,12,Bihar,HPCL,FS100488,53113,4339.33,8.17,Molasses,7593.83,238663.15
2021-01-01,2021,1,Bihar,HPCL,FS100489,13249,1114.24,8.41,Maize,1949.92,61283.2
2021-02-01,2021,2,Bihar,HPCL,FS100490,17686,1780.98,10.07,Molasses,3116.72,97953.9
2021-03-01,2021,3,Bihar,BPCL,FS100491,8661,1179.63,13.62,Molasses,2064.35,64879.65
2021-04-01,2021,4,Bihar,BPCL,FS100492,76910,6468.13,8.41,Molasses,11319.23,355747.15
2021-05-01,2021,5,Bihar,IOC,FS100493,8207,752.58,9.17,Broken Rice,1317.02,41391.9
2021-06-01,2021,6,Bihar,BPCL,FS100494,76619,8918.45,11.64,Maize,15607.29,490514.75
2021-07-01,2021,7,Bihar,IOC,FS100495,28103,2037.47,7.25,Molasses,3565.57,112060.85
2021-08-01,2021,8,Bihar,HPCL,FS100496,63922,3522.1,5.51,Molasses,6163.68,193715.5
2021-09-01,2021,9,Bihar,BPCL,FS100497,70711,5161.9,7.3,Sugarcane,9033.32,283904.5
2021-10-01,2021,10,Bihar,IOC,FS100498,64273,4023.49,6.26,Sugarcane,7041.11,221291.95
2021-11-01,2021,11,Bihar,HPCL,FS100499,18699,1660.47,8.88,Molasses,2905.82,91325.85
2021-12-01,2021,12,Bihar,BPCL,FS100500,43585,2205.4,5.06,Molasses,3859.45,121297.0
2022-01-01,2022,1,Bihar,HPCL,FS100501,63114,4430.6,7.02,Sugarcane,7753.55,243683.0
2022-02-01,2022,2,Bihar,HPCL,FS100502,72977,7947.2,10.89,Molasses,13907.6,437096.0
2022-03-01,2022,3,Bihar,HPCL,FS100503,73450,7242.17,9.86,Maize,12673.8,398319.35
2022-04-01,2022,4,Bihar,HPCL,FS100504,20329,626.13,3.08,Maize,1095.73,34437.15
2022-05-01,2022,5,Bihar,BPCL,FS100505,42594,6197.43,14.55,Maize,10845.5,340858.65
2022-06-01,2022,6,Bihar,BPCL,FS100506,60290,9965.94,16.53,Molasses,17440.4,548126.7
2022-07-01,2022,7,Bihar,HPCL,FS100507,48461,5393.71,11.13,Molasses,9438.99,296654.05
2022-08-01,2022,8,Bihar,IOC,FS100508,28609,1705.1,5.96,Broken Rice,2983.92,93780.5
2022-09-01,2022,9,Bihar,HPCL,FS100509,63249,5654.46,8.94,Maize,9895.31,310995.3
2022-10-01,2022,10,Bihar,BPCL,FS100510,37984,2894.38,7.62,Sugarcane,5065.16,159190.9
2022-11-01,2022,11,Bihar,HPCL,FS100511,39552,7748.24,19.59,Maize,13559.42,426153.2
2022-12-01,2022,12,Bihar,BPCL,FS100512,19138,1508.07,7.88,Molasses,2639.12,82943.85
2023-01-01,2023,1,Bihar,HPCL,FS100513,31429,4657.78,14.82,Sugarcane,8151.11,256177.9
2023-02-01,2023,2,Bihar,IOC,FS100514,25347,2491.61,9.83,Sugarcane,4360.32,137038.55
2023-03-01,2023,3,Bihar,IOC,FS100515,54659,6384.17,11.68,Broken Rice,11172.3,351129.35
2023-04-01,2023,4,Bihar,IOC,FS100516,41613,4452.59,10.7,Molasses,7792.03,244892.45
2023-05-01,2023,5,Bihar,BPCL,FS100517,63099,8720.28,13.82,Sugarcane,15260.49,479615.4
2023-06-01,2023,6,Bihar,HPCL,FS100518,79966,4198.22,5.25,Maize,7346.89,230902.1
2023-07-01,2023,7,Bihar,HPCL,FS100519,50913,9164.34,18.0,Sugarcane,16037.6,504038.7
2023-08-01,2023,8,Bihar,BPCL,FS100520,33032,4343.71,13.15,Sugarcane,7601.49,238904.05
2023-09-01,2023,9,Bihar,HPCL,FS100521,52936,5838.84,11.03,Broken Rice,10217.97,321136.2
2023-10-01,2023,10,Bihar,HPCL,FS100522,17074,1859.36,10.89,Sugarcane,3253.88,102264.8
2023-11-01,2023,11,Bihar,HPCL,FS100523,31291,2944.48,9.41,Molasses,5152.84,161946.4
2023-12-01,2023,12,Bihar,IOC,FS100524,51108,3536.67,6.92,Molasses,6189.17,194516.85
2024-01-01,2024,1,Bihar,HPCL,FS100525,49779,9587.44,19.26,Molasses,16778.02,527309.2
2024-02-01,2024,2,Bihar,IOC,FS100526,65009,13690.9,21.06,Molasses,23959.08,752999.5
2024-03-01,2024,3,Bihar,HPCL,FS100527,40371,7327.34,18.15,Sugarcane,12822.85,403003.7
2024-04-01,2024,4,Bihar,HPCL,FS100528,34715,3041.03,8.76,Maize,5321.8,167256.65
2024-05-01,2024,5,Bihar,BPCL,FS100529,39174,8422.41,21.5,Maize,14739.22,463232.55
2024-06-01,2024,6,Bihar,IOC,FS100530,31177,3931.42,12.61,Sugarcane,6879.99,216228.1
2024-07-01,2024,7,Bihar,HPCL,FS100531,13542,199.07,1.47,Maize,348.37,10948.85
2024-08-01,2024,8,Bihar,IOC,FS100532,64532,13532.36,20.97,Sugarcane,23681.63,744279.8
2024-09-01,2024,9,Bihar,IOC,FS100533,55076,7198.43,13.07,Maize,12597.25,395913.65
2024-10-01,2024,10,Bihar,IOC,FS100534,78331,8068.09,10.3,Molasses,14119.16,443744.95
2024-11-01,2024,11,Bihar,HPCL,FS100535,30420,4754.65,15.63,Broken Rice,8320.64,261505.75
2024-12-01,2024,12,Bihar,HPCL,FS100536,45487,4184.8,9.2,Sugarcane,7323.4,230164.0
2025-01-01,2025,1,Bihar,BPCL,FS100537,22056,4175.2,18.93,Molasses,7306.6,229636.0
2025-02-01,2025,2,Bihar,IOC,FS100538,72041,12347.83,17.14,Molasses,21608.7,679130.65
2025-03-01,2025,3,Bihar,IOC,FS100539,61352,13190.68,21.5,Sugarcane,23083.69,725487.4
2025-04-01,2025,4,Bihar,IOC,FS100540,57723,12410.44,21.5,Molasses,21718.27,682574.2
2025-05-01,2025,5,Bihar,IOC,FS100541,28281,3300.39,11.67,Sugarcane,5775.68,181521.45
2025-06-01,2025,6,Bihar,IOC,FS100542,36602,7869.43,21.5,Molasses,13771.5,432818.65
2025-07-01,2025,7,Bihar,BPCL,FS100543,31472,6766.48,21.5,Molasses,11841.34,372156.4
2025-08-01,2025,8,Bihar,HPCL,FS100544,55684,10813.83,19.42,Sugarcane,18924.2,594760.65
2025-09-01,2025,9,Bihar,IOC,FS100545,49991,7068.73,14.14,Broken Rice,12370.28,388780.15
2025-10-01,2025,10,Bihar,IOC,FS100546,15788,3282.33,20.79,Molasses,5744.08,180528.15
2025-11-01,2025,11,Bihar,HPCL,FS100547,24531,3959.3,16.14,Molasses,6928.78,217761.5
2025-12-01,2025,12,Bihar,IOC,FS100548,17866,1813.4,10.15,Molasses,3173.45,99737.0
2026-01-01,2026,1,Bihar,HPCL,FS100549,72027,9507.56,13.2,Broken Rice,16638.23,522915.8
2026-02-01,2026,2,Bihar,HPCL,FS100550,13439,2889.38,21.5,Broken Rice,5056.41,158915.9
2026-03-01,2026,3,Bihar,BPCL,FS100551,36270,1661.17,4.58,Maize,2907.05,91364.35
2026-04-01,2026,4,Bihar,IOC,FS100552,43144,6562.2,15.21,Broken Rice,11483.85,360921.0
2026-05-01,2026,5,Bihar,BPCL,FS100553,58979,12680.49,21.5,Broken Rice,22190.86,697426.95
2026-06-01,2026,6,Bihar,BPCL,FS100554,69558,14954.97,21.5,Molasses,26171.2,822523.35
2026-07-01,2026,7,Bihar,BPCL,FS100555,65713,14128.3,21.5,Broken Rice,24724.52,777056.5
2015-01-01,2015,1,Chhattisgarh,BPCL,FS100556,25153,490.48,1.95,Sugarcane,858.34,26976.4
2015-02-01,2015,2,Chhattisgarh,BPCL,FS100557,47071,588.39,1.25,Sugarcane,1029.68,32361.45
2015-03-01,2015,3,Chhattisgarh,HPCL,FS100558,65866,1567.61,2.38,Molasses,2743.32,86218.55
2015-04-01,2015,4,Chhattisgarh,BPCL,FS100559,66279,1822.67,2.75,Broken Rice,3189.67,100246.85
2015-05-01,2015,5,Chhattisgarh,BPCL,FS100560,62093,1136.3,1.83,Broken Rice,1988.52,62496.5
2015-06-01,2015,6,Chhattisgarh,BPCL,FS100561,10461,151.68,1.45,Sugarcane,265.44,8342.4
2015-07-01,2015,7,Chhattisgarh,IOC,FS100562,69332,1490.64,2.15,Molasses,2608.62,81985.2
2015-08-01,2015,8,Chhattisgarh,HPCL,FS100563,56758,1067.05,1.88,Maize,1867.34,58687.75
2015-09-01,2015,9,Chhattisgarh,HPCL,FS100564,36044,796.57,2.21,Sugarcane,1394.0,43811.35
2015-10-01,2015,10,Chhattisgarh,BPCL,FS100565,23997,201.57,0.84,Sugarcane,352.75,11086.35
2015-11-01,2015,11,Chhattisgarh,BPCL,FS100566,65941,718.76,1.09,Molasses,1257.83,39531.8
2015-12-01,2015,12,Chhattisgarh,BPCL,FS100567,66712,1440.98,2.16,Broken Rice,2521.72,79253.9
2016-01-01,2016,1,Chhattisgarh,BPCL,FS100568,32858,1235.46,3.76,Molasses,2162.06,67950.3
2016-02-01,2016,2,Chhattisgarh,BPCL,FS100569,54486,1389.39,2.55,Broken Rice,2431.43,76416.45
2016-03-01,2016,3,Chhattisgarh,IOC,FS100570,16706,995.68,5.96,Maize,1742.44,54762.4
2016-04-01,2016,4,Chhattisgarh,HPCL,FS100571,59612,2706.38,4.54,Maize,4736.16,148850.9
2016-05-01,2016,5,Chhattisgarh,BPCL,FS100572,37806,1686.15,4.46,Broken Rice,2950.76,92738.25
2016-06-01,2016,6,Chhattisgarh,BPCL,FS100573,73095,2587.56,3.54,Maize,4528.23,142315.8
2016-07-01,2016,7,Chhattisgarh,IOC,FS100574,76056,2327.31,3.06,Molasses,4072.79,128002.05
2016-08-01,2016,8,Chhattisgarh,BPCL,FS100575,44735,1037.85,2.32,Sugarcane,1816.24,57081.75
2016-09-01,2016,9,Chhattisgarh,BPCL,FS100576,75695,3845.31,5.08,Broken Rice,6729.29,211492.05
2016-10-01,2016,10,Chhattisgarh,IOC,FS100577,55701,2445.27,4.39,Sugarcane,4279.22,134489.85
2016-11-01,2016,11,Chhattisgarh,BPCL,FS100578,71437,2614.59,3.66,Maize,4575.53,143802.45
2016-12-01,2016,12,Chhattisgarh,BPCL,FS100579,27873,1022.94,3.67,Sugarcane,1790.14,56261.7
2017-01-01,2017,1,Chhattisgarh,IOC,FS100580,13110,768.25,5.86,Sugarcane,1344.44,42253.75
2017-02-01,2017,2,Chhattisgarh,BPCL,FS100581,31762,1699.27,5.35,Molasses,2973.72,93459.85
2017-03-01,2017,3,Chhattisgarh,IOC,FS100582,26313,789.39,3.0,Maize,1381.43,43416.45
2017-04-01,2017,4,Chhattisgarh,BPCL,FS100583,31705,355.1,1.12,Broken Rice,621.43,19530.5
2017-05-01,2017,5,Chhattisgarh,IOC,FS100584,67796,4521.99,6.67,Maize,7913.48,248709.45
2017-06-01,2017,6,Chhattisgarh,BPCL,FS100585,72429,2245.3,3.1,Maize,3929.28,123491.5
2017-07-01,2017,7,Chhattisgarh,IOC,FS100586,76099,3401.63,4.47,Sugarcane,5952.85,187089.65
2017-08-01,2017,8,Chhattisgarh,IOC,FS100587,77122,2290.52,2.97,Maize,4008.41,125978.6
2017-09-01,2017,9,Chhattisgarh,IOC,FS100588,44727,2361.59,5.28,Molasses,4132.78,129887.45
2017-10-01,2017,10,Chhattisgarh,BPCL,FS100589,73697,2019.3,2.74,Molasses,3533.78,111061.5
2017-11-01,2017,11,Chhattisgarh,BPCL,FS100590,76926,2884.72,3.75,Maize,5048.26,158659.6
2017-12-01,2017,12,Chhattisgarh,BPCL,FS100591,57815,2486.04,4.3,Broken Rice,4350.57,136732.2
2018-01-01,2018,1,Chhattisgarh,IOC,FS100592,51934,3230.29,6.22,Molasses,5653.01,177665.95
2018-02-01,2018,2,Chhattisgarh,HPCL,FS100593,13469,898.38,6.67,Molasses,1572.16,49410.9
2018-03-01,2018,3,Chhattisgarh,HPCL,FS100594,9651,339.72,3.52,Sugarcane,594.51,18684.6
2018-04-01,2018,4,Chhattisgarh,IOC,FS100595,33051,1573.23,4.76,Broken Rice,2753.15,86527.65
2018-05-01,2018,5,Chhattisgarh,HPCL,FS100596,42051,1349.84,3.21,Broken Rice,2362.22,74241.2
2018-06-01,2018,6,Chhattisgarh,HPCL,FS100597,38254,3152.13,8.24,Broken Rice,5516.23,173367.15
2018-07-01,2018,7,Chhattisgarh,BPCL,FS100598,11471,814.44,7.1,Molasses,1425.27,44794.2
2018-08-01,2018,8,Chhattisgarh,IOC,FS100599,16329,262.9,1.61,Sugarcane,460.07,14459.5
2018-09-01,2018,9,Chhattisgarh,BPCL,FS100600,61072,2491.74,4.08,Broken Rice,4360.55,137045.7
2018-10-01,2018,10,Chhattisgarh,HPCL,FS100601,31284,1986.53,6.35,Sugarcane,3476.43,109259.15
2018-11-01,2018,11,Chhattisgarh,HPCL,FS100602,70812,3030.75,4.28,Maize,5303.81,166691.25
2018-12-01,2018,12,Chhattisgarh,IOC,FS100603,10096,598.69,5.93,Molasses,1047.71,32927.95
2019-01-01,2019,1,Chhattisgarh,IOC,FS100604,34201,2021.28,5.91,Maize,3537.24,111170.4
2019-02-01,2019,2,Chhattisgarh,BPCL,FS100605,64614,4038.38,6.25,Broken Rice,7067.16,222110.9
2019-03-01,2019,3,Chhattisgarh,BPCL,FS100606,50821,4502.74,8.86,Broken Rice,7879.8,247650.7
2019-04-01,2019,4,Chhattisgarh,IOC,FS100607,25069,1178.24,4.7,Maize,2061.92,64803.2
2019-05-01,2019,5,Chhattisgarh,IOC,FS100608,31252,1715.73,5.49,Broken Rice,3002.53,94365.15
2019-06-01,2019,6,Chhattisgarh,BPCL,FS100609,45481,3270.08,7.19,Molasses,5722.64,179854.4
2019-07-01,2019,7,Chhattisgarh,BPCL,FS100610,27675,1073.79,3.88,Maize,1879.13,59058.45
2019-08-01,2019,8,Chhattisgarh,BPCL,FS100611,58057,2310.67,3.98,Molasses,4043.67,127086.85
2019-09-01,2019,9,Chhattisgarh,BPCL,FS100612,49800,4247.94,8.53,Broken Rice,7433.89,233636.7
2019-10-01,2019,10,Chhattisgarh,IOC,FS100613,67063,3400.09,5.07,Molasses,5950.16,187004.95
2019-11-01,2019,11,Chhattisgarh,HPCL,FS100614,23892,1830.13,7.66,Molasses,3202.73,100657.15
2019-12-01,2019,12,Chhattisgarh,BPCL,FS100615,38682,3709.6,9.59,Sugarcane,6491.8,204028.0
2020-01-01,2020,1,Chhattisgarh,HPCL,FS100616,73428,4787.51,6.52,Maize,8378.14,263313.05
2020-02-01,2020,2,Chhattisgarh,BPCL,FS100617,10539,651.31,6.18,Maize,1139.79,35822.05
2020-03-01,2020,3,Chhattisgarh,BPCL,FS100618,36228,2485.24,6.86,Sugarcane,4349.17,136688.2
2020-04-01,2020,4,Chhattisgarh,HPCL,FS100619,42521,2547.01,5.99,Broken Rice,4457.27,140085.55
2020-05-01,2020,5,Chhattisgarh,IOC,FS100620,70292,2340.72,3.33,Molasses,4096.26,128739.6
2020-06-01,2020,6,Chhattisgarh,IOC,FS100621,14304,536.4,3.75,Sugarcane,938.7,29502.0
2020-07-01,2020,7,Chhattisgarh,BPCL,FS100622,41365,1844.88,4.46,Sugarcane,3228.54,101468.4
2020-08-01,2020,8,Chhattisgarh,HPCL,FS100623,70032,3011.38,4.3,Sugarcane,5269.91,165625.9
2020-09-01,2020,9,Chhattisgarh,IOC,FS100624,54760,3778.44,6.9,Sugarcane,6612.27,207814.2
2020-10-01,2020,10,Chhattisgarh,HPCL,FS100625,53232,3971.11,7.46,Maize,6949.44,218411.05
2020-11-01,2020,11,Chhattisgarh,IOC,FS100626,77184,4499.83,5.83,Maize,7874.7,247490.65
2020-12-01,2020,12,Chhattisgarh,BPCL,FS100627,22357,952.41,4.26,Sugarcane,1666.72,52382.55
2021-01-01,2021,1,Chhattisgarh,IOC,FS100628,65326,8316.0,12.73,Maize,14553.0,457380.0
2021-02-01,2021,2,Chhattisgarh,BPCL,FS100629,78202,5755.67,7.36,Molasses,10072.42,316561.85
2021-03-01,2021,3,Chhattisgarh,BPCL,FS100630,20819,1305.35,6.27,Broken Rice,2284.36,71794.25
2021-04-01,2021,4,Chhattisgarh,BPCL,FS100631,17283,1007.6,5.83,Broken Rice,1763.3,55418.0
2021-05-01,2021,5,Chhattisgarh,BPCL,FS100632,26133,1045.32,4.0,Molasses,1829.31,57492.6
2021-06-01,2021,6,Chhattisgarh,BPCL,FS100633,64700,5415.39,8.37,Broken Rice,9476.93,297846.45
2021-07-01,2021,7,Chhattisgarh,IOC,FS100634,31648,3354.69,10.6,Molasses,5870.71,184507.95
2021-08-01,2021,8,Chhattisgarh,BPCL,FS100635,26658,2100.65,7.88,Molasses,3676.14,115535.75
2021-09-01,2021,9,Chhattisgarh,BPCL,FS100636,40658,4488.64,11.04,Broken Rice,7855.12,246875.2
2021-10-01,2021,10,Chhattisgarh,IOC,FS100637,10551,1005.51,9.53,Broken Rice,1759.64,55303.05
2021-11-01,2021,11,Chhattisgarh,BPCL,FS100638,65828,7050.18,10.71,Molasses,12337.82,387759.9
2021-12-01,2021,12,Chhattisgarh,IOC,FS100639,14710,913.49,6.21,Molasses,1598.61,50241.95
2022-01-01,2022,1,Chhattisgarh,IOC,FS100640,45711,228.56,0.5,Broken Rice,399.98,12570.8
2022-02-01,2022,2,Chhattisgarh,HPCL,FS100641,73794,10331.16,14.0,Sugarcane,18079.53,568213.8
2022-03-01,2022,3,Chhattisgarh,HPCL,FS100642,73031,7522.19,10.3,Maize,13163.83,413720.45
2022-04-01,2022,4,Chhattisgarh,IOC,FS100643,25071,1408.99,5.62,Molasses,2465.73,77494.45
2022-05-01,2022,5,Chhattisgarh,HPCL,FS100644,13906,2441.89,17.56,Sugarcane,4273.31,134303.95
2022-06-01,2022,6,Chhattisgarh,IOC,FS100645,71370,4560.54,6.39,Molasses,7980.94,250829.7
2022-07-01,2022,7,Chhattisgarh,BPCL,FS100646,50870,5046.3,9.92,Broken Rice,8831.02,277546.5
2022-08-01,2022,8,Chhattisgarh,IOC,FS100647,64481,7615.21,11.81,Sugarcane,13326.62,418836.55
2022-09-01,2022,9,Chhattisgarh,BPCL,FS100648,24154,1439.58,5.96,Maize,2519.26,79176.9
2022-10-01,2022,10,Chhattisgarh,IOC,FS100649,63426,5892.28,9.29,Sugarcane,10311.49,324075.4
2022-11-01,2022,11,Chhattisgarh,IOC,FS100650,40994,5029.96,12.27,Molasses,8802.43,276647.8
2022-12-01,2022,12,Chhattisgarh,IOC,FS100651,57416,6522.46,11.36,Molasses,11414.31,358735.3
2023-01-01,2023,1,Chhattisgarh,BPCL,FS100652,38090,5237.38,13.75,Maize,9165.42,288055.9
2023-02-01,2023,2,Chhattisgarh,BPCL,FS100653,34475,3661.24,10.62,Broken Rice,6407.17,201368.2
2023-03-01,2023,3,Chhattisgarh,IOC,FS100654,8587,1349.88,15.72,Sugarcane,2362.29,74243.4
2023-04-01,2023,4,Chhattisgarh,BPCL,FS100655,77615,7777.02,10.02,Maize,13609.78,427736.1
2023-05-01,2023,5,Chhattisgarh,IOC,FS100656,53096,5325.53,10.03,Molasses,9319.68,292904.15
2023-06-01,2023,6,Chhattisgarh,HPCL,FS100657,37009,3959.96,10.7,Broken Rice,6929.93,217797.8
2023-07-01,2023,7,Chhattisgarh,BPCL,FS100658,14416,2570.37,17.83,Broken Rice,4498.15,141370.35
2023-08-01,2023,8,Chhattisgarh,IOC,FS100659,26058,4992.71,19.16,Molasses,8737.24,274599.05
2023-09-01,2023,9,Chhattisgarh,BPCL,FS100660,45346,4697.85,10.36,Broken Rice,8221.24,258381.75
2023-10-01,2023,10,Chhattisgarh,HPCL,FS100661,46547,6423.49,13.8,Broken Rice,11241.11,353291.95
2023-11-01,2023,11,Chhattisgarh,IOC,FS100662,71278,11618.31,16.3,Molasses,20332.04,639007.05
2023-12-01,2023,12,Chhattisgarh,BPCL,FS100663,79906,8669.8,10.85,Broken Rice,15172.15,476839.0
2024-01-01,2024,1,Chhattisgarh,IOC,FS100664,63267,13602.41,21.5,Sugarcane,23804.22,748132.55
2024-02-01,2024,2,Chhattisgarh,IOC,FS100665,58939,7632.6,12.95,Broken Rice,13357.05,419793.0
2024-03-01,2024,3,Chhattisgarh,IOC,FS100666,30746,5555.8,18.07,Broken Rice,9722.65,305569.0
2024-04-01,2024,4,Chhattisgarh,HPCL,FS100667,23223,3360.37,14.47,Broken Rice,5880.65,184820.35
2024-05-01,2024,5,Chhattisgarh,BPCL,FS100668,23037,2911.88,12.64,Maize,5095.79,160153.4
2024-06-01,2024,6,Chhattisgarh,HPCL,FS100669,79678,6764.66,8.49,Broken Rice,11838.15,372056.3
2024-07-01,2024,7,Chhattisgarh,BPCL,FS100670,31383,4029.58,12.84,Broken Rice,7051.76,221626.9
2024-08-01,2024,8,Chhattisgarh,BPCL,FS100671,42518,6505.25,15.3,Maize,11384.19,357788.75
2024-09-01,2024,9,Chhattisgarh,BPCL,FS100672,67675,12716.13,18.79,Molasses,22253.23,699387.15
2024-10-01,2024,10,Chhattisgarh,IOC,FS100673,36365,7523.92,20.69,Broken Rice,13166.86,413815.6
2024-11-01,2024,11,Chhattisgarh,HPCL,FS100674,60142,12455.41,20.71,Sugarcane,21796.97,685047.55
2024-12-01,2024,12,Chhattisgarh,BPCL,FS100675,58085,7487.16,12.89,Molasses,13102.53,411793.8
2025-01-01,2025,1,Chhattisgarh,IOC,FS100676,57416,10558.8,18.39,Sugarcane,18477.9,580734.0
2025-02-01,2025,2,Chhattisgarh,IOC,FS100677,72307,12820.03,17.73,Molasses,22435.05,705101.65
2025-03-01,2025,3,Chhattisgarh,IOC,FS100678,79363,6674.43,8.41,Maize,11680.25,367093.65
2025-04-01,2025,4,Chhattisgarh,HPCL,FS100679,58139,12499.89,21.5,Molasses,21874.81,687493.95
2025-05-01,2025,5,Chhattisgarh,BPCL,FS100680,71095,7927.09,11.15,Sugarcane,13872.41,435989.95
2025-06-01,2025,6,Chhattisgarh,HPCL,FS100681,31567,3358.73,10.64,Broken Rice,5877.78,184730.15
2025-07-01,2025,7,Chhattisgarh,IOC,FS100682,58500,11506.95,19.67,Maize,20137.16,632882.25
2025-08-01,2025,8,Chhattisgarh,IOC,FS100683,15851,3407.97,21.5,Broken Rice,5963.95,187438.35
2025-09-01,2025,9,Chhattisgarh,IOC,FS100684,57879,12443.99,21.5,Sugarcane,21776.98,684419.45
2025-10-01,2025,10,Chhattisgarh,IOC,FS100685,40174,8637.41,21.5,Molasses,15115.47,475057.55
2025-11-01,2025,11,Chhattisgarh,BPCL,FS100686,34649,4043.54,11.67,Molasses,7076.19,222394.7
2025-12-01,2025,12,Chhattisgarh,IOC,FS100687,22567,4165.87,18.46,Maize,7290.27,229122.85
2026-01-01,2026,1,Chhattisgarh,IOC,FS100688,36803,7912.64,21.5,Broken Rice,13847.12,435195.2
2026-02-01,2026,2,Chhattisgarh,HPCL,FS100689,51355,9295.26,18.1,Broken Rice,16266.7,511239.3
2026-03-01,2026,3,Chhattisgarh,BPCL,FS100690,8193,1761.49,21.5,Molasses,3082.61,96881.95
2026-04-01,2026,4,Chhattisgarh,BPCL,FS100691,19190,3601.96,18.77,Broken Rice,6303.43,198107.8
2026-05-01,2026,5,Chhattisgarh,IOC,FS100692,10261,1603.79,15.63,Sugarcane,2806.63,88208.45
2026-06-01,2026,6,Chhattisgarh,IOC,FS100693,34512,3161.3,9.16,Maize,5532.28,173871.5
2026-07-01,2026,7,Chhattisgarh,IOC,FS100694,37033,7962.1,21.5,Molasses,13933.68,437915.5
2015-01-01,2015,1,Goa,IOC,FS100695,50604,1082.93,2.14,Sugarcane,1895.13,59561.15
2015-02-01,2015,2,Goa,IOC,FS100696,64044,1485.82,2.32,Broken Rice,2600.18,81720.1
2015-03-01,2015,3,Goa,IOC,FS100697,62245,703.37,1.13,Sugarcane,1230.9,38685.35
2015-04-01,2015,4,Goa,IOC,FS100698,24724,410.42,1.66,Maize,718.24,22573.1
2015-05-01,2015,5,Goa,IOC,FS100699,25087,637.21,2.54,Sugarcane,1115.12,35046.55
2015-06-01,2015,6,Goa,BPCL,FS100700,58952,1332.32,2.26,Maize,2331.56,73277.6
2015-07-01,2015,7,Goa,IOC,FS100701,12648,236.52,1.87,Sugarcane,413.91,13008.6
2015-08-01,2015,8,Goa,IOC,FS100702,57334,1565.22,2.73,Molasses,2739.14,86087.1
2015-09-01,2015,9,Goa,IOC,FS100703,78028,1607.38,2.06,Broken Rice,2812.91,88405.9
2015-10-01,2015,10,Goa,HPCL,FS100704,69035,1035.52,1.5,Maize,1812.16,56953.6
2015-11-01,2015,11,Goa,HPCL,FS100705,68348,642.47,0.94,Molasses,1124.32,35335.85
2015-12-01,2015,12,Goa,IOC,FS100706,72089,641.59,0.89,Sugarcane,1122.78,35287.45
2016-01-01,2016,1,Goa,HPCL,FS100707,11321,490.2,4.33,Molasses,857.85,26961.0
2016-02-01,2016,2,Goa,IOC,FS100708,11760,498.62,4.24,Molasses,872.59,27424.1
2016-03-01,2016,3,Goa,HPCL,FS100709,31377,1229.98,3.92,Molasses,2152.47,67648.9
2016-04-01,2016,4,Goa,BPCL,FS100710,32995,1497.97,4.54,Maize,2621.45,82388.35
2016-05-01,2016,5,Goa,BPCL,FS100711,42542,1693.17,3.98,Sugarcane,2963.05,93124.35
2016-06-01,2016,6,Goa,IOC,FS100712,22376,306.55,1.37,Sugarcane,536.46,16860.25
2016-07-01,2016,7,Goa,HPCL,FS100713,44636,1008.77,2.26,Maize,1765.35,55482.35
2016-08-01,2016,8,Goa,IOC,FS100714,78194,3643.84,4.66,Maize,6376.72,200411.2
2016-09-01,2016,9,Goa,BPCL,FS100715,54619,710.05,1.3,Sugarcane,1242.59,39052.75
2016-10-01,2016,10,Goa,HPCL,FS100716,38373,1857.25,4.84,Molasses,3250.19,102148.75
2016-11-01,2016,11,Goa,HPCL,FS100717,79975,3342.95,4.18,Molasses,5850.16,183862.25
2016-12-01,2016,12,Goa,BPCL,FS100718,10282,377.35,3.67,Sugarcane,660.36,20754.25
2017-01-01,2017,1,Goa,IOC,FS100719,75534,5279.83,6.99,Broken Rice,9239.7,290390.65
2017-02-01,2017,2,Goa,BPCL,FS100720,58583,2595.23,4.43,Sugarcane,4541.65,142737.65
2017-03-01,2017,3,Goa,IOC,FS100721,18516,498.08,2.69,Maize,871.64,27394.4
2017-04-01,2017,4,Goa,BPCL,FS100722,44788,3094.85,6.91,Broken Rice,5415.99,170216.75
2017-05-01,2017,5,Goa,BPCL,FS100723,70493,2185.28,3.1,Maize,3824.24,120190.4
2017-06-01,2017,6,Goa,BPCL,FS100724,47758,2206.42,4.62,Molasses,3861.24,121353.1
2017-07-01,2017,7,Goa,IOC,FS100725,23434,1073.28,4.58,Broken Rice,1878.24,59030.4
2017-08-01,2017,8,Goa,BPCL,FS100726,53734,3508.83,6.53,Broken Rice,6140.45,192985.65
2017-09-01,2017,9,Goa,BPCL,FS100727,48603,2600.26,5.35,Molasses,4550.45,143014.3
2017-10-01,2017,10,Goa,IOC,FS100728,48379,1344.94,2.78,Broken Rice,2353.64,73971.7
2017-11-01,2017,11,Goa,BPCL,FS100729,52014,1856.9,3.57,Molasses,3249.58,102129.5
2017-12-01,2017,12,Goa,HPCL,FS100730,16767,290.07,1.73,Broken Rice,507.62,15953.85
2018-01-01,2018,1,Goa,IOC,FS100731,8929,320.55,3.59,Molasses,560.96,17630.25
2018-02-01,2018,2,Goa,BPCL,FS100732,78188,3948.49,5.05,Sugarcane,6909.86,217166.95
2018-03-01,2018,3,Goa,BPCL,FS100733,15597,893.71,5.73,Broken Rice,1563.99,49154.05
2018-04-01,2018,4,Goa,BPCL,FS100734,34417,1060.04,3.08,Broken Rice,1855.07,58302.2
2018-05-01,2018,5,Goa,BPCL,FS100735,61161,2672.74,4.37,Broken Rice,4677.3,147000.7
2018-06-01,2018,6,Goa,IOC,FS100736,38403,2388.67,6.22,Maize,4180.17,131376.85
2018-07-01,2018,7,Goa,BPCL,FS100737,14344,634.0,4.42,Molasses,1109.5,34870.0
2018-08-01,2018,8,Goa,IOC,FS100738,50261,1161.03,2.31,Sugarcane,2031.8,63856.65
2018-09-01,2018,9,Goa,IOC,FS100739,23848,572.35,2.4,Sugarcane,1001.61,31479.25
2018-10-01,2018,10,Goa,IOC,FS100740,13498,1046.1,7.75,Sugarcane,1830.67,57535.5
2018-11-01,2018,11,Goa,HPCL,FS100741,72386,3937.8,5.44,Broken Rice,6891.15,216579.0
2018-12-01,2018,12,Goa,BPCL,FS100742,8340,301.91,3.62,Maize,528.34,16605.05
2019-01-01,2019,1,Goa,BPCL,FS100743,70443,3085.4,4.38,Broken Rice,5399.45,169697.0
2019-02-01,2019,2,Goa,IOC,FS100744,38654,2292.18,5.93,Molasses,4011.31,126069.9
2019-03-01,2019,3,Goa,IOC,FS100745,45772,3693.8,8.07,Broken Rice,6464.15,203159.0
2019-04-01,2019,4,Goa,HPCL,FS100746,63568,406.84,0.64,Maize,711.97,22376.2
2019-05-01,2019,5,Goa,HPCL,FS100747,65169,3284.52,5.04,Molasses,5747.91,180648.6
2019-06-01,2019,6,Goa,BPCL,FS100748,66342,3469.69,5.23,Sugarcane,6071.96,190832.95
2019-07-01,2019,7,Goa,IOC,FS100749,9307,783.65,8.42,Molasses,1371.39,43100.75
2019-08-01,2019,8,Goa,IOC,FS100750,46975,3114.44,6.63,Sugarcane,5450.27,171294.2
2019-09-01,2019,9,Goa,HPCL,FS100751,32842,2013.21,6.13,Sugarcane,3523.12,110726.55
2019-10-01,2019,10,Goa,BPCL,FS100752,52789,2391.34,4.53,Sugarcane,4184.85,131523.7
2019-11-01,2019,11,Goa,HPCL,FS100753,24859,1367.25,5.5,Broken Rice,2392.69,75198.75
2019-12-01,2019,12,Goa,IOC,FS100754,37689,1842.99,4.89,Sugarcane,3225.23,101364.45
2020-01-01,2020,1,Goa,BPCL,FS100755,74418,7538.54,10.13,Sugarcane,13192.44,414619.7
2020-02-01,2020,2,Goa,HPCL,FS100756,66954,3997.15,5.97,Maize,6995.01,219843.25
2020-03-01,2020,3,Goa,IOC,FS100757,10454,712.96,6.82,Maize,1247.68,39212.8
2020-04-01,2020,4,Goa,HPCL,FS100758,44593,677.81,1.52,Broken Rice,1186.17,37279.55
2020-05-01,2020,5,Goa,IOC,FS100759,63220,7959.4,12.59,Broken Rice,13928.95,437767.0
2020-06-01,2020,6,Goa,BPCL,FS100760,14142,1203.48,8.51,Broken Rice,2106.09,66191.4
2020-07-01,2020,7,Goa,HPCL,FS100761,49862,2637.7,5.29,Molasses,4615.97,145073.5
2020-08-01,2020,8,Goa,IOC,FS100762,16016,895.29,5.59,Broken Rice,1566.76,49240.95
2020-09-01,2020,9,Goa,IOC,FS100763,23072,1310.49,5.68,Sugarcane,2293.36,72076.95
2020-10-01,2020,10,Goa,HPCL,FS100764,33518,1917.23,5.72,Broken Rice,3355.15,105447.65
2020-11-01,2020,11,Goa,BPCL,FS100765,59919,4859.43,8.11,Sugarcane,8504.0,267268.65
2020-12-01,2020,12,Goa,BPCL,FS100766,34943,2155.98,6.17,Molasses,3772.97,118578.9
2021-01-01,2021,1,Goa,BPCL,FS100767,59151,6601.25,11.16,Sugarcane,11552.19,363068.75
2021-02-01,2021,2,Goa,BPCL,FS100768,64622,3592.98,5.56,Sugarcane,6287.72,197613.9
2021-03-01,2021,3,Goa,HPCL,FS100769,18503,1139.78,6.16,Broken Rice,1994.62,62687.9
2021-04-01,2021,4,Goa,BPCL,FS100770,17764,1376.71,7.75,Sugarcane,2409.24,75719.05
2021-05-01,2021,5,Goa,IOC,FS100771,50727,3596.54,7.09,Broken Rice,6293.94,197809.7
2021-06-01,2021,6,Goa,IOC,FS100772,28131,3226.63,11.47,Molasses,5646.6,177464.65
2021-07-01,2021,7,Goa,HPCL,FS100773,23038,2329.14,10.11,Maize,4075.99,128102.7
2021-08-01,2021,8,Goa,HPCL,FS100774,16605,893.35,5.38,Sugarcane,1563.36,49134.25
2021-09-01,2021,9,Goa,HPCL,FS100775,74634,8105.25,10.86,Maize,14184.19,445788.75
2021-10-01,2021,10,Goa,HPCL,FS100776,18207,1529.39,8.4,Molasses,2676.43,84116.45
2021-11-01,2021,11,Goa,BPCL,FS100777,36220,2796.18,7.72,Sugarcane,4893.31,153789.9
2021-12-01,2021,12,Goa,HPCL,FS100778,79312,7304.64,9.21,Broken Rice,12783.12,401755.2
2022-01-01,2022,1,Goa,HPCL,FS100779,64699,8430.28,13.03,Maize,14752.99,463665.4
2022-02-01,2022,2,Goa,BPCL,FS100780,71671,8457.18,11.8,Molasses,14800.07,465144.9
2022-03-01,2022,3,Goa,HPCL,FS100781,76487,5736.52,7.5,Broken Rice,10038.91,315508.6
2022-04-01,2022,4,Goa,HPCL,FS100782,31782,2707.83,8.52,Maize,4738.7,148930.65
2022-05-01,2022,5,Goa,IOC,FS100783,75904,5852.2,7.71,Broken Rice,10241.35,321871.0
2022-06-01,2022,6,Goa,IOC,FS100784,38750,3390.62,8.75,Sugarcane,5933.59,186484.1
2022-07-01,2022,7,Goa,IOC,FS100785,15190,798.99,5.26,Broken Rice,1398.23,43944.45
2022-08-01,2022,8,Goa,BPCL,FS100786,33235,5526.98,16.63,Maize,9672.22,303983.9
2022-09-01,2022,9,Goa,BPCL,FS100787,39921,5836.45,14.62,Maize,10213.79,321004.75
2022-10-01,2022,10,Goa,BPCL,FS100788,64378,4075.13,6.33,Molasses,7131.48,224132.15
2022-11-01,2022,11,Goa,HPCL,FS100789,79121,5198.25,6.57,Molasses,9096.94,285903.75
2022-12-01,2022,12,Goa,HPCL,FS100790,53409,4123.17,7.72,Broken Rice,7215.55,226774.35
2023-01-01,2023,1,Goa,HPCL,FS100791,15016,1608.21,10.71,Broken Rice,2814.37,88451.55
2023-02-01,2023,2,Goa,IOC,FS100792,52757,8224.82,15.59,Broken Rice,14393.43,452365.1
2023-03-01,2023,3,Goa,BPCL,FS100793,35990,5963.54,16.57,Sugarcane,10436.19,327994.7
2023-04-01,2023,4,Goa,BPCL,FS100794,27008,2360.5,8.74,Molasses,4130.88,129827.5
2023-05-01,2023,5,Goa,HPCL,FS100795,61384,10693.09,17.42,Broken Rice,18712.91,588119.95
2023-06-01,2023,6,Goa,HPCL,FS100796,51148,8690.05,16.99,Maize,15207.59,477952.75
2023-07-01,2023,7,Goa,HPCL,FS100797,56695,5442.72,9.6,Sugarcane,9524.76,299349.6
2023-08-01,2023,8,Goa,HPCL,FS100798,52760,8299.15,15.73,Sugarcane,14523.51,456453.25
2023-09-01,2023,9,Goa,HPCL,FS100799,79854,10373.03,12.99,Maize,18152.8,570516.65
2023-10-01,2023,10,Goa,HPCL,FS100800,66272,11080.68,16.72,Sugarcane,19391.19,609437.4
2023-11-01,2023,11,Goa,HPCL,FS100801,62040,11111.36,17.91,Sugarcane,19444.88,611124.8
2023-12-01,2023,12,Goa,BPCL,FS100802,71115,9522.3,13.39,Sugarcane,16664.02,523726.5
2024-01-01,2024,1,Goa,IOC,FS100803,53968,7679.65,14.23,Maize,13439.39,422380.75
2024-02-01,2024,2,Goa,IOC,FS100804,74914,11836.41,15.8,Maize,20713.72,651002.55
2024-03-01,2024,3,Goa,HPCL,FS100805,13355,2553.48,19.12,Molasses,4468.59,140441.4
2024-04-01,2024,4,Goa,IOC,FS100806,35364,5028.76,14.22,Molasses,8800.33,276581.8
2024-05-01,2024,5,Goa,IOC,FS100807,34654,6102.57,17.61,Molasses,10679.5,335641.35
2024-06-01,2024,6,Goa,BPCL,FS100808,42773,8965.22,20.96,Molasses,15689.13,493087.1
2024-07-01,2024,7,Goa,IOC,FS100809,65505,9170.7,14.0,Molasses,16048.73,504388.5
2024-08-01,2024,8,Goa,IOC,FS100810,70261,11635.22,16.56,Molasses,20361.63,639937.1
2024-09-01,2024,9,Goa,BPCL,FS100811,68948,9597.56,13.92,Sugarcane,16795.73,527865.8
2024-10-01,2024,10,Goa,HPCL,FS100812,18293,3903.73,21.34,Broken Rice,6831.53,214705.15
2024-11-01,2024,11,Goa,BPCL,FS100813,70507,13156.61,18.66,Sugarcane,23024.07,723613.55
2024-12-01,2024,12,Goa,HPCL,FS100814,26199,2570.12,9.81,Sugarcane,4497.71,141356.6
2025-01-01,2025,1,Goa,BPCL,FS100815,16016,3443.44,21.5,Maize,6026.02,189389.2
2025-02-01,2025,2,Goa,BPCL,FS100816,62131,13358.16,21.5,Maize,23376.78,734698.8
2025-03-01,2025,3,Goa,IOC,FS100817,9401,1631.07,17.35,Broken Rice,2854.37,89708.85
2025-04-01,2025,4,Goa,BPCL,FS100818,51791,9006.45,17.39,Maize,15761.29,495354.75
2025-05-01,2025,5,Goa,HPCL,FS100819,10745,2310.18,21.5,Sugarcane,4042.81,127059.9
2025-06-01,2025,6,Goa,HPCL,FS100820,28447,5006.67,17.6,Maize,8761.67,275366.85
2025-07-01,2025,7,Goa,IOC,FS100821,48992,10038.46,20.49,Sugarcane,17567.31,552115.3
2025-08-01,2025,8,Goa,HPCL,FS100822,14155,3043.32,21.5,Maize,5325.81,167382.6
2025-09-01,2025,9,Goa,HPCL,FS100823,28963,3174.34,10.96,Sugarcane,5555.1,174588.7
2025-10-01,2025,10,Goa,IOC,FS100824,12426,2671.59,21.5,Broken Rice,4675.28,146937.45
2025-11-01,2025,11,Goa,IOC,FS100825,55832,12003.88,21.5,Broken Rice,21006.79,660213.4
2025-12-01,2025,12,Goa,IOC,FS100826,39131,8334.9,21.3,Maize,14586.07,458419.5
2026-01-01,2026,1,Goa,IOC,FS100827,57067,12012.6,21.05,Broken Rice,21022.05,660693.0
2026-02-01,2026,2,Goa,BPCL,FS100828,63835,13724.52,21.5,Molasses,24017.91,754848.6
2026-03-01,2026,3,Goa,BPCL,FS100829,46458,9458.85,20.36,Sugarcane,16552.99,520236.75
2026-04-01,2026,4,Goa,BPCL,FS100830,54473,11711.69,21.5,Molasses,20495.46,644142.95
2026-05-01,2026,5,Goa,HPCL,FS100831,63751,13706.47,21.5,Sugarcane,23986.32,753855.85
2026-06-01,2026,6,Goa,HPCL,FS100832,41840,4941.3,11.81,Broken Rice,8647.27,271771.5
2026-07-01,2026,7,Goa,HPCL,FS100833,40983,8811.34,21.5,Molasses,15419.85,484623.7
2015-01-01,2015,1,Gujarat,BPCL,FS100834,44081,665.62,1.51,Molasses,1164.84,36609.1
2015-02-01,2015,2,Gujarat,BPCL,FS100835,24241,494.52,2.04,Sugarcane,865.41,27198.6
2015-03-01,2015,3,Gujarat,IOC,FS100836,35045,497.64,1.42,Molasses,870.87,27370.2
2015-04-01,2015,4,Gujarat,HPCL,FS100837,55118,1907.08,3.46,Maize,3337.39,104889.4
2015-05-01,2015,5,Gujarat,IOC,FS100838,72805,1186.72,1.63,Maize,2076.76,65269.6
2015-06-01,2015,6,Gujarat,BPCL,FS100839,47121,1017.81,2.16,Maize,1781.17,55979.55
2015-07-01,2015,7,Gujarat,BPCL,FS100840,45853,862.04,1.88,Maize,1508.57,47412.2
2015-08-01,2015,8,Gujarat,BPCL,FS100841,51527,556.49,1.08,Sugarcane,973.86,30606.95
2015-09-01,2015,9,Gujarat,IOC,FS100842,55153,777.66,1.41,Broken Rice,1360.9,42771.3
2015-10-01,2015,10,Gujarat,HPCL,FS100843,21979,501.12,2.28,Broken Rice,876.96,27561.6
2015-11-01,2015,11,Gujarat,BPCL,FS100844,49316,1001.11,2.03,Sugarcane,1751.94,55061.05
2015-12-01,2015,12,Gujarat,IOC,FS100845,46870,1045.2,2.23,Maize,1829.1,57486.0
2016-01-01,2016,1,Gujarat,HPCL,FS100846,66627,2325.28,3.49,Maize,4069.24,127890.4
2016-02-01,2016,2,Gujarat,HPCL,FS100847,11642,390.01,3.35,Sugarcane,682.52,21450.55
2016-03-01,2016,3,Gujarat,IOC,FS100848,76431,1780.84,2.33,Maize,3116.47,97946.2
2016-04-01,2016,4,Gujarat,BPCL,FS100849,78902,4047.67,5.13,Maize,7083.42,222621.85
2016-05-01,2016,5,Gujarat,IOC,FS100850,71069,3823.51,5.38,Maize,6691.14,210293.05
2016-06-01,2016,6,Gujarat,IOC,FS100851,29542,909.89,3.08,Broken Rice,1592.31,50043.95
2016-07-01,2016,7,Gujarat,IOC,FS100852,30601,1116.94,3.65,Broken Rice,1954.64,61431.7
2016-08-01,2016,8,Gujarat,IOC,FS100853,77119,3485.78,4.52,Molasses,6100.12,191717.9
2016-09-01,2016,9,Gujarat,BPCL,FS100854,71227,1324.82,1.86,Broken Rice,2318.43,72865.1
2016-10-01,2016,10,Gujarat,BPCL,FS100855,51463,2058.52,4.0,Broken Rice,3602.41,113218.6
2016-11-01,2016,11,Gujarat,HPCL,FS100856,74732,2092.5,2.8,Maize,3661.88,115087.5
2016-12-01,2016,12,Gujarat,BPCL,FS100857,31816,1024.48,3.22,Molasses,1792.84,56346.4
2017-01-01,2017,1,Gujarat,BPCL,FS100858,61574,5751.01,9.34,Molasses,10064.27,316305.55
2017-02-01,2017,2,Gujarat,IOC,FS100859,17171,352.01,2.05,Broken Rice,616.02,19360.55
2017-03-01,2017,3,Gujarat,IOC,FS100860,61521,898.21,1.46,Maize,1571.87,49401.55
2017-04-01,2017,4,Gujarat,IOC,FS100861,12956,735.9,5.68,Molasses,1287.83,40474.5
2017-05-01,2017,5,Gujarat,IOC,FS100862,71232,4174.2,5.86,Broken Rice,7304.85,229581.0
2017-06-01,2017,6,Gujarat,BPCL,FS100863,38099,1447.76,3.8,Maize,2533.58,79626.8
2017-07-01,2017,7,Gujarat,HPCL,FS100864,42681,2099.91,4.92,Maize,3674.84,115495.05
2017-08-01,2017,8,Gujarat,IOC,FS100865,72789,3763.19,5.17,Sugarcane,6585.58,206975.45
2017-09-01,2017,9,Gujarat,BPCL,FS100866,54002,1047.64,1.94,Molasses,1833.37,57620.2
2017-10-01,2017,10,Gujarat,IOC,FS100867,67979,4840.1,7.12,Broken Rice,8470.18,266205.5
2017-11-01,2017,11,Gujarat,BPCL,FS100868,50998,1468.74,2.88,Broken Rice,2570.3,80780.7
2017-12-01,2017,12,Gujarat,HPCL,FS100869,53607,1200.8,2.24,Maize,2101.4,66044.0
2018-01-01,2018,1,Gujarat,IOC,FS100870,16275,1002.54,6.16,Sugarcane,1754.44,55139.7
2018-02-01,2018,2,Gujarat,HPCL,FS100871,28700,1704.78,5.94,Maize,2983.36,93762.9
2018-03-01,2018,3,Gujarat,IOC,FS100872,68315,4474.63,6.55,Molasses,7830.6,246104.65
2018-04-01,2018,4,Gujarat,BPCL,FS100873,28954,1233.44,4.26,Sugarcane,2158.52,67839.2
2018-05-01,2018,5,Gujarat,BPCL,FS100874,53095,2553.87,4.81,Broken Rice,4469.27,140462.85
2018-06-01,2018,6,Gujarat,HPCL,FS100875,23523,1601.92,6.81,Sugarcane,2803.36,88105.6
2018-07-01,2018,7,Gujarat,BPCL,FS100876,69250,4286.57,6.19,Sugarcane,7501.5,235761.35
2018-08-01,2018,8,Gujarat,BPCL,FS100877,35056,2485.47,7.09,Sugarcane,4349.57,136700.85
2018-09-01,2018,9,Gujarat,HPCL,FS100878,24964,998.56,4.0,Sugarcane,1747.48,54920.8
2018-10-01,2018,10,Gujarat,HPCL,FS100879,45044,936.92,2.08,Maize,1639.61,51530.6
2018-11-01,2018,11,Gujarat,BPCL,FS100880,61459,2347.73,3.82,Sugarcane,4108.53,129125.15
2018-12-01,2018,12,Gujarat,HPCL,FS100881,46578,2356.85,5.06,Molasses,4124.49,129626.75
2019-01-01,2019,1,Gujarat,BPCL,FS100882,28466,1263.89,4.44,Broken Rice,2211.81,69513.95
2019-02-01,2019,2,Gujarat,HPCL,FS100883,68142,2528.07,3.71,Molasses,4424.12,139043.85
2019-03-01,2019,3,Gujarat,IOC,FS100884,68957,4661.49,6.76,Sugarcane,8157.61,256381.95
2019-04-01,2019,4,Gujarat,BPCL,FS100885,31064,2590.74,8.34,Sugarcane,4533.8,142490.7
2019-05-01,2019,5,Gujarat,HPCL,FS100886,15214,715.06,4.7,Broken Rice,1251.36,39328.3
2019-06-01,2019,6,Gujarat,BPCL,FS100887,35127,1183.78,3.37,Molasses,2071.61,65107.9
2019-07-01,2019,7,Gujarat,BPCL,FS100888,65615,2165.3,3.3,Sugarcane,3789.28,119091.5
2019-08-01,2019,8,Gujarat,HPCL,FS100889,18014,1059.22,5.88,Broken Rice,1853.63,58257.1
2019-09-01,2019,9,Gujarat,BPCL,FS100890,77087,1672.79,2.17,Maize,2927.38,92003.45
2019-10-01,2019,10,Gujarat,BPCL,FS100891,35128,2058.5,5.86,Maize,3602.38,113217.5
2019-11-01,2019,11,Gujarat,IOC,FS100892,19156,1126.37,5.88,Molasses,1971.15,61950.35
2019-12-01,2019,12,Gujarat,IOC,FS100893,10800,708.48,6.56,Maize,1239.84,38966.4
2020-01-01,2020,1,Gujarat,IOC,FS100894,18728,215.37,1.15,Broken Rice,376.9,11845.35
2020-02-01,2020,2,Gujarat,HPCL,FS100895,28583,1809.3,6.33,Molasses,3166.28,99511.5
2020-03-01,2020,3,Gujarat,HPCL,FS100896,27873,1427.1,5.12,Molasses,2497.42,78490.5
2020-04-01,2020,4,Gujarat,HPCL,FS100897,29644,2365.59,7.98,Sugarcane,4139.78,130107.45
2020-05-01,2020,5,Gujarat,BPCL,FS100898,44176,1775.88,4.02,Maize,3107.79,97673.4
2020-06-01,2020,6,Gujarat,HPCL,FS100899,33675,2340.41,6.95,Sugarcane,4095.72,128722.55
2020-07-01,2020,7,Gujarat,HPCL,FS100900,52814,3163.56,5.99,Sugarcane,5536.23,173995.8
2020-08-01,2020,8,Gujarat,BPCL,FS100901,78482,5807.67,7.4,Sugarcane,10163.42,319421.85
2020-09-01,2020,9,Gujarat,HPCL,FS100902,34400,2249.76,6.54,Molasses,3937.08,123736.8
2020-10-01,2020,10,Gujarat,BPCL,FS100903,45564,2424.0,5.32,Maize,4242.0,133320.0
2020-11-01,2020,11,Gujarat,HPCL,FS100904,78533,4798.37,6.11,Molasses,8397.15,263910.35
2020-12-01,2020,12,Gujarat,IOC,FS100905,18578,2255.37,12.14,Sugarcane,3946.9,124045.35
2021-01-01,2021,1,Gujarat,IOC,FS100906,75391,5722.18,7.59,Sugarcane,10013.82,314719.9
2021-02-01,2021,2,Gujarat,BPCL,FS100907,66002,1702.85,2.58,Broken Rice,2979.99,93656.75
2021-03-01,2021,3,Gujarat,HPCL,FS100908,72887,3593.33,4.93,Broken Rice,6288.33,197633.15
2021-04-01,2021,4,Gujarat,BPCL,FS100909,51526,2694.81,5.23,Broken Rice,4715.92,148214.55
2021-05-01,2021,5,Gujarat,BPCL,FS100910,61747,5050.9,8.18,Molasses,8839.07,277799.5
2021-06-01,2021,6,Gujarat,IOC,FS100911,27581,2314.05,8.39,Sugarcane,4049.59,127272.75
2021-07-01,2021,7,Gujarat,IOC,FS100912,27552,1945.17,7.06,Broken Rice,3404.05,106984.35
2021-08-01,2021,8,Gujarat,IOC,FS100913,31620,1413.41,4.47,Sugarcane,2473.47,77737.55
2021-09-01,2021,9,Gujarat,BPCL,FS100914,34049,2080.39,6.11,Molasses,3640.68,114421.45
2021-10-01,2021,10,Gujarat,BPCL,FS100915,15846,1701.86,10.74,Broken Rice,2978.25,93602.3
2021-11-01,2021,11,Gujarat,IOC,FS100916,53270,5374.94,10.09,Sugarcane,9406.14,295621.7
2021-12-01,2021,12,Gujarat,BPCL,FS100917,30931,3253.94,10.52,Broken Rice,5694.4,178966.7
2022-01-01,2022,1,Gujarat,IOC,FS100918,33991,2851.84,8.39,Molasses,4990.72,156851.2
2022-02-01,2022,2,Gujarat,BPCL,FS100919,63312,2684.43,4.24,Maize,4697.75,147643.65
2022-03-01,2022,3,Gujarat,BPCL,FS100920,70120,8126.91,11.59,Maize,14222.09,446980.05
2022-04-01,2022,4,Gujarat,IOC,FS100921,22256,2301.27,10.34,Maize,4027.22,126569.85
2022-05-01,2022,5,Gujarat,HPCL,FS100922,53833,2616.28,4.86,Sugarcane,4578.49,143895.4
2022-06-01,2022,6,Gujarat,BPCL,FS100923,49167,3874.36,7.88,Sugarcane,6780.13,213089.8
2022-07-01,2022,7,Gujarat,BPCL,FS100924,68710,11598.25,16.88,Molasses,20296.94,637903.75
2022-08-01,2022,8,Gujarat,HPCL,FS100925,75054,8968.95,11.95,Sugarcane,15695.66,493292.25
2022-09-01,2022,9,Gujarat,BPCL,FS100926,72619,5991.07,8.25,Molasses,10484.37,329508.85
2022-10-01,2022,10,Gujarat,HPCL,FS100927,34990,3229.58,9.23,Molasses,5651.76,177626.9
2022-11-01,2022,11,Gujarat,BPCL,FS100928,42510,6423.26,15.11,Maize,11240.7,353279.3
2022-12-01,2022,12,Gujarat,HPCL,FS100929,20360,2771.0,13.61,Maize,4849.25,152405.0
2023-01-01,2023,1,Gujarat,IOC,FS100930,44963,2522.42,5.61,Molasses,4414.24,138733.1
2023-02-01,2023,2,Gujarat,HPCL,FS100931,26689,4417.03,16.55,Molasses,7729.8,242936.65
2023-03-01,2023,3,Gujarat,IOC,FS100932,9813,1463.12,14.91,Molasses,2560.46,80471.6
2023-04-01,2023,4,Gujarat,BPCL,FS100933,63276,8852.31,13.99,Maize,15491.54,486877.05
2023-05-01,2023,5,Gujarat,IOC,FS100934,73618,11204.66,15.22,Sugarcane,19608.15,616256.3
2023-06-01,2023,6,Gujarat,IOC,FS100935,10093,1189.96,11.79,Maize,2082.43,65447.8
2023-07-01,2023,7,Gujarat,BPCL,FS100936,15674,1366.77,8.72,Molasses,2391.85,75172.35
2023-08-01,2023,8,Gujarat,IOC,FS100937,68686,8159.9,11.88,Broken Rice,14279.82,448794.5
2023-09-01,2023,9,Gujarat,IOC,FS100938,12017,2421.43,20.15,Broken Rice,4237.5,133178.65
2023-10-01,2023,10,Gujarat,IOC,FS100939,18278,3388.74,18.54,Molasses,5930.3,186380.7
2023-11-01,2023,11,Gujarat,IOC,FS100940,62318,8768.14,14.07,Sugarcane,15344.24,482247.7
2023-12-01,2023,12,Gujarat,HPCL,FS100941,29869,4474.38,14.98,Sugarcane,7830.16,246090.9
2024-01-01,2024,1,Gujarat,IOC,FS100942,58489,12575.14,21.5,Broken Rice,22006.49,691632.7
2024-02-01,2024,2,Gujarat,IOC,FS100943,75087,10617.3,14.14,Broken Rice,18580.27,583951.5
2024-03-01,2024,3,Gujarat,BPCL,FS100944,15610,2897.22,18.56,Maize,5070.13,159347.1
2024-04-01,2024,4,Gujarat,HPCL,FS100945,8869,1632.78,18.41,Sugarcane,2857.36,89802.9
2024-05-01,2024,5,Gujarat,IOC,FS100946,41458,6902.76,16.65,Broken Rice,12079.83,379651.8
2024-06-01,2024,6,Gujarat,BPCL,FS100947,31248,6718.32,21.5,Maize,11757.06,369507.6
2024-07-01,2024,7,Gujarat,IOC,FS100948,51803,11137.65,21.5,Sugarcane,19490.89,612570.75
2024-08-01,2024,8,Gujarat,IOC,FS100949,26257,5645.26,21.5,Maize,9879.2,310489.3
2024-09-01,2024,9,Gujarat,HPCL,FS100950,71610,15274.41,21.33,Sugarcane,26730.22,840092.55
2024-10-01,2024,10,Gujarat,BPCL,FS100951,57831,8379.71,14.49,Maize,14664.49,460884.05
2024-11-01,2024,11,Gujarat,BPCL,FS100952,32417,5809.13,17.92,Molasses,10165.98,319502.15
2024-12-01,2024,12,Gujarat,HPCL,FS100953,18751,2465.76,13.15,Maize,4315.08,135616.8
2025-01-01,2025,1,Gujarat,HPCL,FS100954,37493,5458.98,14.56,Maize,9553.22,300243.9
2025-02-01,2025,2,Gujarat,HPCL,FS100955,33398,6422.44,19.23,Sugarcane,11239.27,353234.2
2025-03-01,2025,3,Gujarat,HPCL,FS100956,75173,14290.39,19.01,Maize,25008.18,785971.45
2025-04-01,2025,4,Gujarat,BPCL,FS100957,13103,2380.82,18.17,Sugarcane,4166.44,130945.1
2025-05-01,2025,5,Gujarat,IOC,FS100958,55406,11912.29,21.5,Sugarcane,20846.51,655175.95
2025-06-01,2025,6,Gujarat,HPCL,FS100959,20356,4376.54,21.5,Broken Rice,7658.94,240709.7
2025-07-01,2025,7,Gujarat,IOC,FS100960,29225,5406.62,18.5,Molasses,9461.58,297364.1
2025-08-01,2025,8,Gujarat,HPCL,FS100961,65620,14108.3,21.5,Sugarcane,24689.52,775956.5
2025-09-01,2025,9,Gujarat,IOC,FS100962,56516,8980.39,15.89,Broken Rice,15715.68,493921.45
2025-10-01,2025,10,Gujarat,BPCL,FS100963,74736,16068.24,21.5,Maize,28119.42,883753.2
2025-11-01,2025,11,Gujarat,BPCL,FS100964,67500,11920.5,17.66,Maize,20860.88,655627.5
2025-12-01,2025,12,Gujarat,HPCL,FS100965,74197,10001.76,13.48,Broken Rice,17503.08,550096.8
2026-01-01,2026,1,Gujarat,IOC,FS100966,24322,5229.23,21.5,Maize,9151.15,287607.65
2026-02-01,2026,2,Gujarat,BPCL,FS100967,35518,7636.37,21.5,Sugarcane,13363.65,420000.35
2026-03-01,2026,3,Gujarat,BPCL,FS100968,31199,6707.78,21.5,Sugarcane,11738.61,368927.9
2026-04-01,2026,4,Gujarat,BPCL,FS100969,69934,9455.08,13.52,Molasses,16546.39,520029.4
2026-05-01,2026,5,Gujarat,HPCL,FS100970,52049,11190.53,21.5,Sugarcane,19583.43,615479.15
2026-06-01,2026,6,Gujarat,BPCL,FS100971,72925,15678.88,21.5,Maize,27438.04,862338.4
2026-07-01,2026,7,Gujarat,IOC,FS100972,51939,7806.43,15.03,Maize,13661.25,429353.65
2015-01-01,2015,1,Haryana,BPCL,FS100973,54313,608.31,1.12,Sugarcane,1064.54,33457.05
2015-02-01,2015,2,Haryana,HPCL,FS100974,57298,939.69,1.64,Maize,1644.46,51682.95
2015-03-01,2015,3,Haryana,BPCL,FS100975,11453,176.38,1.54,Broken Rice,308.66,9700.9
2015-04-01,2015,4,Haryana,HPCL,FS100976,44320,1351.76,3.05,Sugarcane,2365.58,74346.8
2015-05-01,2015,5,Haryana,HPCL,FS100977,16640,274.56,1.65,Broken Rice,480.48,15100.8
2015-06-01,2015,6,Haryana,IOC,FS100978,9920,235.1,2.37,Maize,411.43,12930.5
2015-07-01,2015,7,Haryana,BPCL,FS100979,20207,127.3,0.63,Sugarcane,222.78,7001.5
2015-08-01,2015,8,Haryana,HPCL,FS100980,45158,889.61,1.97,Sugarcane,1556.82,48928.55
2015-09-01,2015,9,Haryana,BPCL,FS100981,69510,2328.59,3.35,Sugarcane,4075.03,128072.45
2015-10-01,2015,10,Haryana,IOC,FS100982,38009,957.83,2.52,Sugarcane,1676.2,52680.65
2015-11-01,2015,11,Haryana,IOC,FS100983,8192,227.74,2.78,Broken Rice,398.55,12525.7
2015-12-01,2015,12,Haryana,IOC,FS100984,44468,1703.12,3.83,Maize,2980.46,93671.6
2016-01-01,2016,1,Haryana,HPCL,FS100985,55897,1129.12,2.02,Molasses,1975.96,62101.6
2016-02-01,2016,2,Haryana,IOC,FS100986,41272,1494.05,3.62,Maize,2614.59,82172.75
2016-03-01,2016,3,Haryana,BPCL,FS100987,35048,1868.06,5.33,Molasses,3269.11,102743.3
2016-04-01,2016,4,Haryana,HPCL,FS100988,8717,398.37,4.57,Molasses,697.15,21910.35
2016-05-01,2016,5,Haryana,IOC,FS100989,57810,1491.5,2.58,Broken Rice,2610.12,82032.5
2016-06-01,2016,6,Haryana,BPCL,FS100990,77300,2473.6,3.2,Sugarcane,4328.8,136048.0
2016-07-01,2016,7,Haryana,BPCL,FS100991,42872,1920.67,4.48,Maize,3361.17,105636.85
2016-08-01,2016,8,Haryana,BPCL,FS100992,10581,239.13,2.26,Broken Rice,418.48,13152.15
2016-09-01,2016,9,Haryana,BPCL,FS100993,63480,1599.7,2.52,Molasses,2799.47,87983.5
2016-10-01,2016,10,Haryana,HPCL,FS100994,44945,1671.95,3.72,Molasses,2925.91,91957.25
2016-11-01,2016,11,Haryana,BPCL,FS100995,59756,1995.85,3.34,Sugarcane,3492.74,109771.75
2016-12-01,2016,12,Haryana,BPCL,FS100996,30335,976.79,3.22,Broken Rice,1709.38,53723.45
2017-01-01,2017,1,Haryana,HPCL,FS100997,35197,1182.62,3.36,Broken Rice,2069.59,65044.1
2017-02-01,2017,2,Haryana,HPCL,FS100998,16026,884.64,5.52,Molasses,1548.12,48655.2
2017-03-01,2017,3,Haryana,BPCL,FS100999,41665,2529.07,6.07,Broken Rice,4425.87,139098.85
2017-04-01,2017,4,Haryana,BPCL,FS101000,25889,1009.67,3.9,Molasses,1766.92,55531.85
2017-05-01,2017,5,Haryana,IOC,FS101001,62319,2611.17,4.19,Molasses,4569.55,143614.35
2017-06-01,2017,6,Haryana,IOC,FS101002,42660,2077.54,4.87,Molasses,3635.69,114264.7
2017-07-01,2017,7,Haryana,IOC,FS101003,66847,4238.1,6.34,Maize,7416.68,233095.5
2017-08-01,2017,8,Haryana,BPCL,FS101004,49003,2352.14,4.8,Molasses,4116.24,129367.7
2017-09-01,2017,9,Haryana,IOC,FS101005,43931,1287.18,2.93,Broken Rice,2252.57,70794.9
2017-10-01,2017,10,Haryana,IOC,FS101006,25374,1177.35,4.64,Broken Rice,2060.36,64754.25
2017-11-01,2017,11,Haryana,HPCL,FS101007,53913,2630.95,4.88,Sugarcane,4604.16,144702.25
2017-12-01,2017,12,Haryana,BPCL,FS101008,67049,4385.0,6.54,Sugarcane,7673.75,241175.0
2018-01-01,2018,1,Haryana,IOC,FS101009,47178,2571.2,5.45,Sugarcane,4499.6,141416.0
2018-02-01,2018,2,Haryana,BPCL,FS101010,72551,2829.49,3.9,Molasses,4951.61,155621.95
2018-03-01,2018,3,Haryana,IOC,FS101011,18625,603.45,3.24,Broken Rice,1056.04,33189.75
2018-04-01,2018,4,Haryana,BPCL,FS101012,29839,1500.9,5.03,Maize,2626.58,82549.5
2018-05-01,2018,5,Haryana,IOC,FS101013,68593,4513.42,6.58,Maize,7898.49,248238.1
2018-06-01,2018,6,Haryana,HPCL,FS101014,24767,1483.54,5.99,Maize,2596.19,81594.7
2018-07-01,2018,7,Haryana,BPCL,FS101015,61442,3004.51,4.89,Maize,5257.89,165248.05
2018-08-01,2018,8,Haryana,BPCL,FS101016,55788,1400.28,2.51,Broken Rice,2450.49,77015.4
2018-09-01,2018,9,Haryana,IOC,FS101017,73133,5068.12,6.93,Maize,8869.21,278746.6
2018-10-01,2018,10,Haryana,IOC,FS101018,60198,1402.61,2.33,Broken Rice,2454.57,77143.55
2018-11-01,2018,11,Haryana,IOC,FS101019,51395,3124.82,6.08,Broken Rice,5468.44,171865.1
2018-12-01,2018,12,Haryana,HPCL,FS101020,23899,798.23,3.34,Broken Rice,1396.9,43902.65
2019-01-01,2019,1,Haryana,IOC,FS101021,74629,6276.3,8.41,Sugarcane,10983.52,345196.5
2019-02-01,2019,2,Haryana,IOC,FS101022,10103,759.75,7.52,Sugarcane,1329.56,41786.25
2019-03-01,2019,3,Haryana,BPCL,FS101023,52535,3309.7,6.3,Broken Rice,5791.97,182033.5
2019-04-01,2019,4,Haryana,HPCL,FS101024,75914,7075.18,9.32,Sugarcane,12381.57,389134.9
2019-05-01,2019,5,Haryana,IOC,FS101025,46437,1941.07,4.18,Maize,3396.87,106758.85
2019-06-01,2019,6,Haryana,HPCL,FS101026,58626,3974.84,6.78,Molasses,6955.97,218616.2
2019-07-01,2019,7,Haryana,IOC,FS101027,54754,4183.21,7.64,Broken Rice,7320.62,230076.55
2019-08-01,2019,8,Haryana,HPCL,FS101028,43618,1522.27,3.49,Broken Rice,2663.97,83724.85
2019-09-01,2019,9,Haryana,HPCL,FS101029,78130,2601.73,3.33,Broken Rice,4553.03,143095.15
2019-10-01,2019,10,Haryana,BPCL,FS101030,73206,2620.77,3.58,Broken Rice,4586.35,144142.35
2019-11-01,2019,11,Haryana,HPCL,FS101031,31993,2489.06,7.78,Molasses,4355.85,136898.3
2019-12-01,2019,12,Haryana,HPCL,FS101032,79196,5931.78,7.49,Broken Rice,10380.61,326247.9
2020-01-01,2020,1,Haryana,HPCL,FS101033,18922,1265.88,6.69,Broken Rice,2215.29,69623.4
2020-02-01,2020,2,Haryana,BPCL,FS101034,19094,1239.2,6.49,Maize,2168.6,68156.0
2020-03-01,2020,3,Haryana,HPCL,FS101035,76798,2879.92,3.75,Maize,5039.86,158395.6
2020-04-01,2020,4,Haryana,HPCL,FS101036,60691,5067.7,8.35,Sugarcane,8868.48,278723.5
2020-05-01,2020,5,Haryana,BPCL,FS101037,33613,2403.33,7.15,Sugarcane,4205.83,132183.15
2020-06-01,2020,6,Haryana,HPCL,FS101038,54646,5519.25,10.1,Molasses,9658.69,303558.75
2020-07-01,2020,7,Haryana,BPCL,FS101039,55574,2745.36,4.94,Maize,4804.38,150994.8
2020-08-01,2020,8,Haryana,HPCL,FS101040,8570,420.79,4.91,Sugarcane,736.38,23143.45
2020-09-01,2020,9,Haryana,HPCL,FS101041,37877,2393.83,6.32,Sugarcane,4189.2,131660.65
2020-10-01,2020,10,Haryana,BPCL,FS101042,47104,3226.62,6.85,Maize,5646.59,177464.1
2020-11-01,2020,11,Haryana,HPCL,FS101043,69845,2689.03,3.85,Molasses,4705.8,147896.65
2020-12-01,2020,12,Haryana,BPCL,FS101044,52435,4194.8,8.0,Maize,7340.9,230714.0
2021-01-01,2021,1,Haryana,BPCL,FS101045,20192,1906.12,9.44,Molasses,3335.71,104836.6
2021-02-01,2021,2,Haryana,HPCL,FS101046,74677,7841.09,10.5,Broken Rice,13721.91,431259.95
2021-03-01,2021,3,Haryana,BPCL,FS101047,76226,7256.72,9.52,Maize,12699.26,399119.6
2021-04-01,2021,4,Haryana,BPCL,FS101048,27173,2366.77,8.71,Maize,4141.85,130172.35
2021-05-01,2021,5,Haryana,BPCL,FS101049,31989,3470.81,10.85,Molasses,6073.92,190894.55
2021-06-01,2021,6,Haryana,BPCL,FS101050,22995,728.94,3.17,Broken Rice,1275.64,40091.7
2021-07-01,2021,7,Haryana,IOC,FS101051,13021,1466.16,11.26,Molasses,2565.78,80638.8
2021-08-01,2021,8,Haryana,IOC,FS101052,33517,1394.31,4.16,Molasses,2440.04,76687.05
2021-09-01,2021,9,Haryana,BPCL,FS101053,74798,7405.0,9.9,Broken Rice,12958.75,407275.0
2021-10-01,2021,10,Haryana,HPCL,FS101054,37768,3323.58,8.8,Sugarcane,5816.26,182796.9
2021-11-01,2021,11,Haryana,HPCL,FS101055,50788,4393.16,8.65,Broken Rice,7688.03,241623.8
2021-12-01,2021,12,Haryana,BPCL,FS101056,64583,5760.8,8.92,Sugarcane,10081.4,316844.0
2022-01-01,2022,1,Haryana,HPCL,FS101057,17076,1787.86,10.47,Broken Rice,3128.75,98332.3
2022-02-01,2022,2,Haryana,BPCL,FS101058,13750,1149.5,8.36,Maize,2011.62,63222.5
2022-03-01,2022,3,Haryana,IOC,FS101059,43903,4170.78,9.5,Sugarcane,7298.86,229392.9
2022-04-01,2022,4,Haryana,BPCL,FS101060,56225,6724.51,11.96,Maize,11767.89,369848.05
2022-05-01,2022,5,Haryana,BPCL,FS101061,43179,1558.76,3.61,Broken Rice,2727.83,85731.8
2022-06-01,2022,6,Haryana,BPCL,FS101062,10775,838.3,7.78,Maize,1467.02,46106.5
2022-07-01,2022,7,Haryana,BPCL,FS101063,53619,5394.07,10.06,Molasses,9439.62,296673.85
2022-08-01,2022,8,Haryana,HPCL,FS101064,34616,3942.76,11.39,Sugarcane,6899.83,216851.8
2022-09-01,2022,9,Haryana,HPCL,FS101065,33479,3438.29,10.27,Molasses,6017.01,189105.95
2022-10-01,2022,10,Haryana,IOC,FS101066,24351,1254.08,5.15,Maize,2194.64,68974.4
2022-11-01,2022,11,Haryana,IOC,FS101067,19349,1075.8,5.56,Maize,1882.65,59169.0
2022-12-01,2022,12,Haryana,HPCL,FS101068,23735,3168.62,13.35,Maize,5545.09,174274.1
2023-01-01,2023,1,Haryana,HPCL,FS101069,52673,5709.75,10.84,Maize,9992.06,314036.25
2023-02-01,2023,2,Haryana,HPCL,FS101070,31741,5148.39,16.22,Broken Rice,9009.68,283161.45
2023-03-01,2023,3,Haryana,IOC,FS101071,53541,10204.91,19.06,Molasses,17858.59,561270.05
2023-04-01,2023,4,Haryana,BPCL,FS101072,54525,4242.05,7.78,Molasses,7423.59,233312.75
2023-05-01,2023,5,Haryana,HPCL,FS101073,27520,2083.26,7.57,Sugarcane,3645.71,114579.3
2023-06-01,2023,6,Haryana,HPCL,FS101074,18345,3026.93,16.5,Broken Rice,5297.13,166481.15
2023-07-01,2023,7,Haryana,IOC,FS101075,49185,4967.68,10.1,Molasses,8693.44,273222.4
2023-08-01,2023,8,Haryana,IOC,FS101076,36018,5355.88,14.87,Maize,9372.79,294573.4
2023-09-01,2023,9,Haryana,IOC,FS101077,17486,3441.24,19.68,Broken Rice,6022.17,189268.2
2023-10-01,2023,10,Haryana,HPCL,FS101078,39379,5221.66,13.26,Broken Rice,9137.9,287191.3
2023-11-01,2023,11,Haryana,BPCL,FS101079,62353,4957.06,7.95,Broken Rice,8674.86,272638.3
2023-12-01,2023,12,Haryana,IOC,FS101080,25618,4039.96,15.77,Molasses,7069.93,222197.8
2024-01-01,2024,1,Haryana,HPCL,FS101081,28527,6133.31,21.5,Sugarcane,10733.29,337332.05
2024-02-01,2024,2,Haryana,BPCL,FS101082,43303,5581.76,12.89,Molasses,9768.08,306996.8
2024-03-01,2024,3,Haryana,IOC,FS101083,75568,3733.06,4.94,Sugarcane,6532.85,205318.3
2024-04-01,2024,4,Haryana,IOC,FS101084,9881,2124.41,21.5,Maize,3717.72,116842.55
2024-05-01,2024,5,Haryana,BPCL,FS101085,28789,6189.64,21.5,Broken Rice,10831.87,340430.2
2024-06-01,2024,6,Haryana,HPCL,FS101086,11262,2421.33,21.5,Molasses,4237.33,133173.15
2024-07-01,2024,7,Haryana,BPCL,FS101087,62722,5858.23,9.34,Molasses,10251.9,322202.65
2024-08-01,2024,8,Haryana,HPCL,FS101088,71909,14726.96,20.48,Sugarcane,25772.18,809982.8
2024-09-01,2024,9,Haryana,HPCL,FS101089,71293,10487.2,14.71,Molasses,18352.6,576796.0
2024-10-01,2024,10,Haryana,IOC,FS101090,22079,4746.98,21.5,Maize,8307.22,261083.9
2024-11-01,2024,11,Haryana,HPCL,FS101091,17018,2205.53,12.96,Molasses,3859.68,121304.15
2024-12-01,2024,12,Haryana,HPCL,FS101092,27800,3575.08,12.86,Sugarcane,6256.39,196629.4
2025-01-01,2025,1,Haryana,HPCL,FS101093,37437,8048.95,21.5,Sugarcane,14085.66,442692.25
2025-02-01,2025,2,Haryana,IOC,FS101094,61772,13280.98,21.5,Maize,23241.72,730453.9
2025-03-01,2025,3,Haryana,IOC,FS101095,10985,2361.78,21.5,Broken Rice,4133.12,129897.9
2025-04-01,2025,4,Haryana,BPCL,FS101096,50933,10950.59,21.5,Sugarcane,19163.53,602282.45
2025-05-01,2025,5,Haryana,IOC,FS101097,59148,12716.82,21.5,Sugarcane,22254.43,699425.1
2025-06-01,2025,6,Haryana,IOC,FS101098,74670,16054.05,21.5,Molasses,28094.59,882972.75
2025-07-01,2025,7,Haryana,HPCL,FS101099,79128,15050.15,19.02,Sugarcane,26337.76,827758.25
2025-08-01,2025,8,Haryana,IOC,FS101100,64830,13938.45,21.5,Molasses,24392.29,766614.75
2025-09-01,2025,9,Haryana,IOC,FS101101,74406,15997.29,21.5,Maize,27995.26,879850.95
2025-10-01,2025,10,Haryana,IOC,FS101102,52369,11259.33,21.5,Molasses,19703.83,619263.15
2025-11-01,2025,11,Haryana,IOC,FS101103,38676,5159.38,13.34,Broken Rice,9028.92,283765.9
2025-12-01,2025,12,Haryana,BPCL,FS101104,39923,8016.54,20.08,Sugarcane,14028.94,440909.7
2026-01-01,2026,1,Haryana,BPCL,FS101105,55574,9530.94,17.15,Molasses,16679.15,524201.7
2026-02-01,2026,2,Haryana,BPCL,FS101106,44639,6499.44,14.56,Sugarcane,11374.02,357469.2
2026-03-01,2026,3,Haryana,HPCL,FS101107,27692,5953.78,21.5,Molasses,10419.11,327457.9
2026-04-01,2026,4,Haryana,BPCL,FS101108,23549,2208.9,9.38,Sugarcane,3865.58,121489.5
2026-05-01,2026,5,Haryana,IOC,FS101109,60265,12956.98,21.5,Broken Rice,22674.72,712633.9
2026-06-01,2026,6,Haryana,BPCL,FS101110,30800,5005.0,16.25,Broken Rice,8758.75,275275.0
2026-07-01,2026,7,Haryana,IOC,FS101111,77460,16653.9,21.5,Molasses,29144.33,915964.5
2015-01-01,2015,1,Himachal Pradesh,HPCL,FS101112,33068,512.55,1.55,Molasses,896.96,28190.25
2015-02-01,2015,2,Himachal Pradesh,HPCL,FS101113,33832,636.04,1.88,Maize,1113.07,34982.2
2015-03-01,2015,3,Himachal Pradesh,IOC,FS101114,31666,262.83,0.83,Broken Rice,459.95,14455.65
2015-04-01,2015,4,Himachal Pradesh,BPCL,FS101115,42642,656.69,1.54,Broken Rice,1149.21,36117.95
2015-05-01,2015,5,Himachal Pradesh,HPCL,FS101116,69413,2214.27,3.19,Molasses,3874.97,121784.85
2015-06-01,2015,6,Himachal Pradesh,BPCL,FS101117,64563,1775.48,2.75,Maize,3107.09,97651.4
2015-07-01,2015,7,Himachal Pradesh,BPCL,FS101118,8307,151.19,1.82,Maize,264.58,8315.45
2015-08-01,2015,8,Himachal Pradesh,BPCL,FS101119,43944,1076.63,2.45,Molasses,1884.1,59214.65
2015-09-01,2015,9,Himachal Pradesh,HPCL,FS101120,78427,1239.15,1.58,Molasses,2168.51,68153.25
2015-10-01,2015,10,Himachal Pradesh,IOC,FS101121,20497,377.14,1.84,Maize,660.0,20742.7
2015-11-01,2015,11,Himachal Pradesh,IOC,FS101122,69576,716.63,1.03,Broken Rice,1254.1,39414.65
2015-12-01,2015,12,Himachal Pradesh,HPCL,FS101123,11358,210.12,1.85,Molasses,367.71,11556.6
2016-01-01,2016,1,Himachal Pradesh,HPCL,FS101124,13698,586.27,4.28,Maize,1025.97,32244.85
2016-02-01,2016,2,Himachal Pradesh,BPCL,FS101125,63805,2029.0,3.18,Molasses,3550.75,111595.0
2016-03-01,2016,3,Himachal Pradesh,BPCL,FS101126,52041,1878.68,3.61,Maize,3287.69,103327.4
2016-04-01,2016,4,Himachal Pradesh,HPCL,FS101127,77783,3220.22,4.14,Broken Rice,5635.38,177112.1
2016-05-01,2016,5,Himachal Pradesh,IOC,FS101128,14305,314.71,2.2,Broken Rice,550.74,17309.05
2016-06-01,2016,6,Himachal Pradesh,HPCL,FS101129,28566,1519.71,5.32,Broken Rice,2659.49,83584.05
2016-07-01,2016,7,Himachal Pradesh,HPCL,FS101130,12765,299.98,2.35,Molasses,524.97,16498.9
2016-08-01,2016,8,Himachal Pradesh,HPCL,FS101131,36820,957.32,2.6,Maize,1675.31,52652.6
2016-09-01,2016,9,Himachal Pradesh,IOC,FS101132,59493,2117.95,3.56,Molasses,3706.41,116487.25
2016-10-01,2016,10,Himachal Pradesh,IOC,FS101133,48953,2584.72,5.28,Broken Rice,4523.26,142159.6
2016-11-01,2016,11,Himachal Pradesh,BPCL,FS101134,39508,679.54,1.72,Maize,1189.19,37374.7
2016-12-01,2016,12,Himachal Pradesh,IOC,FS101135,24260,1358.56,5.6,Maize,2377.48,74720.8
2017-01-01,2017,1,Himachal Pradesh,BPCL,FS101136,21026,895.71,4.26,Sugarcane,1567.49,49264.05
2017-02-01,2017,2,Himachal Pradesh,BPCL,FS101137,65535,2503.44,3.82,Molasses,4381.02,137689.2
2017-03-01,2017,3,Himachal Pradesh,HPCL,FS101138,41776,739.44,1.77,Molasses,1294.02,40669.2
2017-04-01,2017,4,Himachal Pradesh,HPCL,FS101139,78204,2181.89,2.79,Broken Rice,3818.31,120003.95
2017-05-01,2017,5,Himachal Pradesh,IOC,FS101140,28922,734.62,2.54,Maize,1285.59,40404.1
2017-06-01,2017,6,Himachal Pradesh,IOC,FS101141,28316,2194.49,7.75,Maize,3840.36,120696.95
2017-07-01,2017,7,Himachal Pradesh,IOC,FS101142,22011,986.09,4.48,Sugarcane,1725.66,54234.95
2017-08-01,2017,8,Himachal Pradesh,HPCL,FS101143,13898,637.92,4.59,Maize,1116.36,35085.6
2017-09-01,2017,9,Himachal Pradesh,HPCL,FS101144,37631,1956.81,5.2,Maize,3424.42,107624.55
2017-10-01,2017,10,Himachal Pradesh,IOC,FS101145,70901,3800.29,5.36,Sugarcane,6650.51,209015.95
2017-11-01,2017,11,Himachal Pradesh,BPCL,FS101146,47454,664.36,1.4,Maize,1162.63,36539.8
2017-12-01,2017,12,Himachal Pradesh,IOC,FS101147,62710,1843.67,2.94,Molasses,3226.42,101401.85
2018-01-01,2018,1,Himachal Pradesh,BPCL,FS101148,37432,1890.32,5.05,Molasses,3308.06,103967.6
2018-02-01,2018,2,Himachal Pradesh,HPCL,FS101149,42217,2254.39,5.34,Maize,3945.18,123991.45
2018-03-01,2018,3,Himachal Pradesh,IOC,FS101150,70671,3420.48,4.84,Broken Rice,5985.84,188126.4
2018-04-01,2018,4,Himachal Pradesh,BPCL,FS101151,67993,4977.09,7.32,Broken Rice,8709.91,273739.95
2018-05-01,2018,5,Himachal Pradesh,IOC,FS101152,69602,2944.16,4.23,Sugarcane,5152.28,161928.8
2018-06-01,2018,6,Himachal Pradesh,BPCL,FS101153,50222,3425.14,6.82,Maize,5993.99,188382.7
2018-07-01,2018,7,Himachal Pradesh,IOC,FS101154,10462,447.77,4.28,Broken Rice,783.6,24627.35
2018-08-01,2018,8,Himachal Pradesh,IOC,FS101155,17275,1212.7,7.02,Molasses,2122.22,66698.5
2018-09-01,2018,9,Himachal Pradesh,BPCL,FS101156,30553,1628.47,5.33,Sugarcane,2849.82,89565.85
2018-10-01,2018,10,Himachal Pradesh,HPCL,FS101157,25369,1468.87,5.79,Sugarcane,2570.52,80787.85
2018-11-01,2018,11,Himachal Pradesh,BPCL,FS101158,13368,946.45,7.08,Maize,1656.29,52054.75
2018-12-01,2018,12,Himachal Pradesh,BPCL,FS101159,68294,5251.81,7.69,Maize,9190.67,288849.55
2019-01-01,2019,1,Himachal Pradesh,HPCL,FS101160,25387,1726.32,6.8,Broken Rice,3021.06,94947.6
2019-02-01,2019,2,Himachal Pradesh,HPCL,FS101161,59618,3523.42,5.91,Sugarcane,6165.99,193788.1
2019-03-01,2019,3,Himachal Pradesh,HPCL,FS101162,18283,241.34,1.32,Molasses,422.35,13273.7
2019-04-01,2019,4,Himachal Pradesh,IOC,FS101163,69584,5455.39,7.84,Sugarcane,9546.93,300046.45
2019-05-01,2019,5,Himachal Pradesh,HPCL,FS101164,69381,3795.14,5.47,Broken Rice,6641.49,208732.7
2019-06-01,2019,6,Himachal Pradesh,BPCL,FS101165,47791,3173.32,6.64,Molasses,5553.31,174532.6
2019-07-01,2019,7,Himachal Pradesh,HPCL,FS101166,54799,3567.41,6.51,Broken Rice,6242.97,196207.55
2019-08-01,2019,8,Himachal Pradesh,BPCL,FS101167,13313,287.56,2.16,Molasses,503.23,15815.8
2019-09-01,2019,9,Himachal Pradesh,HPCL,FS101168,53226,2996.62,5.63,Broken Rice,5244.09,164814.1
2019-10-01,2019,10,Himachal Pradesh,HPCL,FS101169,11558,290.11,2.51,Sugarcane,507.69,15956.05
2019-11-01,2019,11,Himachal Pradesh,IOC,FS101170,61218,3697.57,6.04,Maize,6470.75,203366.35
2019-12-01,2019,12,Himachal Pradesh,BPCL,FS101171,35877,2497.04,6.96,Maize,4369.82,137337.2
2020-01-01,2020,1,Himachal Pradesh,BPCL,FS101172,45034,2008.52,4.46,Maize,3514.91,110468.6
2020-02-01,2020,2,Himachal Pradesh,BPCL,FS101173,27094,2660.63,9.82,Sugarcane,4656.1,146334.65
2020-03-01,2020,3,Himachal Pradesh,IOC,FS101174,47531,4049.64,8.52,Maize,7086.87,222730.2
2020-04-01,2020,4,Himachal Pradesh,IOC,FS101175,49247,3097.64,6.29,Broken Rice,5420.87,170370.2
2020-05-01,2020,5,Himachal Pradesh,BPCL,FS101176,12552,833.45,6.64,Maize,1458.54,45839.75
2020-06-01,2020,6,Himachal Pradesh,IOC,FS101177,66579,1737.71,2.61,Maize,3040.99,95574.05
2020-07-01,2020,7,Himachal Pradesh,BPCL,FS101178,11722,740.83,6.32,Molasses,1296.45,40745.65
2020-08-01,2020,8,Himachal Pradesh,HPCL,FS101179,48031,3880.9,8.08,Sugarcane,6791.57,213449.5
2020-09-01,2020,9,Himachal Pradesh,HPCL,FS101180,67807,3037.75,4.48,Molasses,5316.06,167076.25
2020-10-01,2020,10,Himachal Pradesh,BPCL,FS101181,51461,2367.21,4.6,Molasses,4142.62,130196.55
2020-11-01,2020,11,Himachal Pradesh,HPCL,FS101182,35386,1893.15,5.35,Maize,3313.01,104123.25
2020-12-01,2020,12,Himachal Pradesh,BPCL,FS101183,21704,861.65,3.97,Broken Rice,1507.89,47390.75
2021-01-01,2021,1,Himachal Pradesh,HPCL,FS101184,33416,2014.98,6.03,Maize,3526.22,110823.9
2021-02-01,2021,2,Himachal Pradesh,HPCL,FS101185,58258,5313.13,9.12,Maize,9297.98,292222.15
2021-03-01,2021,3,Himachal Pradesh,IOC,FS101186,54806,4274.87,7.8,Broken Rice,7481.02,235117.85
2021-04-01,2021,4,Himachal Pradesh,BPCL,FS101187,43739,218.69,0.5,Sugarcane,382.71,12027.95
2021-05-01,2021,5,Himachal Pradesh,BPCL,FS101188,9609,301.72,3.14,Sugarcane,528.01,16594.6
2021-06-01,2021,6,Himachal Pradesh,BPCL,FS101189,36141,4958.55,13.72,Maize,8677.46,272720.25
2021-07-01,2021,7,Himachal Pradesh,BPCL,FS101190,46346,5130.5,11.07,Maize,8978.38,282177.5
2021-08-01,2021,8,Himachal Pradesh,HPCL,FS101191,48149,6158.26,12.79,Sugarcane,10776.95,338704.3
2021-09-01,2021,9,Himachal Pradesh,IOC,FS101192,13695,964.13,7.04,Broken Rice,1687.23,53027.15
2021-10-01,2021,10,Himachal Pradesh,BPCL,FS101193,55224,3677.92,6.66,Molasses,6436.36,202285.6
2021-11-01,2021,11,Himachal Pradesh,BPCL,FS101194,9881,265.8,2.69,Maize,465.15,14619.0
2021-12-01,2021,12,Himachal Pradesh,BPCL,FS101195,78122,9249.64,11.84,Sugarcane,16186.87,508730.2
2022-01-01,2022,1,Himachal Pradesh,HPCL,FS101196,50316,5308.34,10.55,Broken Rice,9289.6,291958.7
2022-02-01,2022,2,Himachal Pradesh,HPCL,FS101197,47553,3994.45,8.4,Maize,6990.29,219694.75
2022-03-01,2022,3,Himachal Pradesh,BPCL,FS101198,40006,7549.13,18.87,Broken Rice,13210.98,415202.15
2022-04-01,2022,4,Himachal Pradesh,HPCL,FS101199,20205,2998.42,14.84,Broken Rice,5247.24,164913.1
2022-05-01,2022,5,Himachal Pradesh,HPCL,FS101200,36202,3453.67,9.54,Molasses,6043.92,189951.85
2022-06-01,2022,6,Himachal Pradesh,IOC,FS101201,69692,5031.76,7.22,Broken Rice,8805.58,276746.8
2022-07-01,2022,7,Himachal Pradesh,IOC,FS101202,57241,5083.0,8.88,Molasses,8895.25,279565.0
2022-08-01,2022,8,Himachal Pradesh,BPCL,FS101203,23972,2260.56,9.43,Sugarcane,3955.98,124330.8
2022-09-01,2022,9,Himachal Pradesh,BPCL,FS101204,60347,7615.79,12.62,Broken Rice,13327.63,418868.45
2022-10-01,2022,10,Himachal Pradesh,IOC,FS101205,77518,5759.59,7.43,Sugarcane,10079.28,316777.45
2022-11-01,2022,11,Himachal Pradesh,HPCL,FS101206,11092,554.6,5.0,Maize,970.55,30503.0
2022-12-01,2022,12,Himachal Pradesh,IOC,FS101207,31862,3558.99,11.17,Broken Rice,6228.23,195744.45
2023-01-01,2023,1,Himachal Pradesh,IOC,FS101208,11969,1058.06,8.84,Molasses,1851.61,58193.3
2023-02-01,2023,2,Himachal Pradesh,BPCL,FS101209,49743,8993.53,18.08,Molasses,15738.68,494644.15
2023-03-01,2023,3,Himachal Pradesh,BPCL,FS101210,42578,5905.57,13.87,Sugarcane,10334.75,324806.35
2023-04-01,2023,4,Himachal Pradesh,HPCL,FS101211,72140,12840.92,17.8,Maize,22471.61,706250.6
2023-05-01,2023,5,Himachal Pradesh,HPCL,FS101212,53896,3756.55,6.97,Maize,6573.96,206610.25
2023-06-01,2023,6,Himachal Pradesh,HPCL,FS101213,21861,1687.67,7.72,Broken Rice,2953.42,92821.85
2023-07-01,2023,7,Himachal Pradesh,BPCL,FS101214,49347,8275.49,16.77,Molasses,14482.11,455151.95
2023-08-01,2023,8,Himachal Pradesh,BPCL,FS101215,36164,5337.81,14.76,Maize,9341.17,293579.55
2023-09-01,2023,9,Himachal Pradesh,HPCL,FS101216,68380,6051.63,8.85,Maize,10590.35,332839.65
2023-10-01,2023,10,Himachal Pradesh,BPCL,FS101217,47560,6092.44,12.81,Sugarcane,10661.77,335084.2
2023-11-01,2023,11,Himachal Pradesh,BPCL,FS101218,18068,2737.3,15.15,Broken Rice,4790.28,150551.5
2023-12-01,2023,12,Himachal Pradesh,IOC,FS101219,54418,9457.85,17.38,Broken Rice,16551.24,520181.75
2024-01-01,2024,1,Himachal Pradesh,HPCL,FS101220,9161,1261.47,13.77,Sugarcane,2207.57,69380.85
2024-02-01,2024,2,Himachal Pradesh,BPCL,FS101221,46751,10051.47,21.5,Maize,17590.07,552830.85
2024-03-01,2024,3,Himachal Pradesh,BPCL,FS101222,10176,1711.6,16.82,Broken Rice,2995.3,94138.0
2024-04-01,2024,4,Himachal Pradesh,HPCL,FS101223,34627,6284.8,18.15,Broken Rice,10998.4,345664.0
2024-05-01,2024,5,Himachal Pradesh,HPCL,FS101224,19984,1312.95,6.57,Maize,2297.66,72212.25
2024-06-01,2024,6,Himachal Pradesh,IOC,FS101225,15135,2524.52,16.68,Broken Rice,4417.91,138848.6
2024-07-01,2024,7,Himachal Pradesh,IOC,FS101226,29889,5819.39,19.47,Broken Rice,10183.93,320066.45
2024-08-01,2024,8,Himachal Pradesh,BPCL,FS101227,56899,6708.39,11.79,Molasses,11739.68,368961.45
2024-09-01,2024,9,Himachal Pradesh,HPCL,FS101228,48130,6218.4,12.92,Maize,10882.2,342012.0
2024-10-01,2024,10,Himachal Pradesh,HPCL,FS101229,23216,3319.89,14.3,Maize,5809.81,182593.95
2024-11-01,2024,11,Himachal Pradesh,BPCL,FS101230,41783,8181.11,19.58,Maize,14316.94,449961.05
2024-12-01,2024,12,Himachal Pradesh,IOC,FS101231,59502,9216.86,15.49,Maize,16129.51,506927.3
2025-01-01,2025,1,Himachal Pradesh,IOC,FS101232,67754,14302.87,21.11,Maize,25030.02,786657.85
2025-02-01,2025,2,Himachal Pradesh,HPCL,FS101233,51169,6426.83,12.56,Sugarcane,11246.95,353475.65
2025-03-01,2025,3,Himachal Pradesh,BPCL,FS101234,29067,5173.93,17.8,Sugarcane,9054.38,284566.15
2025-04-01,2025,4,Himachal Pradesh,BPCL,FS101235,77345,16629.17,21.5,Sugarcane,29101.05,914604.35
2025-05-01,2025,5,Himachal Pradesh,HPCL,FS101236,56803,12212.65,21.5,Molasses,21372.14,671695.75
2025-06-01,2025,6,Himachal Pradesh,BPCL,FS101237,34270,7368.05,21.5,Broken Rice,12894.09,405242.75
2025-07-01,2025,7,Himachal Pradesh,IOC,FS101238,35236,7575.74,21.5,Maize,13257.55,416665.7
2025-08-01,2025,8,Himachal Pradesh,IOC,FS101239,24663,4039.8,16.38,Broken Rice,7069.65,222189.0
2025-09-01,2025,9,Himachal Pradesh,IOC,FS101240,67095,14425.42,21.5,Maize,25244.49,793398.1
2025-10-01,2025,10,Himachal Pradesh,BPCL,FS101241,13247,2691.79,20.32,Maize,4710.63,148048.45
2025-11-01,2025,11,Himachal Pradesh,BPCL,FS101242,15189,3051.47,20.09,Molasses,5340.07,167830.85
2025-12-01,2025,12,Himachal Pradesh,BPCL,FS101243,61687,11294.89,18.31,Broken Rice,19766.06,621218.95
2026-01-01,2026,1,Himachal Pradesh,IOC,FS101244,15697,3374.86,21.5,Molasses,5906.01,185617.3
2026-02-01,2026,2,Himachal Pradesh,BPCL,FS101245,25046,5384.89,21.5,Broken Rice,9423.56,296168.95
2026-03-01,2026,3,Himachal Pradesh,IOC,FS101246,69158,9944.92,14.38,Broken Rice,17403.61,546970.6
2026-04-01,2026,4,Himachal Pradesh,HPCL,FS101247,66255,11508.49,17.37,Maize,20139.86,632966.95
2026-05-01,2026,5,Himachal Pradesh,IOC,FS101248,33256,7123.44,21.42,Sugarcane,12466.02,391789.2
2026-06-01,2026,6,Himachal Pradesh,BPCL,FS101249,45419,8316.22,18.31,Broken Rice,14553.38,457392.1
2026-07-01,2026,7,Himachal Pradesh,BPCL,FS101250,64063,11845.25,18.49,Sugarcane,20729.19,651488.75
2015-01-01,2015,1,Jharkhand,HPCL,FS101251,8864,123.21,1.39,Maize,215.62,6776.55
2015-02-01,2015,2,Jharkhand,IOC,FS101252,77590,1869.92,2.41,Broken Rice,3272.36,102845.6
2015-03-01,2015,3,Jharkhand,IOC,FS101253,51298,343.7,0.67,Broken Rice,601.48,18903.5
2015-04-01,2015,4,Jharkhand,IOC,FS101254,48542,1422.28,2.93,Sugarcane,2488.99,78225.4
2015-05-01,2015,5,Jharkhand,BPCL,FS101255,29316,633.23,2.16,Maize,1108.15,34827.65
2015-06-01,2015,6,Jharkhand,HPCL,FS101256,72427,1224.02,1.69,Sugarcane,2142.03,67321.1
2015-07-01,2015,7,Jharkhand,HPCL,FS101257,55014,275.07,0.5,Molasses,481.37,15128.85
2015-08-01,2015,8,Jharkhand,HPCL,FS101258,76111,2275.72,2.99,Maize,3982.51,125164.6
2015-09-01,2015,9,Jharkhand,HPCL,FS101259,58733,293.67,0.5,Molasses,513.92,16151.85
2015-10-01,2015,10,Jharkhand,HPCL,FS101260,32704,595.21,1.82,Sugarcane,1041.62,32736.55
2015-11-01,2015,11,Jharkhand,IOC,FS101261,15493,92.96,0.6,Maize,162.68,5112.8
2015-12-01,2015,12,Jharkhand,IOC,FS101262,13594,304.51,2.24,Molasses,532.89,16748.05
2016-01-01,2016,1,Jharkhand,IOC,FS101263,24626,546.7,2.22,Molasses,956.73,30068.5
2016-02-01,2016,2,Jharkhand,BPCL,FS101264,60664,2523.62,4.16,Broken Rice,4416.34,138799.1
2016-03-01,2016,3,Jharkhand,BPCL,FS101265,51059,2532.53,4.96,Molasses,4431.93,139289.15
2016-04-01,2016,4,Jharkhand,HPCL,FS101266,10035,257.9,2.57,Sugarcane,451.32,14184.5
2016-05-01,2016,5,Jharkhand,BPCL,FS101267,60975,2506.07,4.11,Maize,4385.62,137833.85
2016-06-01,2016,6,Jharkhand,HPCL,FS101268,21331,443.68,2.08,Maize,776.44,24402.4
2016-07-01,2016,7,Jharkhand,HPCL,FS101269,71014,1555.21,2.19,Molasses,2721.62,85536.55
2016-08-01,2016,8,Jharkhand,HPCL,FS101270,54121,1315.14,2.43,Molasses,2301.5,72332.7
2016-09-01,2016,9,Jharkhand,HPCL,FS101271,68197,2216.4,3.25,Broken Rice,3878.7,121902.0
2016-10-01,2016,10,Jharkhand,BPCL,FS101272,12837,323.49,2.52,Broken Rice,566.11,17791.95
2016-11-01,2016,11,Jharkhand,IOC,FS101273,79232,1220.17,1.54,Maize,2135.3,67109.35
2016-12-01,2016,12,Jharkhand,HPCL,FS101274,73911,1500.39,2.03,Molasses,2625.68,82521.45
2017-01-01,2017,1,Jharkhand,HPCL,FS101275,68739,3024.52,4.4,Broken Rice,5292.91,166348.6
2017-02-01,2017,2,Jharkhand,IOC,FS101276,48874,2414.38,4.94,Molasses,4225.16,132790.9
2017-03-01,2017,3,Jharkhand,HPCL,FS101277,41367,2829.5,6.84,Sugarcane,4951.62,155622.5
2017-04-01,2017,4,Jharkhand,IOC,FS101278,23989,1278.61,5.33,Sugarcane,2237.57,70323.55
2017-05-01,2017,5,Jharkhand,HPCL,FS101279,38133,2169.77,5.69,Molasses,3797.1,119337.35
2017-06-01,2017,6,Jharkhand,IOC,FS101280,65656,2127.25,3.24,Broken Rice,3722.69,116998.75
2017-07-01,2017,7,Jharkhand,BPCL,FS101281,54546,3125.49,5.73,Sugarcane,5469.61,171901.95
2017-08-01,2017,8,Jharkhand,IOC,FS101282,26157,721.93,2.76,Molasses,1263.38,39706.15
2017-09-01,2017,9,Jharkhand,BPCL,FS101283,43932,1845.14,4.2,Molasses,3229.0,101482.7
2017-10-01,2017,10,Jharkhand,IOC,FS101284,22693,1055.22,4.65,Broken Rice,1846.63,58037.1
2017-11-01,2017,11,Jharkhand,BPCL,FS101285,23540,979.26,4.16,Broken Rice,1713.7,53859.3
2017-12-01,2017,12,Jharkhand,BPCL,FS101286,63512,1759.28,2.77,Molasses,3078.74,96760.4
2018-01-01,2018,1,Jharkhand,BPCL,FS101287,50832,543.9,1.07,Broken Rice,951.82,29914.5
2018-02-01,2018,2,Jharkhand,BPCL,FS101288,8390,407.75,4.86,Sugarcane,713.56,22426.25
2018-03-01,2018,3,Jharkhand,IOC,FS101289,21029,611.94,2.91,Maize,1070.89,33656.7
2018-04-01,2018,4,Jharkhand,HPCL,FS101290,17121,604.37,3.53,Molasses,1057.65,33240.35
2018-05-01,2018,5,Jharkhand,IOC,FS101291,16921,697.15,4.12,Molasses,1220.01,38343.25
2018-06-01,2018,6,Jharkhand,IOC,FS101292,77922,5251.94,6.74,Broken Rice,9190.89,288856.7
2018-07-01,2018,7,Jharkhand,IOC,FS101293,20242,1103.19,5.45,Molasses,1930.58,60675.45
2018-08-01,2018,8,Jharkhand,BPCL,FS101294,69816,3644.4,5.22,Molasses,6377.7,200442.0
2018-09-01,2018,9,Jharkhand,BPCL,FS101295,8507,307.1,3.61,Molasses,537.43,16890.5
2018-10-01,2018,10,Jharkhand,IOC,FS101296,38979,2673.96,6.86,Molasses,4679.43,147067.8
2018-11-01,2018,11,Jharkhand,IOC,FS101297,60774,3214.94,5.29,Sugarcane,5626.15,176821.7
2018-12-01,2018,12,Jharkhand,BPCL,FS101298,42069,2305.38,5.48,Maize,4034.41,126795.9
2019-01-01,2019,1,Jharkhand,HPCL,FS101299,79947,399.74,0.5,Maize,699.55,21985.7
2019-02-01,2019,2,Jharkhand,BPCL,FS101300,51390,2163.52,4.21,Molasses,3786.16,118993.6
2019-03-01,2019,3,Jharkhand,BPCL,FS101301,13209,972.18,7.36,Maize,1701.31,53469.9
2019-04-01,2019,4,Jharkhand,IOC,FS101302,15933,1027.68,6.45,Maize,1798.44,56522.4
2019-05-01,2019,5,Jharkhand,IOC,FS101303,48696,311.65,0.64,Maize,545.39,17140.75
2019-06-01,2019,6,Jharkhand,BPCL,FS101304,58013,3701.23,6.38,Sugarcane,6477.15,203567.65
2019-07-01,2019,7,Jharkhand,HPCL,FS101305,41672,1933.58,4.64,Broken Rice,3383.76,106346.9
2019-08-01,2019,8,Jharkhand,BPCL,FS101306,30195,546.53,1.81,Sugarcane,956.43,30059.15
2019-09-01,2019,9,Jharkhand,HPCL,FS101307,24555,1794.97,7.31,Sugarcane,3141.2,98723.35
2019-10-01,2019,10,Jharkhand,BPCL,FS101308,34347,2490.16,7.25,Maize,4357.78,136958.8
2019-11-01,2019,11,Jharkhand,BPCL,FS101309,57056,3429.07,6.01,Sugarcane,6000.87,188598.85
2019-12-01,2019,12,Jharkhand,HPCL,FS101310,35843,2304.7,6.43,Broken Rice,4033.22,126758.5
2020-01-01,2020,1,Jharkhand,IOC,FS101311,47516,3269.1,6.88,Maize,5720.93,179800.5
2020-02-01,2020,2,Jharkhand,BPCL,FS101312,60248,4175.19,6.93,Maize,7306.58,229635.45
2020-03-01,2020,3,Jharkhand,HPCL,FS101313,52116,4330.84,8.31,Sugarcane,7578.97,238196.2
2020-04-01,2020,4,Jharkhand,HPCL,FS101314,50614,3092.52,6.11,Broken Rice,5411.91,170088.6
2020-05-01,2020,5,Jharkhand,IOC,FS101315,43892,3164.61,7.21,Sugarcane,5538.07,174053.55
2020-06-01,2020,6,Jharkhand,HPCL,FS101316,8924,127.61,1.43,Maize,223.32,7018.55
2020-07-01,2020,7,Jharkhand,HPCL,FS101317,79042,5975.58,7.56,Broken Rice,10457.26,328656.9
2020-08-01,2020,8,Jharkhand,HPCL,FS101318,19781,989.05,5.0,Maize,1730.84,54397.75
2020-09-01,2020,9,Jharkhand,HPCL,FS101319,17095,574.39,3.36,Maize,1005.18,31591.45
2020-10-01,2020,10,Jharkhand,HPCL,FS101320,37831,2284.99,6.04,Maize,3998.73,125674.45
2020-11-01,2020,11,Jharkhand,HPCL,FS101321,46220,1636.19,3.54,Molasses,2863.33,89990.45
2020-12-01,2020,12,Jharkhand,HPCL,FS101322,73524,3411.51,4.64,Molasses,5970.14,187633.05
2021-01-01,2021,1,Jharkhand,IOC,FS101323,75598,4414.92,5.84,Broken Rice,7726.11,242820.6
2021-02-01,2021,2,Jharkhand,HPCL,FS101324,43081,254.18,0.59,Maize,444.81,13979.9
2021-03-01,2021,3,Jharkhand,HPCL,FS101325,17837,2127.95,11.93,Molasses,3723.91,117037.25
2021-04-01,2021,4,Jharkhand,IOC,FS101326,77453,7691.08,9.93,Sugarcane,13459.39,423009.4
2021-05-01,2021,5,Jharkhand,IOC,FS101327,76472,7807.79,10.21,Molasses,13663.63,429428.45
2021-06-01,2021,6,Jharkhand,HPCL,FS101328,35672,4005.97,11.23,Broken Rice,7010.45,220328.35
2021-07-01,2021,7,Jharkhand,BPCL,FS101329,73066,7825.37,10.71,Maize,13694.4,430395.35
2021-08-01,2021,8,Jharkhand,BPCL,FS101330,54751,6225.19,11.37,Molasses,10894.08,342385.45
2021-09-01,2021,9,Jharkhand,HPCL,FS101331,38951,4685.81,12.03,Sugarcane,8200.17,257719.55
2021-10-01,2021,10,Jharkhand,IOC,FS101332,40230,3383.34,8.41,Molasses,5920.85,186083.7
2021-11-01,2021,11,Jharkhand,BPCL,FS101333,76876,7333.97,9.54,Sugarcane,12834.45,403368.35
2021-12-01,2021,12,Jharkhand,IOC,FS101334,77806,6605.73,8.49,Sugarcane,11560.03,363315.15
2022-01-01,2022,1,Jharkhand,HPCL,FS101335,57646,4796.15,8.32,Molasses,8393.26,263788.25
2022-02-01,2022,2,Jharkhand,IOC,FS101336,29650,4577.96,15.44,Maize,8011.43,251787.8
2022-03-01,2022,3,Jharkhand,HPCL,FS101337,46196,6809.29,14.74,Broken Rice,11916.26,374510.95
2022-04-01,2022,4,Jharkhand,BPCL,FS101338,51894,9569.25,18.44,Maize,16746.19,526308.75
2022-05-01,2022,5,Jharkhand,BPCL,FS101339,64759,6190.96,9.56,Broken Rice,10834.18,340502.8
2022-06-01,2022,6,Jharkhand,BPCL,FS101340,10962,1596.07,14.56,Broken Rice,2793.12,87783.85
2022-07-01,2022,7,Jharkhand,HPCL,FS101341,60349,4266.67,7.07,Molasses,7466.67,234666.85
2022-08-01,2022,8,Jharkhand,IOC,FS101342,79138,5824.56,7.36,Sugarcane,10192.98,320350.8
2022-09-01,2022,9,Jharkhand,BPCL,FS101343,49979,5857.54,11.72,Sugarcane,10250.69,322164.7
2022-10-01,2022,10,Jharkhand,BPCL,FS101344,28923,3360.85,11.62,Maize,5881.49,184846.75
2022-11-01,2022,11,Jharkhand,IOC,FS101345,10887,788.22,7.24,Maize,1379.38,43352.1
2022-12-01,2022,12,Jharkhand,HPCL,FS101346,36756,1477.59,4.02,Broken Rice,2585.78,81267.45
2023-01-01,2023,1,Jharkhand,IOC,FS101347,18304,3796.25,20.74,Sugarcane,6643.44,208793.75
2023-02-01,2023,2,Jharkhand,BPCL,FS101348,57002,9804.34,17.2,Broken Rice,17157.6,539238.7
2023-03-01,2023,3,Jharkhand,HPCL,FS101349,30092,2554.81,8.49,Molasses,4470.92,140514.55
2023-04-01,2023,4,Jharkhand,HPCL,FS101350,29398,2157.81,7.34,Maize,3776.17,118679.55
2023-05-01,2023,5,Jharkhand,HPCL,FS101351,11159,1523.2,13.65,Sugarcane,2665.6,83776.0
2023-06-01,2023,6,Jharkhand,HPCL,FS101352,9073,1115.07,12.29,Broken Rice,1951.37,61328.85
2023-07-01,2023,7,Jharkhand,HPCL,FS101353,37320,4403.76,11.8,Maize,7706.58,242206.8
2023-08-01,2023,8,Jharkhand,IOC,FS101354,10159,692.84,6.82,Sugarcane,1212.47,38106.2
2023-09-01,2023,9,Jharkhand,IOC,FS101355,22678,2462.83,10.86,Sugarcane,4309.95,135455.65
2023-10-01,2023,10,Jharkhand,IOC,FS101356,31464,6424.95,20.42,Maize,11243.66,353372.25
2023-11-01,2023,11,Jharkhand,BPCL,FS101357,69497,4204.57,6.05,Sugarcane,7358.0,231251.35
2023-12-01,2023,12,Jharkhand,BPCL,FS101358,8901,396.09,4.45,Sugarcane,693.16,21784.95
2024-01-01,2024,1,Jharkhand,IOC,FS101359,10881,1699.61,15.62,Broken Rice,2974.32,93478.55
2024-02-01,2024,2,Jharkhand,HPCL,FS101360,79186,9573.59,12.09,Broken Rice,16753.78,526547.45
2024-03-01,2024,3,Jharkhand,BPCL,FS101361,67251,11042.61,16.42,Molasses,19324.57,607343.55
2024-04-01,2024,4,Jharkhand,IOC,FS101362,30499,6435.29,21.1,Molasses,11261.76,353940.95
2024-05-01,2024,5,Jharkhand,IOC,FS101363,69360,11160.02,16.09,Sugarcane,19530.03,613801.1
2024-06-01,2024,6,Jharkhand,BPCL,FS101364,73756,4683.51,6.35,Broken Rice,8196.14,257593.05
2024-07-01,2024,7,Jharkhand,HPCL,FS101365,78354,15921.53,20.32,Broken Rice,27862.68,875684.15
2024-08-01,2024,8,Jharkhand,IOC,FS101366,45344,4579.74,10.1,Molasses,8014.55,251885.7
2024-09-01,2024,9,Jharkhand,BPCL,FS101367,32299,3562.58,11.03,Molasses,6234.51,195941.9
2024-10-01,2024,10,Jharkhand,HPCL,FS101368,48581,9079.79,18.69,Maize,15889.63,499388.45
2024-11-01,2024,11,Jharkhand,IOC,FS101369,22175,1252.89,5.65,Maize,2192.56,68908.95
2024-12-01,2024,12,Jharkhand,IOC,FS101370,55645,10516.9,18.9,Molasses,18404.58,578429.5
2025-01-01,2025,1,Jharkhand,IOC,FS101371,67123,9229.41,13.75,Molasses,16151.47,507617.55
2025-02-01,2025,2,Jharkhand,IOC,FS101372,74727,6366.74,8.52,Sugarcane,11141.8,350170.7
2025-03-01,2025,3,Jharkhand,IOC,FS101373,54216,11656.44,21.5,Sugarcane,20398.77,641104.2
2025-04-01,2025,4,Jharkhand,BPCL,FS101374,14008,1875.67,13.39,Molasses,3282.42,103161.85
2025-05-01,2025,5,Jharkhand,IOC,FS101375,11332,1254.45,11.07,Broken Rice,2195.29,68994.75
2025-06-01,2025,6,Jharkhand,HPCL,FS101376,13033,2555.77,19.61,Maize,4472.6,140567.35
2025-07-01,2025,7,Jharkhand,IOC,FS101377,8066,1589.0,19.7,Maize,2780.75,87395.0
2025-08-01,2025,8,Jharkhand,HPCL,FS101378,64827,4550.86,7.02,Maize,7964.0,250297.3
2025-09-01,2025,9,Jharkhand,IOC,FS101379,40966,4952.79,12.09,Molasses,8667.38,272403.45
2025-10-01,2025,10,Jharkhand,BPCL,FS101380,67199,6807.26,10.13,Maize,11912.7,374399.3
2025-11-01,2025,11,Jharkhand,HPCL,FS101381,25558,4194.07,16.41,Sugarcane,7339.62,230673.85
2025-12-01,2025,12,Jharkhand,IOC,FS101382,25118,5400.37,21.5,Maize,9450.65,297020.35
2026-01-01,2026,1,Jharkhand,IOC,FS101383,15601,2811.3,18.02,Broken Rice,4919.78,154621.5
2026-02-01,2026,2,Jharkhand,HPCL,FS101384,36022,7744.73,21.5,Sugarcane,13553.28,425960.15
2026-03-01,2026,3,Jharkhand,BPCL,FS101385,52130,6604.87,12.67,Broken Rice,11558.52,363267.85
2026-04-01,2026,4,Jharkhand,BPCL,FS101386,78610,16901.15,21.5,Broken Rice,29577.01,929563.25
2026-05-01,2026,5,Jharkhand,BPCL,FS101387,47867,10291.41,21.5,Broken Rice,18009.97,566027.55
2026-06-01,2026,6,Jharkhand,HPCL,FS101388,59415,12774.23,21.5,Maize,22354.9,702582.65
2026-07-01,2026,7,Jharkhand,IOC,FS101389,68430,10647.71,15.56,Molasses,18633.49,585624.05
2015-01-01,2015,1,Karnataka,IOC,FS101390,28711,269.88,0.94,Molasses,472.29,14843.4
2015-02-01,2015,2,Karnataka,HPCL,FS101391,44561,530.28,1.19,Molasses,927.99,29165.4
2015-03-01,2015,3,Karnataka,HPCL,FS101392,41798,1065.85,2.55,Maize,1865.24,58621.75
2015-04-01,2015,4,Karnataka,HPCL,FS101393,18785,386.97,2.06,Maize,677.2,21283.35
2015-05-01,2015,5,Karnataka,IOC,FS101394,71772,1600.52,2.23,Maize,2800.91,88028.6
2015-06-01,2015,6,Karnataka,BPCL,FS101395,9462,198.7,2.1,Sugarcane,347.72,10928.5
2015-07-01,2015,7,Karnataka,IOC,FS101396,21386,451.24,2.11,Maize,789.67,24818.2
2015-08-01,2015,8,Karnataka,BPCL,FS101397,14221,504.85,3.55,Sugarcane,883.49,27766.75
2015-09-01,2015,9,Karnataka,HPCL,FS101398,12922,280.41,2.17,Maize,490.72,15422.55
2015-10-01,2015,10,Karnataka,HPCL,FS101399,60335,965.36,1.6,Molasses,1689.38,53094.8
2015-11-01,2015,11,Karnataka,BPCL,FS101400,52066,765.37,1.47,Broken Rice,1339.4,42095.35
2015-12-01,2015,12,Karnataka,HPCL,FS101401,28213,598.12,2.12,Broken Rice,1046.71,32896.6
2016-01-01,2016,1,Karnataka,IOC,FS101402,76694,2477.22,3.23,Molasses,4335.13,136247.1
2016-02-01,2016,2,Karnataka,IOC,FS101403,78474,2550.41,3.25,Broken Rice,4463.22,140272.55
2016-03-01,2016,3,Karnataka,BPCL,FS101404,42980,812.32,1.89,Sugarcane,1421.56,44677.6
2016-04-01,2016,4,Karnataka,IOC,FS101405,24766,1302.69,5.26,Broken Rice,2279.71,71647.95
2016-05-01,2016,5,Karnataka,IOC,FS101406,42159,1020.25,2.42,Broken Rice,1785.44,56113.75
2016-06-01,2016,6,Karnataka,IOC,FS101407,37086,196.56,0.53,Sugarcane,343.98,10810.8
2016-07-01,2016,7,Karnataka,HPCL,FS101408,46737,1121.69,2.4,Sugarcane,1962.96,61692.95
2016-08-01,2016,8,Karnataka,BPCL,FS101409,78990,2219.62,2.81,Maize,3884.34,122079.1
2016-09-01,2016,9,Karnataka,HPCL,FS101410,51254,2229.55,4.35,Maize,3901.71,122625.25
2016-10-01,2016,10,Karnataka,HPCL,FS101411,55662,1591.93,2.86,Broken Rice,2785.88,87556.15
2016-11-01,2016,11,Karnataka,IOC,FS101412,49505,1584.16,3.2,Sugarcane,2772.28,87128.8
2016-12-01,2016,12,Karnataka,BPCL,FS101413,70699,2439.12,3.45,Broken Rice,4268.46,134151.6
2017-01-01,2017,1,Karnataka,BPCL,FS101414,42758,1564.94,3.66,Sugarcane,2738.64,86071.7
2017-02-01,2017,2,Karnataka,IOC,FS101415,11775,430.97,3.66,Broken Rice,754.2,23703.35
2017-03-01,2017,3,Karnataka,IOC,FS101416,23960,941.63,3.93,Sugarcane,1647.85,51789.65
2017-04-01,2017,4,Karnataka,BPCL,FS101417,59796,2415.76,4.04,Sugarcane,4227.58,132866.8
2017-05-01,2017,5,Karnataka,IOC,FS101418,17130,827.38,4.83,Sugarcane,1447.91,45505.9
2017-06-01,2017,6,Karnataka,IOC,FS101419,59702,3277.64,5.49,Molasses,5735.87,180270.2
2017-07-01,2017,7,Karnataka,BPCL,FS101420,56517,695.16,1.23,Molasses,1216.53,38233.8
2017-08-01,2017,8,Karnataka,IOC,FS101421,57112,2518.64,4.41,Broken Rice,4407.62,138525.2
2017-09-01,2017,9,Karnataka,IOC,FS101422,71080,2743.69,3.86,Sugarcane,4801.46,150902.95
2017-10-01,2017,10,Karnataka,IOC,FS101423,34312,1753.34,5.11,Molasses,3068.34,96433.7
2017-11-01,2017,11,Karnataka,IOC,FS101424,17637,555.57,3.15,Maize,972.25,30556.35
2017-12-01,2017,12,Karnataka,HPCL,FS101425,17824,885.85,4.97,Maize,1550.24,48721.75
2018-01-01,2018,1,Karnataka,BPCL,FS101426,8215,393.5,4.79,Broken Rice,688.62,21642.5
2018-02-01,2018,2,Karnataka,IOC,FS101427,31834,2005.54,6.3,Maize,3509.69,110304.7
2018-03-01,2018,3,Karnataka,HPCL,FS101428,41896,3163.15,7.55,Broken Rice,5535.51,173973.25
2018-04-01,2018,4,Karnataka,HPCL,FS101429,36229,2322.28,6.41,Molasses,4063.99,127725.4
2018-05-01,2018,5,Karnataka,BPCL,FS101430,12567,795.49,6.33,Molasses,1392.11,43751.95
2018-06-01,2018,6,Karnataka,IOC,FS101431,21329,761.45,3.57,Sugarcane,1332.54,41879.75
2018-07-01,2018,7,Karnataka,BPCL,FS101432,45052,2937.39,6.52,Sugarcane,5140.43,161556.45
2018-08-01,2018,8,Karnataka,BPCL,FS101433,41686,2897.18,6.95,Sugarcane,5070.06,159344.9
2018-09-01,2018,9,Karnataka,BPCL,FS101434,44547,2258.53,5.07,Broken Rice,3952.43,124219.15
2018-10-01,2018,10,Karnataka,HPCL,FS101435,79927,3300.99,4.13,Broken Rice,5776.73,181554.45
2018-11-01,2018,11,Karnataka,BPCL,FS101436,24576,498.89,2.03,Maize,873.06,27438.95
2018-12-01,2018,12,Karnataka,BPCL,FS101437,39601,2312.7,5.84,Sugarcane,4047.22,127198.5
2019-01-01,2019,1,Karnataka,HPCL,FS101438,70894,2615.99,3.69,Sugarcane,4577.98,143879.45
2019-02-01,2019,2,Karnataka,BPCL,FS101439,46871,3819.99,8.15,Broken Rice,6684.98,210099.45
2019-03-01,2019,3,Karnataka,HPCL,FS101440,69382,4044.97,5.83,Maize,7078.7,222473.35
2019-04-01,2019,4,Karnataka,HPCL,FS101441,40574,1383.57,3.41,Maize,2421.25,76096.35
2019-05-01,2019,5,Karnataka,IOC,FS101442,26557,1165.85,4.39,Broken Rice,2040.24,64121.75
2019-06-01,2019,6,Karnataka,IOC,FS101443,14080,444.93,3.16,Broken Rice,778.63,24471.15
2019-07-01,2019,7,Karnataka,HPCL,FS101444,12368,656.74,5.31,Maize,1149.3,36120.7
2019-08-01,2019,8,Karnataka,BPCL,FS101445,35094,1740.66,4.96,Maize,3046.16,95736.3
2019-09-01,2019,9,Karnataka,IOC,FS101446,42678,2069.88,4.85,Broken Rice,3622.29,113843.4
2019-10-01,2019,10,Karnataka,HPCL,FS101447,48875,3015.59,6.17,Sugarcane,5277.28,165857.45
2019-11-01,2019,11,Karnataka,BPCL,FS101448,40634,2202.36,5.42,Broken Rice,3854.13,121129.8
2019-12-01,2019,12,Karnataka,IOC,FS101449,71143,2184.09,3.07,Maize,3822.16,120124.95
2020-01-01,2020,1,Karnataka,BPCL,FS101450,19962,1053.99,5.28,Molasses,1844.48,57969.45
2020-02-01,2020,2,Karnataka,HPCL,FS101451,12011,720.66,6.0,Broken Rice,1261.15,39636.3
2020-03-01,2020,3,Karnataka,IOC,FS101452,17196,1413.51,8.22,Broken Rice,2473.64,77743.05
2020-04-01,2020,4,Karnataka,BPCL,FS101453,40769,2454.29,6.02,Maize,4295.01,134985.95
2020-05-01,2020,5,Karnataka,BPCL,FS101454,13269,805.43,6.07,Maize,1409.5,44298.65
2020-06-01,2020,6,Karnataka,IOC,FS101455,16320,305.18,1.87,Molasses,534.07,16784.9
2020-07-01,2020,7,Karnataka,BPCL,FS101456,65233,2739.79,4.2,Broken Rice,4794.63,150688.45
2020-08-01,2020,8,Karnataka,BPCL,FS101457,78934,4901.8,6.21,Sugarcane,8578.15,269599.0
2020-09-01,2020,9,Karnataka,HPCL,FS101458,57178,2613.03,4.57,Maize,4572.8,143716.65
2020-10-01,2020,10,Karnataka,BPCL,FS101459,47886,2044.73,4.27,Sugarcane,3578.28,112460.15
2020-11-01,2020,11,Karnataka,IOC,FS101460,48544,3480.6,7.17,Broken Rice,6091.05,191433.0
2020-12-01,2020,12,Karnataka,HPCL,FS101461,48860,2794.79,5.72,Maize,4890.88,153713.45
2021-01-01,2021,1,Karnataka,BPCL,FS101462,71656,3417.99,4.77,Broken Rice,5981.48,187989.45
2021-02-01,2021,2,Karnataka,IOC,FS101463,64633,6127.21,9.48,Broken Rice,10722.62,336996.55
2021-03-01,2021,3,Karnataka,HPCL,FS101464,43333,5832.62,13.46,Maize,10207.08,320794.1
2021-04-01,2021,4,Karnataka,HPCL,FS101465,43398,4352.82,10.03,Maize,7617.43,239405.1
2021-05-01,2021,5,Karnataka,BPCL,FS101466,31760,3036.26,9.56,Maize,5313.45,166994.3
2021-06-01,2021,6,Karnataka,IOC,FS101467,13801,1847.95,13.39,Maize,3233.91,101637.25
2021-07-01,2021,7,Karnataka,HPCL,FS101468,68942,5853.18,8.49,Molasses,10243.07,321924.9
2021-08-01,2021,8,Karnataka,BPCL,FS101469,79376,7985.23,10.06,Broken Rice,13974.15,439187.65
2021-09-01,2021,9,Karnataka,BPCL,FS101470,23630,1561.94,6.61,Broken Rice,2733.39,85906.7
2021-10-01,2021,10,Karnataka,IOC,FS101471,63739,6055.2,9.5,Broken Rice,10596.6,333036.0
2021-11-01,2021,11,Karnataka,BPCL,FS101472,75657,3745.02,4.95,Molasses,6553.78,205976.1
2021-12-01,2021,12,Karnataka,IOC,FS101473,59375,6739.06,11.35,Sugarcane,11793.36,370648.3
2022-01-01,2022,1,Karnataka,HPCL,FS101474,40167,3060.73,7.62,Sugarcane,5356.28,168340.15
2022-02-01,2022,2,Karnataka,BPCL,FS101475,39376,3740.72,9.5,Molasses,6546.26,205739.6
2022-03-01,2022,3,Karnataka,IOC,FS101476,47895,4870.92,10.17,Sugarcane,8524.11,267900.6
2022-04-01,2022,4,Karnataka,IOC,FS101477,23696,2234.53,9.43,Molasses,3910.43,122899.15
2022-05-01,2022,5,Karnataka,IOC,FS101478,27385,4628.06,16.9,Sugarcane,8099.11,254543.3
2022-06-01,2022,6,Karnataka,HPCL,FS101479,76244,12183.79,15.98,Sugarcane,21321.63,670108.45
2022-07-01,2022,7,Karnataka,BPCL,FS101480,8495,737.37,8.68,Broken Rice,1290.4,40555.35
2022-08-01,2022,8,Karnataka,IOC,FS101481,9552,898.84,9.41,Sugarcane,1572.97,49436.2
2022-09-01,2022,9,Karnataka,IOC,FS101482,31889,2410.81,7.56,Maize,4218.92,132594.55
2022-10-01,2022,10,Karnataka,HPCL,FS101483,78190,11306.27,14.46,Molasses,19785.97,621844.85
2022-11-01,2022,11,Karnataka,HPCL,FS101484,45394,2147.14,4.73,Molasses,3757.49,118092.7
2022-12-01,2022,12,Karnataka,BPCL,FS101485,21016,1996.52,9.5,Molasses,3493.91,109808.6
2023-01-01,2023,1,Karnataka,BPCL,FS101486,46367,7274.98,15.69,Maize,12731.22,400123.9
2023-02-01,2023,2,Karnataka,IOC,FS101487,71456,4566.04,6.39,Broken Rice,7990.57,251132.2
2023-03-01,2023,3,Karnataka,BPCL,FS101488,45040,8611.65,19.12,Broken Rice,15070.39,473640.75
2023-04-01,2023,4,Karnataka,HPCL,FS101489,46762,6658.91,14.24,Broken Rice,11653.09,366240.05
2023-05-01,2023,5,Karnataka,IOC,FS101490,47779,6927.95,14.5,Broken Rice,12123.91,381037.25
2023-06-01,2023,6,Karnataka,IOC,FS101491,22141,4038.52,18.24,Maize,7067.41,222118.6
2023-07-01,2023,7,Karnataka,IOC,FS101492,12582,2312.57,18.38,Sugarcane,4047.0,127191.35
2023-08-01,2023,8,Karnataka,BPCL,FS101493,45011,2057.0,4.57,Molasses,3599.75,113135.0
2023-09-01,2023,9,Karnataka,HPCL,FS101494,53254,5863.27,11.01,Sugarcane,10260.72,322479.85
2023-10-01,2023,10,Karnataka,IOC,FS101495,60344,6891.28,11.42,Maize,12059.74,379020.4
2023-11-01,2023,11,Karnataka,IOC,FS101496,33739,2911.68,8.63,Molasses,5095.44,160142.4
2023-12-01,2023,12,Karnataka,BPCL,FS101497,23116,272.77,1.18,Molasses,477.35,15002.35
2024-01-01,2024,1,Karnataka,BPCL,FS101498,72148,15511.82,21.5,Molasses,27145.68,853150.1
2024-02-01,2024,2,Karnataka,BPCL,FS101499,66446,14285.89,21.5,Maize,25000.31,785723.95
2024-03-01,2024,3,Karnataka,IOC,FS101500,47041,4812.29,10.23,Broken Rice,8421.51,264675.95
2024-04-01,2024,4,Karnataka,HPCL,FS101501,12994,1828.26,14.07,Maize,3199.45,100554.3
2024-05-01,2024,5,Karnataka,HPCL,FS101502,76367,15372.68,20.13,Molasses,26902.19,845497.4
2024-06-01,2024,6,Karnataka,HPCL,FS101503,9996,1824.27,18.25,Maize,3192.47,100334.85
2024-07-01,2024,7,Karnataka,BPCL,FS101504,78726,16823.75,21.37,Maize,29441.56,925306.25
2024-08-01,2024,8,Karnataka,HPCL,FS101505,30884,3940.8,12.76,Maize,6896.4,216744.0
2024-09-01,2024,9,Karnataka,HPCL,FS101506,42178,3964.73,9.4,Broken Rice,6938.28,218060.15
2024-10-01,2024,10,Karnataka,BPCL,FS101507,8534,1784.46,20.91,Sugarcane,3122.81,98145.3
2024-11-01,2024,11,Karnataka,IOC,FS101508,74708,12446.35,16.66,Sugarcane,21781.11,684549.25
2024-12-01,2024,12,Karnataka,IOC,FS101509,42409,2400.35,5.66,Broken Rice,4200.61,132019.25
2025-01-01,2025,1,Karnataka,IOC,FS101510,8363,995.2,11.9,Broken Rice,1741.6,54736.0
2025-02-01,2025,2,Karnataka,HPCL,FS101511,11240,1481.43,13.18,Maize,2592.5,81478.65
2025-03-01,2025,3,Karnataka,BPCL,FS101512,8882,1782.62,20.07,Maize,3119.59,98044.1
2025-04-01,2025,4,Karnataka,IOC,FS101513,38825,6992.38,18.01,Molasses,12236.67,384580.9
2025-05-01,2025,5,Karnataka,IOC,FS101514,76619,15660.92,20.44,Maize,27406.61,861350.6
2025-06-01,2025,6,Karnataka,IOC,FS101515,58017,12473.66,21.5,Maize,21828.9,686051.3
2025-07-01,2025,7,Karnataka,BPCL,FS101516,72952,13255.38,18.17,Molasses,23196.91,729045.9
2025-08-01,2025,8,Karnataka,HPCL,FS101517,47752,2559.51,5.36,Molasses,4479.14,140773.05
2025-09-01,2025,9,Karnataka,BPCL,FS101518,74275,10821.87,14.57,Molasses,18938.27,595202.85
2025-10-01,2025,10,Karnataka,BPCL,FS101519,17327,2841.63,16.4,Sugarcane,4972.85,156289.65
2025-11-01,2025,11,Karnataka,IOC,FS101520,21749,4676.03,21.5,Maize,8183.05,257181.65
2025-12-01,2025,12,Karnataka,BPCL,FS101521,17045,2384.6,13.99,Sugarcane,4173.05,131153.0
2026-01-01,2026,1,Karnataka,IOC,FS101522,38935,8371.02,21.5,Molasses,14649.28,460406.1
2026-02-01,2026,2,Karnataka,HPCL,FS101523,39624,7385.91,18.64,Broken Rice,12925.34,406225.05
2026-03-01,2026,3,Karnataka,IOC,FS101524,23734,1295.88,5.46,Maize,2267.79,71273.4
2026-04-01,2026,4,Karnataka,BPCL,FS101525,48325,8582.52,17.76,Maize,15019.41,472038.6
2026-05-01,2026,5,Karnataka,IOC,FS101526,71753,13819.63,19.26,Broken Rice,24184.35,760079.65
2026-06-01,2026,6,Karnataka,IOC,FS101527,24453,5257.39,21.5,Molasses,9200.43,289156.45
2026-07-01,2026,7,Karnataka,IOC,FS101528,56570,10918.01,19.3,Sugarcane,19106.52,600490.55
2015-01-01,2015,1,Kerala,BPCL,FS101529,10779,94.86,0.88,Molasses,166.0,5217.3
2015-02-01,2015,2,Kerala,IOC,FS101530,59482,987.4,1.66,Molasses,1727.95,54307.0
2015-03-01,2015,3,Kerala,BPCL,FS101531,25400,619.76,2.44,Maize,1084.58,34086.8
2015-04-01,2015,4,Kerala,BPCL,FS101532,27222,539.0,1.98,Molasses,943.25,29645.0
2015-05-01,2015,5,Kerala,BPCL,FS101533,49139,1110.54,2.26,Sugarcane,1943.44,61079.7
2015-06-01,2015,6,Kerala,BPCL,FS101534,39406,1111.25,2.82,Broken Rice,1944.69,61118.75
2015-07-01,2015,7,Kerala,IOC,FS101535,31777,587.87,1.85,Sugarcane,1028.77,32332.85
2015-08-01,2015,8,Kerala,HPCL,FS101536,48701,1548.69,3.18,Broken Rice,2710.21,85177.95
2015-09-01,2015,9,Kerala,IOC,FS101537,40427,1330.05,3.29,Maize,2327.59,73152.75
2015-10-01,2015,10,Kerala,IOC,FS101538,35689,760.18,2.13,Maize,1330.31,41809.9
2015-11-01,2015,11,Kerala,HPCL,FS101539,29341,803.94,2.74,Maize,1406.89,44216.7
2015-12-01,2015,12,Kerala,HPCL,FS101540,76416,1092.75,1.43,Maize,1912.31,60101.25
2016-01-01,2016,1,Kerala,BPCL,FS101541,42695,1878.58,4.4,Sugarcane,3287.51,103321.9
2016-02-01,2016,2,Kerala,BPCL,FS101542,35829,670.0,1.87,Sugarcane,1172.5,36850.0
2016-03-01,2016,3,Kerala,IOC,FS101543,67164,2350.74,3.5,Broken Rice,4113.8,129290.7
2016-04-01,2016,4,Kerala,HPCL,FS101544,11326,249.17,2.2,Maize,436.05,13704.35
2016-05-01,2016,5,Kerala,BPCL,FS101545,12763,426.28,3.34,Broken Rice,745.99,23445.4
2016-06-01,2016,6,Kerala,BPCL,FS101546,45860,1738.09,3.79,Sugarcane,3041.66,95594.95
2016-07-01,2016,7,Kerala,HPCL,FS101547,60311,2539.09,4.21,Maize,4443.41,139649.95
2016-08-01,2016,8,Kerala,HPCL,FS101548,51790,2170.0,4.19,Molasses,3797.5,119350.0
2016-09-01,2016,9,Kerala,IOC,FS101549,13636,549.53,4.03,Sugarcane,961.68,30224.15
2016-10-01,2016,10,Kerala,HPCL,FS101550,8654,187.79,2.17,Maize,328.63,10328.45
2016-11-01,2016,11,Kerala,BPCL,FS101551,63934,2800.31,4.38,Molasses,4900.54,154017.05
2016-12-01,2016,12,Kerala,HPCL,FS101552,56867,818.88,1.44,Molasses,1433.04,45038.4
2017-01-01,2017,1,Kerala,IOC,FS101553,35200,1073.6,3.05,Maize,1878.8,59048.0
2017-02-01,2017,2,Kerala,HPCL,FS101554,47148,1669.04,3.54,Molasses,2920.82,91797.2
2017-03-01,2017,3,Kerala,IOC,FS101555,50470,2205.54,4.37,Broken Rice,3859.69,121304.7
2017-04-01,2017,4,Kerala,IOC,FS101556,78247,3129.88,4.0,Broken Rice,5477.29,172143.4
2017-05-01,2017,5,Kerala,HPCL,FS101557,21161,1011.5,4.78,Sugarcane,1770.12,55632.5
2017-06-01,2017,6,Kerala,IOC,FS101558,74543,4569.49,6.13,Molasses,7996.61,251321.95
2017-07-01,2017,7,Kerala,IOC,FS101559,18763,726.13,3.87,Molasses,1270.73,39937.15
2017-08-01,2017,8,Kerala,IOC,FS101560,35105,2169.49,6.18,Maize,3796.61,119321.95
2017-09-01,2017,9,Kerala,BPCL,FS101561,59567,3812.29,6.4,Maize,6671.51,209675.95
2017-10-01,2017,10,Kerala,BPCL,FS101562,36742,1458.66,3.97,Maize,2552.66,80226.3
2017-11-01,2017,11,Kerala,IOC,FS101563,54762,1582.62,2.89,Molasses,2769.59,87044.1
2017-12-01,2017,12,Kerala,IOC,FS101564,77202,3095.8,4.01,Broken Rice,5417.65,170269.0
2018-01-01,2018,1,Kerala,BPCL,FS101565,79051,4055.32,5.13,Broken Rice,7096.81,223042.6
2018-02-01,2018,2,Kerala,BPCL,FS101566,11681,378.46,3.24,Molasses,662.3,20815.3
2018-03-01,2018,3,Kerala,IOC,FS101567,50292,1010.87,2.01,Broken Rice,1769.02,55597.85
2018-04-01,2018,4,Kerala,BPCL,FS101568,64574,4526.64,7.01,Broken Rice,7921.62,248965.2
2018-05-01,2018,5,Kerala,IOC,FS101569,35675,1298.57,3.64,Maize,2272.5,71421.35
2018-06-01,2018,6,Kerala,BPCL,FS101570,27177,1290.91,4.75,Molasses,2259.09,71000.05
2018-07-01,2018,7,Kerala,IOC,FS101571,76447,3394.25,4.44,Broken Rice,5939.94,186683.75
2018-08-01,2018,8,Kerala,BPCL,FS101572,36333,1431.52,3.94,Sugarcane,2505.16,78733.6
2018-09-01,2018,9,Kerala,BPCL,FS101573,48870,2326.21,4.76,Maize,4070.87,127941.55
2018-10-01,2018,10,Kerala,BPCL,FS101574,8835,612.27,6.93,Sugarcane,1071.47,33674.85
2018-11-01,2018,11,Kerala,HPCL,FS101575,45335,1790.73,3.95,Broken Rice,3133.78,98490.15
2018-12-01,2018,12,Kerala,HPCL,FS101576,76143,3662.48,4.81,Maize,6409.34,201436.4
2019-01-01,2019,1,Kerala,HPCL,FS101577,39099,1892.39,4.84,Broken Rice,3311.68,104081.45
2019-02-01,2019,2,Kerala,BPCL,FS101578,48387,4403.22,9.1,Molasses,7705.64,242177.1
2019-03-01,2019,3,Kerala,BPCL,FS101579,11491,710.14,6.18,Molasses,1242.74,39057.7
2019-04-01,2019,4,Kerala,HPCL,FS101580,66097,4725.94,7.15,Maize,8270.39,259926.7
2019-05-01,2019,5,Kerala,HPCL,FS101581,33163,2125.75,6.41,Molasses,3720.06,116916.25
2019-06-01,2019,6,Kerala,HPCL,FS101582,72926,5498.62,7.54,Sugarcane,9622.58,302424.1
2019-07-01,2019,7,Kerala,BPCL,FS101583,11317,585.09,5.17,Broken Rice,1023.91,32179.95
2019-08-01,2019,8,Kerala,IOC,FS101584,76593,1493.56,1.95,Molasses,2613.73,82145.8
2019-09-01,2019,9,Kerala,IOC,FS101585,73938,4303.19,5.82,Sugarcane,7530.58,236675.45
2019-10-01,2019,10,Kerala,BPCL,FS101586,41635,2090.08,5.02,Sugarcane,3657.64,114954.4
2019-11-01,2019,11,Kerala,HPCL,FS101587,23366,1196.34,5.12,Sugarcane,2093.59,65798.7
2019-12-01,2019,12,Kerala,IOC,FS101588,47236,2465.72,5.22,Molasses,4315.01,135614.6
2020-01-01,2020,1,Kerala,HPCL,FS101589,27423,1258.72,4.59,Maize,2202.76,69229.6
2020-02-01,2020,2,Kerala,BPCL,FS101590,42235,4143.25,9.81,Sugarcane,7250.69,227878.75
2020-03-01,2020,3,Kerala,HPCL,FS101591,71879,3795.21,5.28,Sugarcane,6641.62,208736.55
2020-04-01,2020,4,Kerala,IOC,FS101592,9168,571.17,6.23,Molasses,999.55,31414.35
2020-05-01,2020,5,Kerala,IOC,FS101593,23032,1563.87,6.79,Maize,2736.77,86012.85
2020-06-01,2020,6,Kerala,BPCL,FS101594,38270,2839.63,7.42,Broken Rice,4969.35,156179.65
2020-07-01,2020,7,Kerala,HPCL,FS101595,72817,4165.13,5.72,Molasses,7288.98,229082.15
2020-08-01,2020,8,Kerala,IOC,FS101596,47132,3219.12,6.83,Sugarcane,5633.46,177051.6
2020-09-01,2020,9,Kerala,HPCL,FS101597,63390,4152.05,6.55,Sugarcane,7266.09,228362.75
2020-10-01,2020,10,Kerala,BPCL,FS101598,77711,4165.31,5.36,Sugarcane,7289.29,229092.05
2020-11-01,2020,11,Kerala,BPCL,FS101599,11443,862.8,7.54,Broken Rice,1509.9,47454.0
2020-12-01,2020,12,Kerala,BPCL,FS101600,79260,4240.41,5.35,Maize,7420.72,233222.55
2021-01-01,2021,1,Kerala,HPCL,FS101601,66560,6363.14,9.56,Molasses,11135.5,349972.7
2021-02-01,2021,2,Kerala,IOC,FS101602,57703,4021.9,6.97,Broken Rice,7038.32,221204.5
2021-03-01,2021,3,Kerala,HPCL,FS101603,22390,2565.89,11.46,Sugarcane,4490.31,141123.95
2021-04-01,2021,4,Kerala,IOC,FS101604,18748,1434.22,7.65,Maize,2509.89,78882.1
2021-05-01,2021,5,Kerala,BPCL,FS101605,30738,2864.78,9.32,Broken Rice,5013.37,157562.9
2021-06-01,2021,6,Kerala,HPCL,FS101606,19182,1379.19,7.19,Maize,2413.58,75855.45
2021-07-01,2021,7,Kerala,BPCL,FS101607,70013,5720.06,8.17,Broken Rice,10010.11,314603.3
2021-08-01,2021,8,Kerala,HPCL,FS101608,16949,1574.56,9.29,Sugarcane,2755.48,86600.8
2021-09-01,2021,9,Kerala,HPCL,FS101609,79206,5679.07,7.17,Broken Rice,9938.37,312348.85
2021-10-01,2021,10,Kerala,IOC,FS101610,59012,8981.63,15.22,Molasses,15717.85,493989.65
2021-11-01,2021,11,Kerala,BPCL,FS101611,25106,2005.97,7.99,Maize,3510.45,110328.35
2021-12-01,2021,12,Kerala,BPCL,FS101612,29120,2614.98,8.98,Sugarcane,4576.22,143823.9
2022-01-01,2022,1,Kerala,HPCL,FS101613,67643,7731.59,11.43,Molasses,13530.28,425237.45
2022-02-01,2022,2,Kerala,IOC,FS101614,57570,5745.49,9.98,Broken Rice,10054.61,316001.95
2022-03-01,2022,3,Kerala,BPCL,FS101615,58251,5574.62,9.57,Broken Rice,9755.58,306604.1
2022-04-01,2022,4,Kerala,IOC,FS101616,74606,7676.96,10.29,Sugarcane,13434.68,422232.8
2022-05-01,2022,5,Kerala,HPCL,FS101617,70559,3309.22,4.69,Broken Rice,5791.13,182007.1
2022-06-01,2022,6,Kerala,BPCL,FS101618,73439,367.19,0.5,Broken Rice,642.58,20195.45
2022-07-01,2022,7,Kerala,HPCL,FS101619,74214,9135.74,12.31,Molasses,15987.55,502465.7
2022-08-01,2022,8,Kerala,IOC,FS101620,75038,6828.46,9.1,Sugarcane,11949.81,375565.3
2022-09-01,2022,9,Kerala,BPCL,FS101621,24198,1098.59,4.54,Maize,1922.53,60422.45
2022-10-01,2022,10,Kerala,BPCL,FS101622,39213,835.24,2.13,Molasses,1461.67,45938.2
2022-11-01,2022,11,Kerala,HPCL,FS101623,43362,3026.67,6.98,Broken Rice,5296.67,166466.85
2022-12-01,2022,12,Kerala,BPCL,FS101624,79846,13725.53,17.19,Sugarcane,24019.68,754904.15
2023-01-01,2023,1,Kerala,IOC,FS101625,64523,8471.87,13.13,Molasses,14825.77,465952.85
2023-02-01,2023,2,Kerala,BPCL,FS101626,21180,2143.42,10.12,Broken Rice,3750.99,117888.1
2023-03-01,2023,3,Kerala,BPCL,FS101627,44931,4120.17,9.17,Broken Rice,7210.3,226609.35
2023-04-01,2023,4,Kerala,HPCL,FS101628,13470,1927.56,14.31,Molasses,3373.23,106015.8
2023-05-01,2023,5,Kerala,BPCL,FS101629,46507,4585.59,9.86,Sugarcane,8024.78,252207.45
2023-06-01,2023,6,Kerala,BPCL,FS101630,37661,2530.82,6.72,Maize,4428.94,139195.1
2023-07-01,2023,7,Kerala,BPCL,FS101631,41085,1318.83,3.21,Sugarcane,2307.95,72535.65
2023-08-01,2023,8,Kerala,IOC,FS101632,50982,5582.53,10.95,Broken Rice,9769.43,307039.15
2023-09-01,2023,9,Kerala,HPCL,FS101633,41477,7071.83,17.05,Maize,12375.7,388950.65
2023-10-01,2023,10,Kerala,BPCL,FS101634,28805,5625.62,19.53,Maize,9844.83,309409.1
2023-11-01,2023,11,Kerala,BPCL,FS101635,16177,1386.37,8.57,Sugarcane,2426.15,76250.35
2023-12-01,2023,12,Kerala,HPCL,FS101636,13495,2399.41,17.78,Broken Rice,4198.97,131967.55
2024-01-01,2024,1,Kerala,BPCL,FS101637,14743,1083.61,7.35,Molasses,1896.32,59598.55
2024-02-01,2024,2,Kerala,IOC,FS101638,36552,4919.9,13.46,Molasses,8609.82,270594.5
2024-03-01,2024,3,Kerala,HPCL,FS101639,51730,4267.73,8.25,Sugarcane,7468.53,234725.15
2024-04-01,2024,4,Kerala,IOC,FS101640,66535,5236.3,7.87,Molasses,9163.52,287996.5
2024-05-01,2024,5,Kerala,BPCL,FS101641,50462,2099.22,4.16,Broken Rice,3673.63,115457.1
2024-06-01,2024,6,Kerala,IOC,FS101642,71749,12226.03,17.04,Molasses,21395.55,672431.65
2024-07-01,2024,7,Kerala,IOC,FS101643,62512,8595.4,13.75,Molasses,15041.95,472747.0
2024-08-01,2024,8,Kerala,HPCL,FS101644,51481,3233.01,6.28,Sugarcane,5657.77,177815.55
2024-09-01,2024,9,Kerala,BPCL,FS101645,59638,6399.16,10.73,Broken Rice,11198.53,351953.8
2024-10-01,2024,10,Kerala,HPCL,FS101646,78601,16899.22,21.5,Broken Rice,29573.64,929457.1
2024-11-01,2024,11,Kerala,IOC,FS101647,11407,2452.51,21.5,Sugarcane,4291.89,134888.05
2024-12-01,2024,12,Kerala,IOC,FS101648,34505,1514.77,4.39,Broken Rice,2650.85,83312.35
2025-01-01,2025,1,Kerala,BPCL,FS101649,51169,8734.55,17.07,Molasses,15285.46,480400.25
2025-02-01,2025,2,Kerala,HPCL,FS101650,11880,2242.94,18.88,Molasses,3925.14,123361.7
2025-03-01,2025,3,Kerala,HPCL,FS101651,51539,8354.47,16.21,Molasses,14620.32,459495.85
2025-04-01,2025,4,Kerala,IOC,FS101652,68102,11938.28,17.53,Maize,20891.99,656605.4
2025-05-01,2025,5,Kerala,HPCL,FS101653,51333,4086.11,7.96,Sugarcane,7150.69,224736.05
2025-06-01,2025,6,Kerala,IOC,FS101654,27073,5612.23,20.73,Broken Rice,9821.4,308672.65
2025-07-01,2025,7,Kerala,BPCL,FS101655,64920,11049.38,17.02,Molasses,19336.41,607715.9
2025-08-01,2025,8,Kerala,HPCL,FS101656,32624,6263.81,19.2,Molasses,10961.67,344509.55
2025-09-01,2025,9,Kerala,IOC,FS101657,54705,8413.63,15.38,Maize,14723.85,462749.65
2025-10-01,2025,10,Kerala,HPCL,FS101658,22116,4390.03,19.85,Sugarcane,7682.55,241451.65
2025-11-01,2025,11,Kerala,BPCL,FS101659,38286,6516.28,17.02,Broken Rice,11403.49,358395.4
2025-12-01,2025,12,Kerala,BPCL,FS101660,34639,7447.39,21.5,Broken Rice,13032.93,409606.45
2026-01-01,2026,1,Kerala,BPCL,FS101661,40930,8799.95,21.5,Maize,15399.91,483997.25
2026-02-01,2026,2,Kerala,BPCL,FS101662,21403,4601.64,21.5,Molasses,8052.87,253090.2
2026-03-01,2026,3,Kerala,IOC,FS101663,39932,8585.38,21.5,Broken Rice,15024.41,472195.9
2026-04-01,2026,4,Kerala,HPCL,FS101664,41332,6509.79,15.75,Maize,11392.13,358038.45
2026-05-01,2026,5,Kerala,HPCL,FS101665,43268,7429.12,17.17,Maize,13000.96,408601.6
2026-06-01,2026,6,Kerala,HPCL,FS101666,55663,11967.55,21.5,Molasses,20943.21,658215.25
2026-07-01,2026,7,Kerala,HPCL,FS101667,32127,6907.31,21.5,Broken Rice,12087.79,379902.05
2015-01-01,2015,1,Madhya Pradesh,IOC,FS101668,55997,571.17,1.02,Maize,999.55,31414.35
2015-02-01,2015,2,Madhya Pradesh,HPCL,FS101669,79743,2280.65,2.86,Molasses,3991.14,125435.75
2015-03-01,2015,3,Madhya Pradesh,IOC,FS101670,44929,350.45,0.78,Molasses,613.29,19274.75
2015-04-01,2015,4,Madhya Pradesh,HPCL,FS101671,12042,151.73,1.26,Molasses,265.53,8345.15
2015-05-01,2015,5,Madhya Pradesh,HPCL,FS101672,35938,729.54,2.03,Maize,1276.69,40124.7
2015-06-01,2015,6,Madhya Pradesh,HPCL,FS101673,69720,1903.36,2.73,Molasses,3330.88,104684.8
2015-07-01,2015,7,Madhya Pradesh,HPCL,FS101674,20161,211.69,1.05,Maize,370.46,11642.95
2015-08-01,2015,8,Madhya Pradesh,BPCL,FS101675,68924,1578.36,2.29,Maize,2762.13,86809.8
2015-09-01,2015,9,Madhya Pradesh,BPCL,FS101676,8229,158.0,1.92,Sugarcane,276.5,8690.0
2015-10-01,2015,10,Madhya Pradesh,IOC,FS101677,22345,625.66,2.8,Broken Rice,1094.9,34411.3
2015-11-01,2015,11,Madhya Pradesh,BPCL,FS101678,27950,690.37,2.47,Molasses,1208.15,37970.35
2015-12-01,2015,12,Madhya Pradesh,BPCL,FS101679,66032,1248.0,1.89,Molasses,2184.0,68640.0
2016-01-01,2016,1,Madhya Pradesh,HPCL,FS101680,22292,1003.14,4.5,Maize,1755.49,55172.7
2016-02-01,2016,2,Madhya Pradesh,IOC,FS101681,75838,2965.27,3.91,Maize,5189.22,163089.85
2016-03-01,2016,3,Madhya Pradesh,BPCL,FS101682,17472,836.91,4.79,Molasses,1464.59,46030.05
2016-04-01,2016,4,Madhya Pradesh,IOC,FS101683,33523,636.94,1.9,Broken Rice,1114.64,35031.7
2016-05-01,2016,5,Madhya Pradesh,HPCL,FS101684,51162,2338.1,4.57,Broken Rice,4091.67,128595.5
2016-06-01,2016,6,Madhya Pradesh,BPCL,FS101685,36477,1196.45,3.28,Maize,2093.79,65804.75
2016-07-01,2016,7,Madhya Pradesh,HPCL,FS101686,49445,1809.69,3.66,Maize,3166.96,99532.95
2016-08-01,2016,8,Madhya Pradesh,IOC,FS101687,37685,557.74,1.48,Molasses,976.05,30675.7
2016-09-01,2016,9,Madhya Pradesh,HPCL,FS101688,57756,1761.56,3.05,Sugarcane,3082.73,96885.8
2016-10-01,2016,10,Madhya Pradesh,IOC,FS101689,56733,2643.76,4.66,Broken Rice,4626.58,145406.8
2016-11-01,2016,11,Madhya Pradesh,BPCL,FS101690,68277,1249.47,1.83,Maize,2186.57,68720.85
2016-12-01,2016,12,Madhya Pradesh,IOC,FS101691,57990,2139.83,3.69,Maize,3744.7,117690.65
2017-01-01,2017,1,Madhya Pradesh,HPCL,FS101692,38733,1681.01,4.34,Sugarcane,2941.77,92455.55
2017-02-01,2017,2,Madhya Pradesh,IOC,FS101693,56632,1885.85,3.33,Sugarcane,3300.24,103721.75
2017-03-01,2017,3,Madhya Pradesh,IOC,FS101694,25948,498.2,1.92,Sugarcane,871.85,27401.0
2017-04-01,2017,4,Madhya Pradesh,HPCL,FS101695,46826,2420.9,5.17,Sugarcane,4236.57,133149.5
2017-05-01,2017,5,Madhya Pradesh,HPCL,FS101696,20963,555.52,2.65,Sugarcane,972.16,30553.6
2017-06-01,2017,6,Madhya Pradesh,IOC,FS101697,74617,3827.85,5.13,Broken Rice,6698.74,210531.75
2017-07-01,2017,7,Madhya Pradesh,BPCL,FS101698,45528,2481.28,5.45,Maize,4342.24,136470.4
2017-08-01,2017,8,Madhya Pradesh,BPCL,FS101699,73602,3540.26,4.81,Sugarcane,6195.45,194714.3
2017-09-01,2017,9,Madhya Pradesh,BPCL,FS101700,77206,4477.95,5.8,Sugarcane,7836.41,246287.25
2017-10-01,2017,10,Madhya Pradesh,BPCL,FS101701,53717,1702.83,3.17,Molasses,2979.95,93655.65
2017-11-01,2017,11,Madhya Pradesh,IOC,FS101702,31104,1094.86,3.52,Molasses,1916.0,60217.3
2017-12-01,2017,12,Madhya Pradesh,IOC,FS101703,64058,3401.48,5.31,Sugarcane,5952.59,187081.4
2018-01-01,2018,1,Madhya Pradesh,IOC,FS101704,12141,624.05,5.14,Sugarcane,1092.09,34322.75
2018-02-01,2018,2,Madhya Pradesh,HPCL,FS101705,78871,3304.69,4.19,Broken Rice,5783.21,181757.95
2018-03-01,2018,3,Madhya Pradesh,BPCL,FS101706,67840,4416.38,6.51,Molasses,7728.66,242900.9
2018-04-01,2018,4,Madhya Pradesh,HPCL,FS101707,28002,1394.5,4.98,Maize,2440.38,76697.5
2018-05-01,2018,5,Madhya Pradesh,HPCL,FS101708,74830,4332.66,5.79,Sugarcane,7582.15,238296.3
2018-06-01,2018,6,Madhya Pradesh,IOC,FS101709,32398,1461.15,4.51,Maize,2557.01,80363.25
2018-07-01,2018,7,Madhya Pradesh,BPCL,FS101710,19801,413.84,2.09,Broken Rice,724.22,22761.2
2018-08-01,2018,8,Madhya Pradesh,IOC,FS101711,24559,1102.7,4.49,Sugarcane,1929.73,60648.5
2018-09-01,2018,9,Madhya Pradesh,HPCL,FS101712,33251,1632.62,4.91,Maize,2857.09,89794.1
2018-10-01,2018,10,Madhya Pradesh,IOC,FS101713,27643,1619.88,5.86,Sugarcane,2834.79,89093.4
2018-11-01,2018,11,Madhya Pradesh,HPCL,FS101714,75288,3064.22,4.07,Molasses,5362.38,168532.1
2018-12-01,2018,12,Madhya Pradesh,BPCL,FS101715,75136,5109.25,6.8,Broken Rice,8941.19,281008.75
2019-01-01,2019,1,Madhya Pradesh,IOC,FS101716,9132,263.91,2.89,Molasses,461.84,14515.05
2019-02-01,2019,2,Madhya Pradesh,IOC,FS101717,46563,577.38,1.24,Sugarcane,1010.41,31755.9
2019-03-01,2019,3,Madhya Pradesh,IOC,FS101718,66901,5512.64,8.24,Maize,9647.12,303195.2
2019-04-01,2019,4,Madhya Pradesh,BPCL,FS101719,54691,1711.83,3.13,Sugarcane,2995.7,94150.65
2019-05-01,2019,5,Madhya Pradesh,HPCL,FS101720,45534,3419.6,7.51,Broken Rice,5984.3,188078.0
2019-06-01,2019,6,Madhya Pradesh,HPCL,FS101721,47390,2549.58,5.38,Sugarcane,4461.76,140226.9
2019-07-01,2019,7,Madhya Pradesh,BPCL,FS101722,41005,2698.13,6.58,Sugarcane,4721.73,148397.15
2019-08-01,2019,8,Madhya Pradesh,BPCL,FS101723,65184,2529.14,3.88,Broken Rice,4425.99,139102.7
2019-09-01,2019,9,Madhya Pradesh,HPCL,FS101724,18195,629.55,3.46,Maize,1101.71,34625.25
2019-10-01,2019,10,Madhya Pradesh,BPCL,FS101725,52328,3746.68,7.16,Broken Rice,6556.69,206067.4
2019-11-01,2019,11,Madhya Pradesh,HPCL,FS101726,57692,2982.68,5.17,Broken Rice,5219.69,164047.4
2019-12-01,2019,12,Madhya Pradesh,HPCL,FS101727,38562,2737.9,7.1,Maize,4791.32,150584.5
2020-01-01,2020,1,Madhya Pradesh,IOC,FS101728,35818,2063.12,5.76,Sugarcane,3610.46,113471.6
2020-02-01,2020,2,Madhya Pradesh,IOC,FS101729,65705,2687.33,4.09,Sugarcane,4702.83,147803.15
2020-03-01,2020,3,Madhya Pradesh,IOC,FS101730,40317,2334.35,5.79,Sugarcane,4085.11,128389.25
2020-04-01,2020,4,Madhya Pradesh,IOC,FS101731,76045,4471.45,5.88,Sugarcane,7825.04,245929.75
2020-05-01,2020,5,Madhya Pradesh,IOC,FS101732,77468,6321.39,8.16,Broken Rice,11062.43,347676.45
2020-06-01,2020,6,Madhya Pradesh,BPCL,FS101733,46328,2144.99,4.63,Maize,3753.73,117974.45
2020-07-01,2020,7,Madhya Pradesh,IOC,FS101734,66899,5164.6,7.72,Molasses,9038.05,284053.0
2020-08-01,2020,8,Madhya Pradesh,BPCL,FS101735,72824,4609.76,6.33,Molasses,8067.08,253536.8
2020-09-01,2020,9,Madhya Pradesh,BPCL,FS101736,58227,4535.88,7.79,Sugarcane,7937.79,249473.4
2020-10-01,2020,10,Madhya Pradesh,IOC,FS101737,37483,1281.92,3.42,Molasses,2243.36,70505.6
2020-11-01,2020,11,Madhya Pradesh,BPCL,FS101738,31840,1569.71,4.93,Molasses,2746.99,86334.05
2020-12-01,2020,12,Madhya Pradesh,BPCL,FS101739,42929,2412.61,5.62,Broken Rice,4222.07,132693.55
2021-01-01,2021,1,Madhya Pradesh,IOC,FS101740,14041,876.16,6.24,Broken Rice,1533.28,48188.8
2021-02-01,2021,2,Madhya Pradesh,BPCL,FS101741,69954,4057.33,5.8,Maize,7100.33,223153.15
2021-03-01,2021,3,Madhya Pradesh,BPCL,FS101742,13419,636.06,4.74,Molasses,1113.11,34983.3
2021-04-01,2021,4,Madhya Pradesh,HPCL,FS101743,66760,4840.1,7.25,Broken Rice,8470.18,266205.5
2021-05-01,2021,5,Madhya Pradesh,BPCL,FS101744,36718,3396.41,9.25,Sugarcane,5943.72,186802.55
2021-06-01,2021,6,Madhya Pradesh,BPCL,FS101745,45841,2525.84,5.51,Molasses,4420.22,138921.2
2021-07-01,2021,7,Madhya Pradesh,IOC,FS101746,8767,527.77,6.02,Maize,923.6,29027.35
2021-08-01,2021,8,Madhya Pradesh,HPCL,FS101747,50968,4087.63,8.02,Broken Rice,7153.35,224819.65
2021-09-01,2021,9,Madhya Pradesh,BPCL,FS101748,48502,2434.8,5.02,Sugarcane,4260.9,133914.0
2021-10-01,2021,10,Madhya Pradesh,HPCL,FS101749,50498,4090.34,8.1,Sugarcane,7158.1,224968.7
2021-11-01,2021,11,Madhya Pradesh,BPCL,FS101750,25194,1841.68,7.31,Sugarcane,3222.94,101292.4
2021-12-01,2021,12,Madhya Pradesh,BPCL,FS101751,51723,6082.62,11.76,Sugarcane,10644.58,334544.1
2022-01-01,2022,1,Madhya Pradesh,IOC,FS101752,10147,1627.58,16.04,Molasses,2848.26,89516.9
2022-02-01,2022,2,Madhya Pradesh,BPCL,FS101753,69108,10283.27,14.88,Molasses,17995.72,565579.85
2022-03-01,2022,3,Madhya Pradesh,HPCL,FS101754,45755,5788.01,12.65,Maize,10129.02,318340.55
2022-04-01,2022,4,Madhya Pradesh,BPCL,FS101755,29304,2112.82,7.21,Molasses,3697.44,116205.1
2022-05-01,2022,5,Madhya Pradesh,HPCL,FS101756,17490,2167.01,12.39,Sugarcane,3792.27,119185.55
2022-06-01,2022,6,Madhya Pradesh,IOC,FS101757,14862,1055.2,7.1,Broken Rice,1846.6,58036.0
2022-07-01,2022,7,Madhya Pradesh,HPCL,FS101758,57853,6219.2,10.75,Broken Rice,10883.6,342056.0
2022-08-01,2022,8,Madhya Pradesh,HPCL,FS101759,65265,7864.43,12.05,Molasses,13762.75,432543.65
2022-09-01,2022,9,Madhya Pradesh,BPCL,FS101760,32530,5240.58,16.11,Sugarcane,9171.01,288231.9
2022-10-01,2022,10,Madhya Pradesh,IOC,FS101761,12886,1045.05,8.11,Broken Rice,1828.84,57477.75
2022-11-01,2022,11,Madhya Pradesh,HPCL,FS101762,47643,4025.83,8.45,Maize,7045.2,221420.65
2022-12-01,2022,12,Madhya Pradesh,IOC,FS101763,15856,1014.78,6.4,Sugarcane,1775.87,55812.9
2023-01-01,2023,1,Madhya Pradesh,BPCL,FS101764,46506,7036.36,15.13,Sugarcane,12313.63,386999.8
2023-02-01,2023,2,Madhya Pradesh,HPCL,FS101765,75306,8110.46,10.77,Sugarcane,14193.31,446075.3
2023-03-01,2023,3,Madhya Pradesh,BPCL,FS101766,34287,4388.74,12.8,Maize,7680.3,241380.7
2023-04-01,2023,4,Madhya Pradesh,IOC,FS101767,69313,14430.97,20.82,Sugarcane,25254.2,793703.35
2023-05-01,2023,5,Madhya Pradesh,IOC,FS101768,52247,6013.63,11.51,Maize,10523.85,330749.65
2023-06-01,2023,6,Madhya Pradesh,BPCL,FS101769,13544,2516.48,18.58,Broken Rice,4403.84,138406.4
2023-07-01,2023,7,Madhya Pradesh,BPCL,FS101770,79749,4330.37,5.43,Sugarcane,7578.15,238170.35
2023-08-01,2023,8,Madhya Pradesh,BPCL,FS101771,23605,2714.58,11.5,Maize,4750.51,149301.9
2023-09-01,2023,9,Madhya Pradesh,BPCL,FS101772,17493,3760.99,21.5,Maize,6581.73,206854.45
2023-10-01,2023,10,Madhya Pradesh,HPCL,FS101773,24984,3732.61,14.94,Broken Rice,6532.07,205293.55
2023-11-01,2023,11,Madhya Pradesh,IOC,FS101774,57402,10894.9,18.98,Sugarcane,19066.08,599219.5
2023-12-01,2023,12,Madhya Pradesh,IOC,FS101775,43891,4942.13,11.26,Broken Rice,8648.73,271817.15
2024-01-01,2024,1,Madhya Pradesh,BPCL,FS101776,45921,7756.06,16.89,Sugarcane,13573.11,426583.3
2024-02-01,2024,2,Madhya Pradesh,HPCL,FS101777,26562,4786.47,18.02,Maize,8376.32,263255.85
2024-03-01,2024,3,Madhya Pradesh,HPCL,FS101778,75906,14733.35,19.41,Maize,25783.36,810334.25
2024-04-01,2024,4,Madhya Pradesh,BPCL,FS101779,73864,5007.98,6.78,Broken Rice,8763.97,275438.9
2024-05-01,2024,5,Madhya Pradesh,IOC,FS101780,28608,5821.73,20.35,Broken Rice,10188.03,320195.15
2024-06-01,2024,6,Madhya Pradesh,HPCL,FS101781,64017,6708.98,10.48,Molasses,11740.72,368993.9
2024-07-01,2024,7,Madhya Pradesh,IOC,FS101782,39663,3692.63,9.31,Sugarcane,6462.1,203094.65
2024-08-01,2024,8,Madhya Pradesh,HPCL,FS101783,41123,4704.47,11.44,Maize,8232.82,258745.85
2024-09-01,2024,9,Madhya Pradesh,HPCL,FS101784,55599,10157.94,18.27,Broken Rice,17776.4,558686.7
2024-10-01,2024,10,Madhya Pradesh,BPCL,FS101785,53406,9586.38,17.95,Broken Rice,16776.16,527250.9
2024-11-01,2024,11,Madhya Pradesh,BPCL,FS101786,33345,5115.12,15.34,Sugarcane,8951.46,281331.6
2024-12-01,2024,12,Madhya Pradesh,HPCL,FS101787,67557,11579.27,17.14,Maize,20263.72,636859.85
2025-01-01,2025,1,Madhya Pradesh,HPCL,FS101788,66701,14120.6,21.17,Broken Rice,24711.05,776633.0
2025-02-01,2025,2,Madhya Pradesh,IOC,FS101789,36561,6880.78,18.82,Molasses,12041.36,378442.9
2025-03-01,2025,3,Madhya Pradesh,IOC,FS101790,45146,9706.39,21.5,Maize,16986.18,533851.45
2025-04-01,2025,4,Madhya Pradesh,BPCL,FS101791,76607,16470.51,21.5,Broken Rice,28823.39,905878.05
2025-05-01,2025,5,Madhya Pradesh,IOC,FS101792,27157,4103.42,15.11,Sugarcane,7180.99,225688.1
2025-06-01,2025,6,Madhya Pradesh,HPCL,FS101793,13188,2835.42,21.5,Maize,4961.99,155948.1
2025-07-01,2025,7,Madhya Pradesh,HPCL,FS101794,63718,12775.46,20.05,Broken Rice,22357.06,702650.3
2025-08-01,2025,8,Madhya Pradesh,BPCL,FS101795,13796,1557.57,11.29,Maize,2725.75,85666.35
2025-09-01,2025,9,Madhya Pradesh,HPCL,FS101796,37825,7852.47,20.76,Molasses,13741.82,431885.85
2025-10-01,2025,10,Madhya Pradesh,IOC,FS101797,76322,16409.23,21.5,Broken Rice,28716.15,902507.65
2025-11-01,2025,11,Madhya Pradesh,BPCL,FS101798,43507,3441.4,7.91,Broken Rice,6022.45,189277.0
2025-12-01,2025,12,Madhya Pradesh,IOC,FS101799,31806,6838.29,21.5,Sugarcane,11967.01,376105.95
2026-01-01,2026,1,Madhya Pradesh,IOC,FS101800,50616,7243.15,14.31,Maize,12675.51,398373.25
2026-02-01,2026,2,Madhya Pradesh,BPCL,FS101801,18976,4079.84,21.5,Maize,7139.72,224391.2
2026-03-01,2026,3,Madhya Pradesh,IOC,FS101802,41688,7291.23,17.49,Broken Rice,12759.65,401017.65
2026-04-01,2026,4,Madhya Pradesh,IOC,FS101803,10017,2153.65,21.5,Broken Rice,3768.89,118450.75
2026-05-01,2026,5,Madhya Pradesh,BPCL,FS101804,59586,12810.99,21.5,Broken Rice,22419.23,704604.45
2026-06-01,2026,6,Madhya Pradesh,IOC,FS101805,42206,6596.8,15.63,Molasses,11544.4,362824.0
2026-07-01,2026,7,Madhya Pradesh,IOC,FS101806,43031,9251.66,21.5,Molasses,16190.4,508841.3
2015-01-01,2015,1,Maharashtra,BPCL,FS101807,65851,1501.4,2.28,Molasses,2627.45,82577.0
2015-02-01,2015,2,Maharashtra,BPCL,FS101808,65894,1825.26,2.77,Molasses,3194.2,100389.3
2015-03-01,2015,3,Maharashtra,IOC,FS101809,22591,411.16,1.82,Maize,719.53,22613.8
2015-04-01,2015,4,Maharashtra,BPCL,FS101810,18929,365.33,1.93,Molasses,639.33,20093.15
2015-05-01,2015,5,Maharashtra,IOC,FS101811,31519,453.87,1.44,Molasses,794.27,24962.85
2015-06-01,2015,6,Maharashtra,BPCL,FS101812,36840,906.26,2.46,Broken Rice,1585.95,49844.3
2015-07-01,2015,7,Maharashtra,BPCL,FS101813,21265,236.04,1.11,Molasses,413.07,12982.2
2015-08-01,2015,8,Maharashtra,IOC,FS101814,28539,622.15,2.18,Maize,1088.76,34218.25
2015-09-01,2015,9,Maharashtra,HPCL,FS101815,17215,468.25,2.72,Molasses,819.44,25753.75
2015-10-01,2015,10,Maharashtra,BPCL,FS101816,33008,927.52,2.81,Maize,1623.16,51013.6
2015-11-01,2015,11,Maharashtra,IOC,FS101817,32976,623.25,1.89,Sugarcane,1090.69,34278.75
2015-12-01,2015,12,Maharashtra,HPCL,FS101818,12700,132.08,1.04,Sugarcane,231.14,7264.4
2016-01-01,2016,1,Maharashtra,BPCL,FS101819,15526,270.15,1.74,Broken Rice,472.76,14858.25
2016-02-01,2016,2,Maharashtra,IOC,FS101820,15910,747.77,4.7,Maize,1308.6,41127.35
2016-03-01,2016,3,Maharashtra,BPCL,FS101821,9951,324.4,3.26,Sugarcane,567.7,17842.0
2016-04-01,2016,4,Maharashtra,IOC,FS101822,49954,779.28,1.56,Maize,1363.74,42860.4
2016-05-01,2016,5,Maharashtra,IOC,FS101823,8595,324.89,3.78,Maize,568.56,17868.95
2016-06-01,2016,6,Maharashtra,IOC,FS101824,33020,1172.21,3.55,Molasses,2051.37,64471.55
2016-07-01,2016,7,Maharashtra,IOC,FS101825,52912,1555.61,2.94,Maize,2722.32,85558.55
2016-08-01,2016,8,Maharashtra,HPCL,FS101826,51005,1463.84,2.87,Molasses,2561.72,80511.2
2016-09-01,2016,9,Maharashtra,HPCL,FS101827,19953,812.09,4.07,Sugarcane,1421.16,44664.95
2016-10-01,2016,10,Maharashtra,HPCL,FS101828,12055,282.09,2.34,Molasses,493.66,15514.95
2016-11-01,2016,11,Maharashtra,HPCL,FS101829,36251,949.78,2.62,Molasses,1662.12,52237.9
2016-12-01,2016,12,Maharashtra,IOC,FS101830,78400,2524.48,3.22,Sugarcane,4417.84,138846.4
2017-01-01,2017,1,Maharashtra,IOC,FS101831,18702,344.12,1.84,Maize,602.21,18926.6
2017-02-01,2017,2,Maharashtra,IOC,FS101832,11782,590.28,5.01,Maize,1032.99,32465.4
2017-03-01,2017,3,Maharashtra,BPCL,FS101833,57111,3203.93,5.61,Broken Rice,5606.88,176216.15
2017-04-01,2017,4,Maharashtra,HPCL,FS101834,57037,1574.22,2.76,Broken Rice,2754.89,86582.1
2017-05-01,2017,5,Maharashtra,BPCL,FS101835,21335,608.05,2.85,Molasses,1064.09,33442.75
2017-06-01,2017,6,Maharashtra,IOC,FS101836,39007,1603.19,4.11,Broken Rice,2805.58,88175.45
2017-07-01,2017,7,Maharashtra,BPCL,FS101837,34393,1564.88,4.55,Maize,2738.54,86068.4
2017-08-01,2017,8,Maharashtra,IOC,FS101838,13993,475.76,3.4,Molasses,832.58,26166.8
2017-09-01,2017,9,Maharashtra,BPCL,FS101839,60066,2474.72,4.12,Broken Rice,4330.76,136109.6
2017-10-01,2017,10,Maharashtra,HPCL,FS101840,17190,749.48,4.36,Broken Rice,1311.59,41221.4
2017-11-01,2017,11,Maharashtra,BPCL,FS101841,63698,2770.86,4.35,Broken Rice,4849.01,152397.3
2017-12-01,2017,12,Maharashtra,HPCL,FS101842,11435,299.6,2.62,Broken Rice,524.3,16478.0
2018-01-01,2018,1,Maharashtra,BPCL,FS101843,36942,2234.99,6.05,Molasses,3911.23,122924.45
2018-02-01,2018,2,Maharashtra,BPCL,FS101844,16314,228.4,1.4,Maize,399.7,12562.0
2018-03-01,2018,3,Maharashtra,IOC,FS101845,44113,4023.11,9.12,Broken Rice,7040.44,221271.05
2018-04-01,2018,4,Maharashtra,HPCL,FS101846,35499,177.5,0.5,Maize,310.62,9762.5
2018-05-01,2018,5,Maharashtra,HPCL,FS101847,54157,5123.25,9.46,Sugarcane,8965.69,281778.75
2018-06-01,2018,6,Maharashtra,HPCL,FS101848,66382,4075.85,6.14,Broken Rice,7132.74,224171.75
2018-07-01,2018,7,Maharashtra,HPCL,FS101849,54228,1963.05,3.62,Molasses,3435.34,107967.75
2018-08-01,2018,8,Maharashtra,BPCL,FS101850,40376,1053.81,2.61,Broken Rice,1844.17,57959.55
2018-09-01,2018,9,Maharashtra,HPCL,FS101851,37332,1403.68,3.76,Broken Rice,2456.44,77202.4
2018-10-01,2018,10,Maharashtra,BPCL,FS101852,28991,1524.93,5.26,Maize,2668.63,83871.15
2018-11-01,2018,11,Maharashtra,IOC,FS101853,34849,1425.32,4.09,Broken Rice,2494.31,78392.6
2018-12-01,2018,12,Maharashtra,BPCL,FS101854,25806,456.77,1.77,Maize,799.35,25122.35
2019-01-01,2019,1,Maharashtra,HPCL,FS101855,26256,1874.68,7.14,Sugarcane,3280.69,103107.4
2019-02-01,2019,2,Maharashtra,HPCL,FS101856,22706,1530.38,6.74,Maize,2678.16,84170.9
2019-03-01,2019,3,Maharashtra,BPCL,FS101857,65572,4458.9,6.8,Broken Rice,7803.07,245239.5
2019-04-01,2019,4,Maharashtra,BPCL,FS101858,26705,996.1,3.73,Maize,1743.17,54785.5
2019-05-01,2019,5,Maharashtra,IOC,FS101859,61915,3913.03,6.32,Broken Rice,6847.8,215216.65
2019-06-01,2019,6,Maharashtra,HPCL,FS101860,29225,1665.83,5.7,Broken Rice,2915.2,91620.65
2019-07-01,2019,7,Maharashtra,HPCL,FS101861,55708,4178.1,7.5,Molasses,7311.68,229795.5
2019-08-01,2019,8,Maharashtra,BPCL,FS101862,28187,482.0,1.71,Molasses,843.5,26510.0
2019-09-01,2019,9,Maharashtra,BPCL,FS101863,47220,2483.77,5.26,Maize,4346.6,136607.35
2019-10-01,2019,10,Maharashtra,HPCL,FS101864,12381,855.53,6.91,Molasses,1497.18,47054.15
2019-11-01,2019,11,Maharashtra,HPCL,FS101865,12782,866.62,6.78,Broken Rice,1516.59,47664.1
2019-12-01,2019,12,Maharashtra,BPCL,FS101866,76519,3374.49,4.41,Sugarcane,5905.36,185596.95
2020-01-01,2020,1,Maharashtra,HPCL,FS101867,54950,4714.71,8.58,Maize,8250.74,259309.05
2020-02-01,2020,2,Maharashtra,HPCL,FS101868,30936,1726.23,5.58,Maize,3020.9,94942.65
2020-03-01,2020,3,Maharashtra,HPCL,FS101869,21163,1007.36,4.76,Maize,1762.88,55404.8
2020-04-01,2020,4,Maharashtra,HPCL,FS101870,8834,727.04,8.23,Broken Rice,1272.32,39987.2
2020-05-01,2020,5,Maharashtra,HPCL,FS101871,10413,542.52,5.21,Broken Rice,949.41,29838.6
2020-06-01,2020,6,Maharashtra,BPCL,FS101872,66408,3984.48,6.0,Maize,6972.84,219146.4
2020-07-01,2020,7,Maharashtra,IOC,FS101873,73131,7101.02,9.71,Maize,12426.78,390556.1
2020-08-01,2020,8,Maharashtra,IOC,FS101874,71079,3781.4,5.32,Broken Rice,6617.45,207977.0
2020-09-01,2020,9,Maharashtra,BPCL,FS101875,56114,4068.26,7.25,Broken Rice,7119.45,223754.3
2020-10-01,2020,10,Maharashtra,HPCL,FS101876,45792,2981.06,6.51,Broken Rice,5216.85,163958.3
2020-11-01,2020,11,Maharashtra,BPCL,FS101877,30301,2190.76,7.23,Broken Rice,3833.83,120491.8
2020-12-01,2020,12,Maharashtra,BPCL,FS101878,62703,3542.72,5.65,Broken Rice,6199.76,194849.6
2021-01-01,2021,1,Maharashtra,BPCL,FS101879,36469,1542.64,4.23,Molasses,2699.62,84845.2
2021-02-01,2021,2,Maharashtra,BPCL,FS101880,11293,1146.24,10.15,Broken Rice,2005.92,63043.2
2021-03-01,2021,3,Maharashtra,BPCL,FS101881,65089,4744.99,7.29,Sugarcane,8303.73,260974.45
2021-04-01,2021,4,Maharashtra,IOC,FS101882,59040,5750.5,9.74,Sugarcane,10063.38,316277.5
2021-05-01,2021,5,Maharashtra,HPCL,FS101883,29630,3493.38,11.79,Maize,6113.41,192135.9
2021-06-01,2021,6,Maharashtra,IOC,FS101884,31027,1870.93,6.03,Broken Rice,3274.13,102901.15
2021-07-01,2021,7,Maharashtra,IOC,FS101885,75359,6134.22,8.14,Maize,10734.89,337382.1
2021-08-01,2021,8,Maharashtra,IOC,FS101886,32161,3042.43,9.46,Sugarcane,5324.25,167333.65
2021-09-01,2021,9,Maharashtra,IOC,FS101887,75313,5949.73,7.9,Molasses,10412.03,327235.15
2021-10-01,2021,10,Maharashtra,HPCL,FS101888,15490,1606.31,10.37,Broken Rice,2811.04,88347.05
2021-11-01,2021,11,Maharashtra,BPCL,FS101889,43757,3058.61,6.99,Broken Rice,5352.57,168223.55
2021-12-01,2021,12,Maharashtra,BPCL,FS101890,58477,4818.5,8.24,Maize,8432.38,265017.5
2022-01-01,2022,1,Maharashtra,BPCL,FS101891,60021,5750.01,9.58,Molasses,10062.52,316250.55
2022-02-01,2022,2,Maharashtra,IOC,FS101892,11232,1581.47,14.08,Broken Rice,2767.57,86980.85
2022-03-01,2022,3,Maharashtra,HPCL,FS101893,59507,6742.14,11.33,Maize,11798.75,370817.7
2022-04-01,2022,4,Maharashtra,BPCL,FS101894,31664,1975.83,6.24,Molasses,3457.7,108670.65
2022-05-01,2022,5,Maharashtra,IOC,FS101895,41172,2301.51,5.59,Sugarcane,4027.64,126583.05
2022-06-01,2022,6,Maharashtra,BPCL,FS101896,38348,4252.79,11.09,Sugarcane,7442.38,233903.45
2022-07-01,2022,7,Maharashtra,IOC,FS101897,66759,5474.24,8.2,Molasses,9579.92,301083.2
2022-08-01,2022,8,Maharashtra,BPCL,FS101898,43851,4293.01,9.79,Sugarcane,7512.77,236115.55
2022-09-01,2022,9,Maharashtra,BPCL,FS101899,38936,4757.98,12.22,Sugarcane,8326.47,261688.9
2022-10-01,2022,10,Maharashtra,HPCL,FS101900,36365,4632.9,12.74,Maize,8107.57,254809.5
2022-11-01,2022,11,Maharashtra,HPCL,FS101901,30912,6587.35,21.31,Molasses,11527.86,362304.25
2022-12-01,2022,12,Maharashtra,BPCL,FS101902,27276,3063.09,11.23,Molasses,5360.41,168469.95
2023-01-01,2023,1,Maharashtra,HPCL,FS101903,43670,6799.42,15.57,Maize,11898.99,373968.1
2023-02-01,2023,2,Maharashtra,HPCL,FS101904,11641,2311.9,19.86,Maize,4045.83,127154.5
2023-03-01,2023,3,Maharashtra,IOC,FS101905,21306,1983.59,9.31,Molasses,3471.28,109097.45
2023-04-01,2023,4,Maharashtra,HPCL,FS101906,33032,3712.8,11.24,Molasses,6497.4,204204.0
2023-05-01,2023,5,Maharashtra,IOC,FS101907,49964,9503.15,19.02,Maize,16630.51,522673.25
2023-06-01,2023,6,Maharashtra,IOC,FS101908,64747,9446.59,14.59,Broken Rice,16531.53,519562.45
2023-07-01,2023,7,Maharashtra,IOC,FS101909,79820,8588.63,10.76,Maize,15030.1,472374.65
2023-08-01,2023,8,Maharashtra,HPCL,FS101910,58830,9383.39,15.95,Sugarcane,16420.93,516086.45
2023-09-01,2023,9,Maharashtra,HPCL,FS101911,19539,1897.24,9.71,Molasses,3320.17,104348.2
2023-10-01,2023,10,Maharashtra,BPCL,FS101912,15903,1143.43,7.19,Molasses,2001.0,62888.65
2023-11-01,2023,11,Maharashtra,BPCL,FS101913,66008,9571.16,14.5,Broken Rice,16749.53,526413.8
2023-12-01,2023,12,Maharashtra,IOC,FS101914,79545,12488.57,15.7,Broken Rice,21855.0,686871.35
2024-01-01,2024,1,Maharashtra,HPCL,FS101915,50372,9459.86,18.78,Maize,16554.76,520292.3
2024-02-01,2024,2,Maharashtra,IOC,FS101916,11650,2504.75,21.5,Molasses,4383.31,137761.25
2024-03-01,2024,3,Maharashtra,BPCL,FS101917,60772,13065.98,21.5,Sugarcane,22865.47,718628.9
2024-04-01,2024,4,Maharashtra,HPCL,FS101918,25459,5473.68,21.5,Maize,9578.94,301052.4
2024-05-01,2024,5,Maharashtra,HPCL,FS101919,55085,5877.57,10.67,Sugarcane,10285.75,323266.35
2024-06-01,2024,6,Maharashtra,IOC,FS101920,69082,14852.63,21.5,Maize,25992.1,816894.65
2024-07-01,2024,7,Maharashtra,HPCL,FS101921,79017,4535.58,5.74,Molasses,7937.26,249456.9
2024-08-01,2024,8,Maharashtra,IOC,FS101922,46931,10090.16,21.5,Sugarcane,17657.78,554958.8
2024-09-01,2024,9,Maharashtra,IOC,FS101923,26807,4578.64,17.08,Molasses,8012.62,251825.2
2024-10-01,2024,10,Maharashtra,BPCL,FS101924,27787,5479.6,19.72,Maize,9589.3,301378.0
2024-11-01,2024,11,Maharashtra,HPCL,FS101925,30606,4869.41,15.91,Sugarcane,8521.47,267817.55
2024-12-01,2024,12,Maharashtra,IOC,FS101926,54936,2900.62,5.28,Broken Rice,5076.09,159534.1
2025-01-01,2025,1,Maharashtra,HPCL,FS101927,25358,2738.66,10.8,Maize,4792.65,150626.3
2025-02-01,2025,2,Maharashtra,BPCL,FS101928,58493,12575.99,21.5,Maize,22007.98,691679.45
2025-03-01,2025,3,Maharashtra,IOC,FS101929,44495,3279.28,7.37,Maize,5738.74,180360.4
2025-04-01,2025,4,Maharashtra,IOC,FS101930,41161,4198.42,10.2,Molasses,7347.24,230913.1
2025-05-01,2025,5,Maharashtra,IOC,FS101931,17716,3366.04,19.0,Molasses,5890.57,185132.2
2025-06-01,2025,6,Maharashtra,BPCL,FS101932,76921,9015.14,11.72,Broken Rice,15776.49,495832.7
2025-07-01,2025,7,Maharashtra,HPCL,FS101933,15213,3270.8,21.5,Sugarcane,5723.9,179894.0
2025-08-01,2025,8,Maharashtra,BPCL,FS101934,12134,2608.81,21.5,Molasses,4565.42,143484.55
2025-09-01,2025,9,Maharashtra,IOC,FS101935,23690,2582.21,10.9,Maize,4518.87,142021.55
2025-10-01,2025,10,Maharashtra,BPCL,FS101936,42731,3294.56,7.71,Molasses,5765.48,181200.8
2025-11-01,2025,11,Maharashtra,BPCL,FS101937,74425,11506.11,15.46,Maize,20135.69,632836.05
2025-12-01,2025,12,Maharashtra,IOC,FS101938,52149,11212.03,21.5,Maize,19621.05,616661.65
2026-01-01,2026,1,Maharashtra,IOC,FS101939,67010,12102.01,18.06,Sugarcane,21178.52,665610.55
2026-02-01,2026,2,Maharashtra,HPCL,FS101940,56521,12152.01,21.5,Maize,21266.02,668360.55
2026-03-01,2026,3,Maharashtra,HPCL,FS101941,11985,2576.78,21.5,Molasses,4509.37,141722.9
2026-04-01,2026,4,Maharashtra,IOC,FS101942,26608,2878.99,10.82,Molasses,5038.23,158344.45
2026-05-01,2026,5,Maharashtra,HPCL,FS101943,79327,11486.55,14.48,Broken Rice,20101.46,631760.25
2026-06-01,2026,6,Maharashtra,BPCL,FS101944,35937,7726.45,21.5,Broken Rice,13521.29,424954.75
2026-07-01,2026,7,Maharashtra,IOC,FS101945,49831,10240.27,20.55,Sugarcane,17920.47,563214.85
2015-01-01,2015,1,Manipur,BPCL,FS101946,51601,1119.74,2.17,Molasses,1959.55,61585.7
2015-02-01,2015,2,Manipur,IOC,FS101947,36754,477.8,1.3,Broken Rice,836.15,26279.0
2015-03-01,2015,3,Manipur,HPCL,FS101948,10739,190.08,1.77,Maize,332.64,10454.4
2015-04-01,2015,4,Manipur,HPCL,FS101949,50495,818.02,1.62,Broken Rice,1431.53,44991.1
2015-05-01,2015,5,Manipur,IOC,FS101950,20336,180.99,0.89,Sugarcane,316.73,9954.45
2015-06-01,2015,6,Manipur,IOC,FS101951,53591,1377.29,2.57,Sugarcane,2410.26,75750.95
2015-07-01,2015,7,Manipur,HPCL,FS101952,35228,725.7,2.06,Sugarcane,1269.98,39913.5
2015-08-01,2015,8,Manipur,BPCL,FS101953,75808,894.53,1.18,Broken Rice,1565.43,49199.15
2015-09-01,2015,9,Manipur,HPCL,FS101954,76827,852.78,1.11,Maize,1492.37,46902.9
2015-10-01,2015,10,Manipur,IOC,FS101955,46889,1247.25,2.66,Sugarcane,2182.69,68598.75
2015-11-01,2015,11,Manipur,IOC,FS101956,13409,301.7,2.25,Broken Rice,527.98,16593.5
2015-12-01,2015,12,Manipur,HPCL,FS101957,15869,287.23,1.81,Broken Rice,502.65,15797.65
2016-01-01,2016,1,Manipur,IOC,FS101958,34442,960.93,2.79,Broken Rice,1681.63,52851.15
2016-02-01,2016,2,Manipur,IOC,FS101959,33596,893.65,2.66,Maize,1563.89,49150.75
2016-03-01,2016,3,Manipur,HPCL,FS101960,44370,1592.88,3.59,Sugarcane,2787.54,87608.4
2016-04-01,2016,4,Manipur,HPCL,FS101961,15244,582.32,3.82,Maize,1019.06,32027.6
2016-05-01,2016,5,Manipur,IOC,FS101962,24956,701.26,2.81,Maize,1227.2,38569.3
2016-06-01,2016,6,Manipur,BPCL,FS101963,77586,2296.55,2.96,Broken Rice,4018.96,126310.25
2016-07-01,2016,7,Manipur,BPCL,FS101964,46674,1484.23,3.18,Broken Rice,2597.4,81632.65
2016-08-01,2016,8,Manipur,BPCL,FS101965,28080,1246.75,4.44,Maize,2181.81,68571.25
2016-09-01,2016,9,Manipur,IOC,FS101966,73480,2630.58,3.58,Sugarcane,4603.51,144681.9
2016-10-01,2016,10,Manipur,IOC,FS101967,49152,432.54,0.88,Sugarcane,756.95,23789.7
2016-11-01,2016,11,Manipur,HPCL,FS101968,54412,1681.33,3.09,Maize,2942.33,92473.15
2016-12-01,2016,12,Manipur,IOC,FS101969,58227,1158.72,1.99,Molasses,2027.76,63729.6
2017-01-01,2017,1,Manipur,HPCL,FS101970,41365,2117.89,5.12,Maize,3706.31,116483.95
2017-02-01,2017,2,Manipur,IOC,FS101971,65857,2416.95,3.67,Sugarcane,4229.66,132932.25
2017-03-01,2017,3,Manipur,HPCL,FS101972,74201,2663.82,3.59,Maize,4661.69,146510.1
2017-04-01,2017,4,Manipur,HPCL,FS101973,30995,849.26,2.74,Broken Rice,1486.2,46709.3
2017-05-01,2017,5,Manipur,IOC,FS101974,41837,2029.09,4.85,Maize,3550.91,111599.95
2017-06-01,2017,6,Manipur,BPCL,FS101975,53687,1411.97,2.63,Molasses,2470.95,77658.35
2017-07-01,2017,7,Manipur,IOC,FS101976,18514,779.44,4.21,Molasses,1364.02,42869.2
2017-08-01,2017,8,Manipur,IOC,FS101977,9102,489.69,5.38,Maize,856.96,26932.95
2017-09-01,2017,9,Manipur,BPCL,FS101978,14256,71.28,0.5,Molasses,124.74,3920.4
2017-10-01,2017,10,Manipur,HPCL,FS101979,72800,3144.96,4.32,Sugarcane,5503.68,172972.8
2017-11-01,2017,11,Manipur,IOC,FS101980,78382,2437.68,3.11,Maize,4265.94,134072.4
2017-12-01,2017,12,Manipur,HPCL,FS101981,34205,790.14,2.31,Broken Rice,1382.74,43457.7
2018-01-01,2018,1,Manipur,HPCL,FS101982,27239,1506.32,5.53,Molasses,2636.06,82847.6
2018-02-01,2018,2,Manipur,IOC,FS101983,32406,1733.72,5.35,Sugarcane,3034.01,95354.6
2018-03-01,2018,3,Manipur,HPCL,FS101984,34986,1119.55,3.2,Sugarcane,1959.21,61575.25
2018-04-01,2018,4,Manipur,BPCL,FS101985,77847,3977.98,5.11,Molasses,6961.47,218788.9
2018-05-01,2018,5,Manipur,HPCL,FS101986,49708,2798.56,5.63,Broken Rice,4897.48,153920.8
2018-06-01,2018,6,Manipur,IOC,FS101987,28800,1693.44,5.88,Maize,2963.52,93139.2
2018-07-01,2018,7,Manipur,BPCL,FS101988,23438,825.02,3.52,Maize,1443.78,45376.1
2018-08-01,2018,8,Manipur,BPCL,FS101989,26482,1620.7,6.12,Molasses,2836.22,89138.5
2018-09-01,2018,9,Manipur,BPCL,FS101990,13435,949.85,7.07,Sugarcane,1662.24,52241.75
2018-10-01,2018,10,Manipur,BPCL,FS101991,67321,4120.05,6.12,Molasses,7210.09,226602.75
2018-11-01,2018,11,Manipur,BPCL,FS101992,13574,975.97,7.19,Broken Rice,1707.95,53678.35
2018-12-01,2018,12,Manipur,HPCL,FS101993,9587,346.09,3.61,Molasses,605.66,19034.95
2019-01-01,2019,1,Manipur,HPCL,FS101994,46174,2516.48,5.45,Sugarcane,4403.84,138406.4
2019-02-01,2019,2,Manipur,HPCL,FS101995,69416,2859.94,4.12,Sugarcane,5004.9,157296.7
2019-03-01,2019,3,Manipur,BPCL,FS101996,19586,675.72,3.45,Molasses,1182.51,37164.6
2019-04-01,2019,4,Manipur,HPCL,FS101997,73294,5130.58,7.0,Broken Rice,8978.51,282181.9
2019-05-01,2019,5,Manipur,IOC,FS101998,17777,703.97,3.96,Molasses,1231.95,38718.35
2019-06-01,2019,6,Manipur,BPCL,FS101999,29390,1995.58,6.79,Broken Rice,3492.26,109756.9
2019-07-01,2019,7,Manipur,BPCL,FS102000,15833,587.4,3.71,Maize,1027.95,32307.0
2019-08-01,2019,8,Manipur,HPCL,FS102001,71620,3251.55,4.54,Maize,5690.21,178835.25
2019-09-01,2019,9,Manipur,HPCL,FS102002,44737,1078.16,2.41,Sugarcane,1886.78,59298.8
2019-10-01,2019,10,Manipur,IOC,FS102003,32124,3071.05,9.56,Molasses,5374.34,168907.75
2019-11-01,2019,11,Manipur,HPCL,FS102004,19345,793.14,4.1,Sugarcane,1387.99,43622.7
2019-12-01,2019,12,Manipur,IOC,FS102005,74400,5870.16,7.89,Maize,10272.78,322858.8
2020-01-01,2020,1,Manipur,BPCL,FS102006,37377,1192.33,3.19,Molasses,2086.58,65578.15
2020-02-01,2020,2,Manipur,BPCL,FS102007,19760,1485.95,7.52,Maize,2600.41,81727.25
2020-03-01,2020,3,Manipur,HPCL,FS102008,12944,780.52,6.03,Broken Rice,1365.91,42928.6
2020-04-01,2020,4,Manipur,BPCL,FS102009,37990,1979.28,5.21,Maize,3463.74,108860.4
2020-05-01,2020,5,Manipur,BPCL,FS102010,11258,430.06,3.82,Molasses,752.61,23653.3
2020-06-01,2020,6,Manipur,BPCL,FS102011,45579,3354.61,7.36,Maize,5870.57,184503.55
2020-07-01,2020,7,Manipur,HPCL,FS102012,42207,2777.22,6.58,Maize,4860.13,152747.1
2020-08-01,2020,8,Manipur,BPCL,FS102013,61632,5454.43,8.85,Broken Rice,9545.25,299993.65
2020-09-01,2020,9,Manipur,IOC,FS102014,33318,936.24,2.81,Maize,1638.42,51493.2
2020-10-01,2020,10,Manipur,HPCL,FS102015,26522,1082.1,4.08,Molasses,1893.67,59515.5
2020-11-01,2020,11,Manipur,IOC,FS102016,69779,6126.6,8.78,Maize,10721.55,336963.0
2020-12-01,2020,12,Manipur,IOC,FS102017,69607,3925.83,5.64,Broken Rice,6870.2,215920.65
2021-01-01,2021,1,Manipur,IOC,FS102018,57297,286.49,0.5,Molasses,501.36,15756.95
2021-02-01,2021,2,Manipur,BPCL,FS102019,27622,2171.09,7.86,Broken Rice,3799.41,119409.95
2021-03-01,2021,3,Manipur,IOC,FS102020,26895,2078.98,7.73,Maize,3638.22,114343.9
2021-04-01,2021,4,Manipur,IOC,FS102021,8370,476.25,5.69,Molasses,833.44,26193.75
2021-05-01,2021,5,Manipur,IOC,FS102022,72839,5339.1,7.33,Broken Rice,9343.43,293650.5
2021-06-01,2021,6,Manipur,IOC,FS102023,36225,4202.1,11.6,Sugarcane,7353.68,231115.5
2021-07-01,2021,7,Manipur,BPCL,FS102024,67896,2593.63,3.82,Broken Rice,4538.85,142649.65
2021-08-01,2021,8,Manipur,BPCL,FS102025,50487,3771.38,7.47,Molasses,6599.91,207425.9
2021-09-01,2021,9,Manipur,IOC,FS102026,68156,3850.81,5.65,Molasses,6738.92,211794.55
2021-10-01,2021,10,Manipur,HPCL,FS102027,14849,1438.87,9.69,Molasses,2518.02,79137.85
2021-11-01,2021,11,Manipur,IOC,FS102028,55078,4736.71,8.6,Maize,8289.24,260519.05
2021-12-01,2021,12,Manipur,IOC,FS102029,23401,1254.29,5.36,Maize,2195.01,68985.95
2022-01-01,2022,1,Manipur,IOC,FS102030,43135,1919.51,4.45,Sugarcane,3359.14,105573.05
2022-02-01,2022,2,Manipur,IOC,FS102031,13190,1016.95,7.71,Broken Rice,1779.66,55932.25
2022-03-01,2022,3,Manipur,HPCL,FS102032,33761,4918.98,14.57,Molasses,8608.22,270543.9
2022-04-01,2022,4,Manipur,HPCL,FS102033,59259,5659.23,9.55,Sugarcane,9903.65,311257.65
2022-05-01,2022,5,Manipur,IOC,FS102034,58617,9367.0,15.98,Sugarcane,16392.25,515185.0
2022-06-01,2022,6,Manipur,BPCL,FS102035,68148,10746.94,15.77,Molasses,18807.15,591081.7
2022-07-01,2022,7,Manipur,HPCL,FS102036,71171,5366.29,7.54,Molasses,9391.01,295145.95
2022-08-01,2022,8,Manipur,BPCL,FS102037,53771,4850.14,9.02,Molasses,8487.75,266757.7
2022-09-01,2022,9,Manipur,HPCL,FS102038,42470,5546.58,13.06,Molasses,9706.51,305061.9
2022-10-01,2022,10,Manipur,BPCL,FS102039,69716,2879.27,4.13,Sugarcane,5038.72,158359.85
2022-11-01,2022,11,Manipur,IOC,FS102040,47291,6743.7,14.26,Broken Rice,11801.48,370903.5
2022-12-01,2022,12,Manipur,BPCL,FS102041,65888,4572.63,6.94,Molasses,8002.1,251494.65
2023-01-01,2023,1,Manipur,BPCL,FS102042,54144,5490.2,10.14,Broken Rice,9607.85,301961.0
2023-02-01,2023,2,Manipur,IOC,FS102043,21444,3521.1,16.42,Sugarcane,6161.93,193660.5
2023-03-01,2023,3,Manipur,HPCL,FS102044,10956,1192.01,10.88,Sugarcane,2086.02,65560.55
2023-04-01,2023,4,Manipur,BPCL,FS102045,63612,7041.85,11.07,Broken Rice,12323.24,387301.75
2023-05-01,2023,5,Manipur,HPCL,FS102046,14458,2213.52,15.31,Molasses,3873.66,121743.6
2023-06-01,2023,6,Manipur,BPCL,FS102047,14853,2379.45,16.02,Sugarcane,4164.04,130869.75
2023-07-01,2023,7,Manipur,BPCL,FS102048,11203,862.63,7.7,Broken Rice,1509.6,47444.65
2023-08-01,2023,8,Manipur,BPCL,FS102049,33368,4070.9,12.2,Maize,7124.07,223899.5
2023-09-01,2023,9,Manipur,HPCL,FS102050,8801,1306.95,14.85,Sugarcane,2287.16,71882.25
2023-10-01,2023,10,Manipur,HPCL,FS102051,55965,8349.98,14.92,Maize,14612.47,459248.9
2023-11-01,2023,11,Manipur,BPCL,FS102052,38720,3031.78,7.83,Maize,5305.62,166747.9
2023-12-01,2023,12,Manipur,IOC,FS102053,44145,5615.24,12.72,Molasses,9826.67,308838.2
2024-01-01,2024,1,Manipur,IOC,FS102054,54404,11131.06,20.46,Broken Rice,19479.35,612208.3
2024-02-01,2024,2,Manipur,BPCL,FS102055,62437,9946.21,15.93,Broken Rice,17405.87,547041.55
2024-03-01,2024,3,Manipur,HPCL,FS102056,59644,5033.95,8.44,Broken Rice,8809.41,276867.25
2024-04-01,2024,4,Manipur,BPCL,FS102057,35331,1328.45,3.76,Maize,2324.79,73064.75
2024-05-01,2024,5,Manipur,BPCL,FS102058,64733,13917.59,21.5,Broken Rice,24355.78,765467.45
2024-06-01,2024,6,Manipur,IOC,FS102059,46015,3515.55,7.64,Molasses,6152.21,193355.25
2024-07-01,2024,7,Manipur,HPCL,FS102060,71001,12986.08,18.29,Maize,22725.64,714234.4
2024-08-01,2024,8,Manipur,BPCL,FS102061,48931,6835.66,13.97,Sugarcane,11962.4,375961.3
2024-09-01,2024,9,Manipur,HPCL,FS102062,42959,3965.12,9.23,Broken Rice,6938.96,218081.6
2024-10-01,2024,10,Manipur,IOC,FS102063,34708,4720.29,13.6,Molasses,8260.51,259615.95
2024-11-01,2024,11,Manipur,BPCL,FS102064,21541,3157.91,14.66,Maize,5526.34,173685.05
2024-12-01,2024,12,Manipur,BPCL,FS102065,63673,13689.69,21.5,Molasses,23956.96,752932.95
2025-01-01,2025,1,Manipur,IOC,FS102066,15086,3243.49,21.5,Sugarcane,5676.11,178391.95
2025-02-01,2025,2,Manipur,HPCL,FS102067,78027,15589.79,19.98,Maize,27282.13,857438.45
2025-03-01,2025,3,Manipur,IOC,FS102068,56380,10954.63,19.43,Sugarcane,19170.6,602504.65
2025-04-01,2025,4,Manipur,IOC,FS102069,62545,7005.04,11.2,Broken Rice,12258.82,385277.2
2025-05-01,2025,5,Manipur,HPCL,FS102070,34425,7401.38,21.5,Maize,12952.42,407075.9
2025-06-01,2025,6,Manipur,BPCL,FS102071,17425,3321.2,19.06,Maize,5812.1,182666.0
2025-07-01,2025,7,Manipur,BPCL,FS102072,24091,3514.88,14.59,Sugarcane,6151.04,193318.4
2025-08-01,2025,8,Manipur,HPCL,FS102073,58411,8790.86,15.05,Broken Rice,15384.01,483497.3
2025-09-01,2025,9,Manipur,HPCL,FS102074,59720,12839.8,21.5,Maize,22469.65,706189.0
2025-10-01,2025,10,Manipur,BPCL,FS102075,48612,7330.69,15.08,Maize,12828.71,403187.95
2025-11-01,2025,11,Manipur,HPCL,FS102076,14791,2146.17,14.51,Molasses,3755.8,118039.35
2025-12-01,2025,12,Manipur,HPCL,FS102077,73629,9417.15,12.79,Molasses,16480.01,517943.25
2026-01-01,2026,1,Manipur,HPCL,FS102078,27971,6013.77,21.5,Sugarcane,10524.1,330757.35
2026-02-01,2026,2,Manipur,IOC,FS102079,36261,7796.11,21.5,Sugarcane,13643.19,428786.05
2026-03-01,2026,3,Manipur,BPCL,FS102080,64176,7283.98,11.35,Sugarcane,12746.97,400618.9
2026-04-01,2026,4,Manipur,IOC,FS102081,41012,8321.33,20.29,Sugarcane,14562.33,457673.15
2026-05-01,2026,5,Manipur,BPCL,FS102082,25276,3642.27,14.41,Maize,6373.97,200324.85
2026-06-01,2026,6,Manipur,HPCL,FS102083,18391,3954.07,21.5,Molasses,6919.62,217473.85
2026-07-01,2026,7,Manipur,BPCL,FS102084,53679,11540.99,21.5,Maize,20196.73,634754.45
2015-01-01,2015,1,Meghalaya,BPCL,FS102085,49002,877.14,1.79,Sugarcane,1534.99,48242.7
2015-02-01,2015,2,Meghalaya,HPCL,FS102086,47994,796.7,1.66,Sugarcane,1394.23,43818.5
2015-03-01,2015,3,Meghalaya,IOC,FS102087,41725,1155.78,2.77,Sugarcane,2022.62,63567.9
2015-04-01,2015,4,Meghalaya,HPCL,FS102088,19595,97.98,0.5,Sugarcane,171.47,5388.9
2015-05-01,2015,5,Meghalaya,HPCL,FS102089,76187,1919.91,2.52,Maize,3359.84,105595.05
2015-06-01,2015,6,Meghalaya,BPCL,FS102090,43645,746.33,1.71,Broken Rice,1306.08,41048.15
2015-07-01,2015,7,Meghalaya,HPCL,FS102091,77619,2111.24,2.72,Broken Rice,3694.67,116118.2
2015-08-01,2015,8,Meghalaya,BPCL,FS102092,70709,2340.47,3.31,Maize,4095.82,128725.85
2015-09-01,2015,9,Meghalaya,HPCL,FS102093,72222,1957.22,2.71,Sugarcane,3425.14,107647.1
2015-10-01,2015,10,Meghalaya,BPCL,FS102094,54930,752.54,1.37,Sugarcane,1316.94,41389.7
2015-11-01,2015,11,Meghalaya,BPCL,FS102095,40583,710.2,1.75,Maize,1242.85,39061.0
2015-12-01,2015,12,Meghalaya,IOC,FS102096,27510,489.68,1.78,Maize,856.94,26932.4
2016-01-01,2016,1,Meghalaya,IOC,FS102097,13295,128.96,0.97,Sugarcane,225.68,7092.8
2016-02-01,2016,2,Meghalaya,IOC,FS102098,29605,784.53,2.65,Molasses,1372.93,43149.15
2016-03-01,2016,3,Meghalaya,BPCL,FS102099,54371,2495.63,4.59,Maize,4367.35,137259.65
2016-04-01,2016,4,Meghalaya,BPCL,FS102100,44912,1814.44,4.04,Broken Rice,3175.27,99794.2
2016-05-01,2016,5,Meghalaya,HPCL,FS102101,70784,2548.22,3.6,Broken Rice,4459.38,140152.1
2016-06-01,2016,6,Meghalaya,HPCL,FS102102,68998,2628.82,3.81,Sugarcane,4600.44,144585.1
2016-07-01,2016,7,Meghalaya,HPCL,FS102103,37047,1044.73,2.82,Sugarcane,1828.28,57460.15
2016-08-01,2016,8,Meghalaya,IOC,FS102104,77672,1895.2,2.44,Broken Rice,3316.6,104236.0
2016-09-01,2016,9,Meghalaya,HPCL,FS102105,10810,274.57,2.54,Maize,480.5,15101.35
2016-10-01,2016,10,Meghalaya,IOC,FS102106,15219,470.27,3.09,Molasses,822.97,25864.85
2016-11-01,2016,11,Meghalaya,IOC,FS102107,52433,1662.13,3.17,Maize,2908.73,91417.15
2016-12-01,2016,12,Meghalaya,HPCL,FS102108,44558,1706.57,3.83,Broken Rice,2986.5,93861.35
2017-01-01,2017,1,Meghalaya,HPCL,FS102109,42413,2591.43,6.11,Molasses,4535.0,142528.65
2017-02-01,2017,2,Meghalaya,IOC,FS102110,9379,454.88,4.85,Molasses,796.04,25018.4
2017-03-01,2017,3,Meghalaya,BPCL,FS102111,65745,1873.73,2.85,Sugarcane,3279.03,103055.15
2017-04-01,2017,4,Meghalaya,BPCL,FS102112,29514,1499.31,5.08,Molasses,2623.79,82462.05
2017-05-01,2017,5,Meghalaya,IOC,FS102113,14449,277.42,1.92,Maize,485.49,15258.1
2017-06-01,2017,6,Meghalaya,BPCL,FS102114,78320,4957.66,6.33,Broken Rice,8675.9,272671.3
2017-07-01,2017,7,Meghalaya,BPCL,FS102115,20676,643.02,3.11,Sugarcane,1125.28,35366.1
2017-08-01,2017,8,Meghalaya,IOC,FS102116,65632,1069.8,1.63,Broken Rice,1872.15,58839.0
2017-09-01,2017,9,Meghalaya,BPCL,FS102117,24365,935.62,3.84,Maize,1637.34,51459.1
2017-10-01,2017,10,Meghalaya,IOC,FS102118,61517,4410.77,7.17,Maize,7718.85,242592.35
2017-11-01,2017,11,Meghalaya,IOC,FS102119,47534,2158.04,4.54,Molasses,3776.57,118692.2
2017-12-01,2017,12,Meghalaya,HPCL,FS102120,10402,436.88,4.2,Broken Rice,764.54,24028.4
2018-01-01,2018,1,Meghalaya,HPCL,FS102121,60551,2464.43,4.07,Sugarcane,4312.75,135543.65
2018-02-01,2018,2,Meghalaya,HPCL,FS102122,9695,454.7,4.69,Molasses,795.73,25008.5
2018-03-01,2018,3,Meghalaya,HPCL,FS102123,52225,2632.14,5.04,Sugarcane,4606.24,144767.7
2018-04-01,2018,4,Meghalaya,HPCL,FS102124,55829,3444.65,6.17,Molasses,6028.14,189455.75
2018-05-01,2018,5,Meghalaya,HPCL,FS102125,48232,4524.16,9.38,Maize,7917.28,248828.8
2018-06-01,2018,6,Meghalaya,HPCL,FS102126,63872,5013.95,7.85,Molasses,8774.41,275767.25
2018-07-01,2018,7,Meghalaya,IOC,FS102127,21739,1043.47,4.8,Broken Rice,1826.07,57390.85
2018-08-01,2018,8,Meghalaya,BPCL,FS102128,45606,3005.44,6.59,Broken Rice,5259.52,165299.2
2018-09-01,2018,9,Meghalaya,IOC,FS102129,52135,2163.6,4.15,Maize,3786.3,118998.0
2018-10-01,2018,10,Meghalaya,IOC,FS102130,66643,3465.44,5.2,Maize,6064.52,190599.2
2018-11-01,2018,11,Meghalaya,HPCL,FS102131,40872,2370.58,5.8,Broken Rice,4148.51,130381.9
2018-12-01,2018,12,Meghalaya,BPCL,FS102132,45412,2102.58,4.63,Maize,3679.51,115641.9
2019-01-01,2019,1,Meghalaya,HPCL,FS102133,77930,5844.75,7.5,Broken Rice,10228.31,321461.25
2019-02-01,2019,2,Meghalaya,HPCL,FS102134,22728,1672.78,7.36,Sugarcane,2927.36,92002.9
2019-03-01,2019,3,Meghalaya,HPCL,FS102135,69756,3955.17,5.67,Maize,6921.55,217534.35
2019-04-01,2019,4,Meghalaya,BPCL,FS102136,32853,1333.83,4.06,Molasses,2334.2,73360.65
2019-05-01,2019,5,Meghalaya,IOC,FS102137,64893,3835.18,5.91,Sugarcane,6711.56,210934.9
2019-06-01,2019,6,Meghalaya,BPCL,FS102138,47749,2974.76,6.23,Broken Rice,5205.83,163611.8
2019-07-01,2019,7,Meghalaya,BPCL,FS102139,79574,4758.53,5.98,Broken Rice,8327.43,261719.15
2019-08-01,2019,8,Meghalaya,BPCL,FS102140,68180,4718.06,6.92,Maize,8256.61,259493.3
2019-09-01,2019,9,Meghalaya,HPCL,FS102141,77409,6123.05,7.91,Molasses,10715.34,336767.75
2019-10-01,2019,10,Meghalaya,IOC,FS102142,53565,3883.46,7.25,Broken Rice,6796.06,213590.3
2019-11-01,2019,11,Meghalaya,IOC,FS102143,73888,4529.33,6.13,Sugarcane,7926.33,249113.15
2019-12-01,2019,12,Meghalaya,HPCL,FS102144,24865,1004.55,4.04,Sugarcane,1757.96,55250.25
2020-01-01,2020,1,Meghalaya,HPCL,FS102145,63954,2564.56,4.01,Maize,4487.98,141050.8
2020-02-01,2020,2,Meghalaya,HPCL,FS102146,31396,612.22,1.95,Maize,1071.38,33672.1
2020-03-01,2020,3,Meghalaya,BPCL,FS102147,66905,3458.99,5.17,Maize,6053.23,190244.45
2020-04-01,2020,4,Meghalaya,BPCL,FS102148,10015,50.08,0.5,Molasses,87.64,2754.4
2020-05-01,2020,5,Meghalaya,HPCL,FS102149,36343,2166.04,5.96,Sugarcane,3790.57,119132.2
2020-06-01,2020,6,Meghalaya,HPCL,FS102150,61260,2628.05,4.29,Maize,4599.09,144542.75
2020-07-01,2020,7,Meghalaya,HPCL,FS102151,66418,5286.87,7.96,Molasses,9252.02,290777.85
2020-08-01,2020,8,Meghalaya,HPCL,FS102152,63833,3306.55,5.18,Sugarcane,5786.46,181860.25
2020-09-01,2020,9,Meghalaya,IOC,FS102153,68653,4469.31,6.51,Molasses,7821.29,245812.05
2020-10-01,2020,10,Meghalaya,BPCL,FS102154,17795,453.77,2.55,Molasses,794.1,24957.35
2020-11-01,2020,11,Meghalaya,IOC,FS102155,77754,3102.38,3.99,Sugarcane,5429.16,170630.9
2020-12-01,2020,12,Meghalaya,IOC,FS102156,63728,1510.35,2.37,Molasses,2643.11,83069.25
2021-01-01,2021,1,Meghalaya,BPCL,FS102157,33287,3954.5,11.88,Maize,6920.38,217497.5
2021-02-01,2021,2,Meghalaya,HPCL,FS102158,60726,7129.23,11.74,Broken Rice,12476.15,392107.65
2021-03-01,2021,3,Meghalaya,IOC,FS102159,65138,325.69,0.5,Sugarcane,569.96,17912.95
2021-04-01,2021,4,Meghalaya,HPCL,FS102160,69358,7393.56,10.66,Molasses,12938.73,406645.8
2021-05-01,2021,5,Meghalaya,BPCL,FS102161,30117,1665.47,5.53,Broken Rice,2914.57,91600.85
2021-06-01,2021,6,Meghalaya,BPCL,FS102162,77918,5064.67,6.5,Sugarcane,8863.17,278556.85
2021-07-01,2021,7,Meghalaya,BPCL,FS102163,38177,1473.63,3.86,Broken Rice,2578.85,81049.65
2021-08-01,2021,8,Meghalaya,IOC,FS102164,61450,5094.2,8.29,Broken Rice,8914.85,280181.0
2021-09-01,2021,9,Meghalaya,IOC,FS102165,53382,1681.53,3.15,Sugarcane,2942.68,92484.15
2021-10-01,2021,10,Meghalaya,HPCL,FS102166,27797,1937.45,6.97,Broken Rice,3390.54,106559.75
2021-11-01,2021,11,Meghalaya,IOC,FS102167,24105,1443.89,5.99,Sugarcane,2526.81,79413.95
2021-12-01,2021,12,Meghalaya,IOC,FS102168,54940,5636.84,10.26,Maize,9864.47,310026.2
2022-01-01,2022,1,Meghalaya,HPCL,FS102169,27642,903.89,3.27,Molasses,1581.81,49713.95
2022-02-01,2022,2,Meghalaya,HPCL,FS102170,33017,6141.16,18.6,Molasses,10747.03,337763.8
2022-03-01,2022,3,Meghalaya,IOC,FS102171,21313,1754.06,8.23,Broken Rice,3069.61,96473.3
2022-04-01,2022,4,Meghalaya,BPCL,FS102172,36439,3800.59,10.43,Molasses,6651.03,209032.45
2022-05-01,2022,5,Meghalaya,HPCL,FS102173,21285,1939.06,9.11,Sugarcane,3393.36,106648.3
2022-06-01,2022,6,Meghalaya,BPCL,FS102174,30391,6096.43,20.06,Broken Rice,10668.75,335303.65
2022-07-01,2022,7,Meghalaya,IOC,FS102175,22080,1026.72,4.65,Sugarcane,1796.76,56469.6
2022-08-01,2022,8,Meghalaya,HPCL,FS102176,9597,1044.15,10.88,Maize,1827.26,57428.25
2022-09-01,2022,9,Meghalaya,IOC,FS102177,32815,4088.75,12.46,Molasses,7155.31,224881.25
2022-10-01,2022,10,Meghalaya,IOC,FS102178,69824,5474.2,7.84,Sugarcane,9579.85,301081.0
2022-11-01,2022,11,Meghalaya,BPCL,FS102179,28684,4032.97,14.06,Maize,7057.7,221813.35
2022-12-01,2022,12,Meghalaya,BPCL,FS102180,47770,4385.29,9.18,Molasses,7674.26,241190.95
2023-01-01,2023,1,Meghalaya,BPCL,FS102181,70894,9379.28,13.23,Molasses,16413.74,515860.4
2023-02-01,2023,2,Meghalaya,BPCL,FS102182,28372,3807.52,13.42,Sugarcane,6663.16,209413.6
2023-03-01,2023,3,Meghalaya,IOC,FS102183,65920,6624.96,10.05,Sugarcane,11593.68,364372.8
2023-04-01,2023,4,Meghalaya,HPCL,FS102184,42600,4153.5,9.75,Sugarcane,7268.62,228442.5
2023-05-01,2023,5,Meghalaya,BPCL,FS102185,13167,1702.49,12.93,Sugarcane,2979.36,93636.95
2023-06-01,2023,6,Meghalaya,IOC,FS102186,58903,2279.55,3.87,Broken Rice,3989.21,125375.25
2023-07-01,2023,7,Meghalaya,BPCL,FS102187,64768,10026.09,15.48,Sugarcane,17545.66,551434.95
2023-08-01,2023,8,Meghalaya,IOC,FS102188,75996,9347.51,12.3,Sugarcane,16358.14,514113.05
2023-09-01,2023,9,Meghalaya,BPCL,FS102189,69256,4924.1,7.11,Maize,8617.18,270825.5
2023-10-01,2023,10,Meghalaya,IOC,FS102190,10963,945.01,8.62,Molasses,1653.77,51975.55
2023-11-01,2023,11,Meghalaya,BPCL,FS102191,21866,1344.76,6.15,Broken Rice,2353.33,73961.8
2023-12-01,2023,12,Meghalaya,IOC,FS102192,30666,3873.12,12.63,Maize,6777.96,213021.6
2024-01-01,2024,1,Meghalaya,HPCL,FS102193,8636,1611.48,18.66,Molasses,2820.09,88631.4
2024-02-01,2024,2,Meghalaya,BPCL,FS102194,19351,2275.68,11.76,Molasses,3982.44,125162.4
2024-03-01,2024,3,Meghalaya,IOC,FS102195,63184,13584.56,21.5,Maize,23772.98,747150.8
2024-04-01,2024,4,Meghalaya,BPCL,FS102196,18778,1594.25,8.49,Sugarcane,2789.94,87683.75
2024-05-01,2024,5,Meghalaya,BPCL,FS102197,10108,1351.44,13.37,Maize,2365.02,74329.2
2024-06-01,2024,6,Meghalaya,BPCL,FS102198,22367,3914.22,17.5,Broken Rice,6849.88,215282.1
2024-07-01,2024,7,Meghalaya,IOC,FS102199,77868,6696.65,8.6,Broken Rice,11719.14,368315.75
2024-08-01,2024,8,Meghalaya,HPCL,FS102200,69365,11070.65,15.96,Sugarcane,19373.64,608885.75
2024-09-01,2024,9,Meghalaya,BPCL,FS102201,24766,2328.0,9.4,Broken Rice,4074.0,128040.0
2024-10-01,2024,10,Meghalaya,IOC,FS102202,54874,11797.91,21.5,Sugarcane,20646.34,648885.05
2024-11-01,2024,11,Meghalaya,IOC,FS102203,9359,2012.18,21.5,Maize,3521.32,110669.9
2024-12-01,2024,12,Meghalaya,IOC,FS102204,27116,4620.57,17.04,Maize,8086.0,254131.35
2025-01-01,2025,1,Meghalaya,BPCL,FS102205,38782,6061.63,15.63,Maize,10607.85,333389.65
2025-02-01,2025,2,Meghalaya,IOC,FS102206,16080,3457.2,21.5,Molasses,6050.1,190146.0
2025-03-01,2025,3,Meghalaya,BPCL,FS102207,55482,11162.98,20.12,Sugarcane,19535.22,613963.9
2025-04-01,2025,4,Meghalaya,BPCL,FS102208,23831,3324.42,13.95,Maize,5817.74,182843.1
2025-05-01,2025,5,Meghalaya,HPCL,FS102209,70451,14759.48,20.95,Maize,25829.09,811771.4
2025-06-01,2025,6,Meghalaya,IOC,FS102210,47477,10207.56,21.5,Broken Rice,17863.23,561415.8
2025-07-01,2025,7,Meghalaya,BPCL,FS102211,10620,2283.3,21.5,Maize,3995.78,125581.5
2025-08-01,2025,8,Meghalaya,HPCL,FS102212,61024,7145.91,11.71,Maize,12505.34,393025.05
2025-09-01,2025,9,Meghalaya,BPCL,FS102213,32074,6895.91,21.5,Molasses,12067.84,379275.05
2025-10-01,2025,10,Meghalaya,IOC,FS102214,44860,9644.9,21.5,Maize,16878.58,530469.5
2025-11-01,2025,11,Meghalaya,BPCL,FS102215,34548,4435.96,12.84,Maize,7762.93,243977.8
2025-12-01,2025,12,Meghalaya,HPCL,FS102216,39568,4665.07,11.79,Molasses,8163.87,256578.85
2026-01-01,2026,1,Meghalaya,HPCL,FS102217,74101,15931.72,21.5,Molasses,27880.51,876244.6
2026-02-01,2026,2,Meghalaya,BPCL,FS102218,12311,1404.69,11.41,Maize,2458.21,77257.95
2026-03-01,2026,3,Meghalaya,HPCL,FS102219,49616,7869.1,15.86,Sugarcane,13770.93,432800.5
2026-04-01,2026,4,Meghalaya,HPCL,FS102220,10580,673.95,6.37,Maize,1179.41,37067.25
2026-05-01,2026,5,Meghalaya,HPCL,FS102221,65395,8985.27,13.74,Sugarcane,15724.22,494189.85
2026-06-01,2026,6,Meghalaya,BPCL,FS102222,22635,3067.04,13.55,Broken Rice,5367.32,168687.2
2026-07-01,2026,7,Meghalaya,BPCL,FS102223,34855,5590.74,16.04,Molasses,9783.8,307490.7
2015-01-01,2015,1,Mizoram,HPCL,FS102224,73139,1733.39,2.37,Sugarcane,3033.43,95336.45
2015-02-01,2015,2,Mizoram,HPCL,FS102225,17475,216.69,1.24,Sugarcane,379.21,11917.95
2015-03-01,2015,3,Mizoram,HPCL,FS102226,10176,227.94,2.24,Sugarcane,398.89,12536.7
2015-04-01,2015,4,Mizoram,HPCL,FS102227,69918,1712.99,2.45,Molasses,2997.73,94214.45
2015-05-01,2015,5,Mizoram,HPCL,FS102228,14610,299.5,2.05,Molasses,524.12,16472.5
2015-06-01,2015,6,Mizoram,IOC,FS102229,55993,1601.4,2.86,Sugarcane,2802.45,88077.0
2015-07-01,2015,7,Mizoram,BPCL,FS102230,59616,1860.02,3.12,Molasses,3255.03,102301.1
2015-08-01,2015,8,Mizoram,BPCL,FS102231,12482,222.18,1.78,Molasses,388.81,12219.9
2015-09-01,2015,9,Mizoram,HPCL,FS102232,15338,237.74,1.55,Sugarcane,416.05,13075.7
2015-10-01,2015,10,Mizoram,HPCL,FS102233,19545,461.26,2.36,Sugarcane,807.2,25369.3
2015-11-01,2015,11,Mizoram,IOC,FS102234,22318,551.25,2.47,Maize,964.69,30318.75
2015-12-01,2015,12,Mizoram,HPCL,FS102235,60672,576.38,0.95,Molasses,1008.66,31700.9
2016-01-01,2016,1,Mizoram,IOC,FS102236,48077,1504.81,3.13,Maize,2633.42,82764.55
2016-02-01,2016,2,Mizoram,IOC,FS102237,37669,508.53,1.35,Sugarcane,889.93,27969.15
2016-03-01,2016,3,Mizoram,IOC,FS102238,34016,1588.55,4.67,Molasses,2779.96,87370.25
2016-04-01,2016,4,Mizoram,IOC,FS102239,47236,2418.48,5.12,Sugarcane,4232.34,133016.4
2016-05-01,2016,5,Mizoram,BPCL,FS102240,58016,1937.73,3.34,Broken Rice,3391.03,106575.15
2016-06-01,2016,6,Mizoram,IOC,FS102241,46985,2142.52,4.56,Molasses,3749.41,117838.6
2016-07-01,2016,7,Mizoram,IOC,FS102242,28946,963.9,3.33,Broken Rice,1686.83,53014.5
2016-08-01,2016,8,Mizoram,HPCL,FS102243,51744,1676.51,3.24,Sugarcane,2933.89,92208.05
2016-09-01,2016,9,Mizoram,BPCL,FS102244,14806,562.63,3.8,Sugarcane,984.6,30944.65
2016-10-01,2016,10,Mizoram,BPCL,FS102245,47220,1992.68,4.22,Molasses,3487.19,109597.4
2016-11-01,2016,11,Mizoram,HPCL,FS102246,66830,1897.97,2.84,Sugarcane,3321.45,104388.35
2016-12-01,2016,12,Mizoram,BPCL,FS102247,15973,616.56,3.86,Sugarcane,1078.98,33910.8
2017-01-01,2017,1,Mizoram,BPCL,FS102248,39285,1583.19,4.03,Maize,2770.58,87075.45
2017-02-01,2017,2,Mizoram,BPCL,FS102249,67155,3418.19,5.09,Sugarcane,5981.83,188000.45
2017-03-01,2017,3,Mizoram,IOC,FS102250,64361,3823.04,5.94,Sugarcane,6690.32,210267.2
2017-04-01,2017,4,Mizoram,IOC,FS102251,76226,3651.23,4.79,Maize,6389.65,200817.65
2017-05-01,2017,5,Mizoram,HPCL,FS102252,42263,3571.22,8.45,Maize,6249.63,196417.1
2017-06-01,2017,6,Mizoram,BPCL,FS102253,58044,2675.83,4.61,Maize,4682.7,147170.65
2017-07-01,2017,7,Mizoram,HPCL,FS102254,54732,3300.34,6.03,Maize,5775.6,181518.7
2017-08-01,2017,8,Mizoram,BPCL,FS102255,31572,2361.59,7.48,Broken Rice,4132.78,129887.45
2017-09-01,2017,9,Mizoram,HPCL,FS102256,44948,1887.82,4.2,Sugarcane,3303.68,103830.1
2017-10-01,2017,10,Mizoram,HPCL,FS102257,30024,579.46,1.93,Molasses,1014.06,31870.3
2017-11-01,2017,11,Mizoram,IOC,FS102258,9756,456.58,4.68,Sugarcane,799.01,25111.9
2017-12-01,2017,12,Mizoram,BPCL,FS102259,66051,3210.08,4.86,Sugarcane,5617.64,176554.4
2018-01-01,2018,1,Mizoram,BPCL,FS102260,12535,683.16,5.45,Molasses,1195.53,37573.8
2018-02-01,2018,2,Mizoram,IOC,FS102261,67812,3533.01,5.21,Broken Rice,6182.77,194315.55
2018-03-01,2018,3,Mizoram,IOC,FS102262,18207,921.27,5.06,Sugarcane,1612.22,50669.85
2018-04-01,2018,4,Mizoram,BPCL,FS102263,69407,1797.64,2.59,Broken Rice,3145.87,98870.2
2018-05-01,2018,5,Mizoram,HPCL,FS102264,60234,2168.42,3.6,Sugarcane,3794.74,119263.1
2018-06-01,2018,6,Mizoram,IOC,FS102265,43157,988.3,2.29,Maize,1729.52,54356.5
2018-07-01,2018,7,Mizoram,BPCL,FS102266,35657,1868.43,5.24,Broken Rice,3269.75,102763.65
2018-08-01,2018,8,Mizoram,BPCL,FS102267,52891,3104.7,5.87,Molasses,5433.22,170758.5
2018-09-01,2018,9,Mizoram,IOC,FS102268,61010,3306.74,5.42,Broken Rice,5786.8,181870.7
2018-10-01,2018,10,Mizoram,IOC,FS102269,19528,1142.39,5.85,Maize,1999.18,62831.45
2018-11-01,2018,11,Mizoram,IOC,FS102270,20076,969.67,4.83,Sugarcane,1696.92,53331.85
2018-12-01,2018,12,Mizoram,BPCL,FS102271,58298,4832.9,8.29,Sugarcane,8457.57,265809.5
2019-01-01,2019,1,Mizoram,IOC,FS102272,64911,4478.86,6.9,Sugarcane,7838.0,246337.3
2019-02-01,2019,2,Mizoram,BPCL,FS102273,23185,1261.26,5.44,Sugarcane,2207.2,69369.3
2019-03-01,2019,3,Mizoram,IOC,FS102274,38020,1775.53,4.67,Broken Rice,3107.18,97654.15
2019-04-01,2019,4,Mizoram,HPCL,FS102275,69394,5482.13,7.9,Molasses,9593.73,301517.15
2019-05-01,2019,5,Mizoram,BPCL,FS102276,70694,5153.59,7.29,Maize,9018.78,283447.45
2019-06-01,2019,6,Mizoram,HPCL,FS102277,20109,1194.47,5.94,Molasses,2090.32,65695.85
2019-07-01,2019,7,Mizoram,HPCL,FS102278,64115,1788.81,2.79,Sugarcane,3130.42,98384.55
2019-08-01,2019,8,Mizoram,IOC,FS102279,25040,1116.78,4.46,Molasses,1954.37,61422.9
2019-09-01,2019,9,Mizoram,IOC,FS102280,50722,2211.48,4.36,Molasses,3870.09,121631.4
2019-10-01,2019,10,Mizoram,IOC,FS102281,17777,1091.51,6.14,Sugarcane,1910.14,60033.05
2019-11-01,2019,11,Mizoram,IOC,FS102282,48794,1849.29,3.79,Sugarcane,3236.26,101710.95
2019-12-01,2019,12,Mizoram,IOC,FS102283,35703,1842.27,5.16,Sugarcane,3223.97,101324.85
2020-01-01,2020,1,Mizoram,BPCL,FS102284,59672,3443.07,5.77,Maize,6025.37,189368.85
2020-02-01,2020,2,Mizoram,IOC,FS102285,30113,1623.09,5.39,Molasses,2840.41,89269.95
2020-03-01,2020,3,Mizoram,HPCL,FS102286,69142,5137.25,7.43,Molasses,8990.19,282548.75
2020-04-01,2020,4,Mizoram,BPCL,FS102287,14704,645.51,4.39,Molasses,1129.64,35503.05
2020-05-01,2020,5,Mizoram,IOC,FS102288,22677,1020.46,4.5,Molasses,1785.81,56125.3
2020-06-01,2020,6,Mizoram,HPCL,FS102289,75264,4756.68,6.32,Sugarcane,8324.19,261617.4
2020-07-01,2020,7,Mizoram,IOC,FS102290,17340,1387.2,8.0,Molasses,2427.6,76296.0
2020-08-01,2020,8,Mizoram,IOC,FS102291,12102,1035.93,8.56,Broken Rice,1812.88,56976.15
2020-09-01,2020,9,Mizoram,HPCL,FS102292,45405,2256.63,4.97,Molasses,3949.1,124114.65
2020-10-01,2020,10,Mizoram,IOC,FS102293,63186,4890.6,7.74,Maize,8558.55,268983.0
2020-11-01,2020,11,Mizoram,IOC,FS102294,74540,4010.25,5.38,Maize,7017.94,220563.75
2020-12-01,2020,12,Mizoram,HPCL,FS102295,11271,954.65,8.47,Maize,1670.64,52505.75
2021-01-01,2021,1,Mizoram,HPCL,FS102296,76684,11955.04,15.59,Maize,20921.32,657527.2
2021-02-01,2021,2,Mizoram,IOC,FS102297,13607,1333.49,9.8,Broken Rice,2333.61,73341.95
2021-03-01,2021,3,Mizoram,HPCL,FS102298,15399,2260.57,14.68,Broken Rice,3956.0,124331.35
2021-04-01,2021,4,Mizoram,HPCL,FS102299,33117,3248.78,9.81,Sugarcane,5685.37,178682.9
2021-05-01,2021,5,Mizoram,HPCL,FS102300,58624,3359.16,5.73,Maize,5878.53,184753.8
2021-06-01,2021,6,Mizoram,IOC,FS102301,46619,5225.99,11.21,Maize,9145.48,287429.45
2021-07-01,2021,7,Mizoram,IOC,FS102302,63264,6155.59,9.73,Broken Rice,10772.28,338557.45
2021-08-01,2021,8,Mizoram,IOC,FS102303,12722,485.98,3.82,Broken Rice,850.47,26728.9
2021-09-01,2021,9,Mizoram,IOC,FS102304,49632,3618.17,7.29,Maize,6331.8,198999.35
2021-10-01,2021,10,Mizoram,IOC,FS102305,38285,3625.59,9.47,Sugarcane,6344.78,199407.45
2021-11-01,2021,11,Mizoram,HPCL,FS102306,34962,2391.4,6.84,Broken Rice,4184.95,131527.0
2021-12-01,2021,12,Mizoram,HPCL,FS102307,45763,3523.75,7.7,Maize,6166.56,193806.25
2022-01-01,2022,1,Mizoram,BPCL,FS102308,39541,3072.34,7.77,Broken Rice,5376.6,168978.7
2022-02-01,2022,2,Mizoram,BPCL,FS102309,37765,1318.0,3.49,Molasses,2306.5,72490.0
2022-03-01,2022,3,Mizoram,BPCL,FS102310,58481,6514.78,11.14,Maize,11400.86,358312.9
2022-04-01,2022,4,Mizoram,HPCL,FS102311,44135,4439.98,10.06,Sugarcane,7769.96,244198.9
2022-05-01,2022,5,Mizoram,BPCL,FS102312,54514,5244.25,9.62,Molasses,9177.44,288433.75
2022-06-01,2022,6,Mizoram,HPCL,FS102313,63107,4474.29,7.09,Molasses,7830.01,246085.95
2022-07-01,2022,7,Mizoram,HPCL,FS102314,18846,866.92,4.6,Molasses,1517.11,47680.6
2022-08-01,2022,8,Mizoram,BPCL,FS102315,27924,1714.53,6.14,Sugarcane,3000.43,94299.15
2022-09-01,2022,9,Mizoram,BPCL,FS102316,48983,5990.62,12.23,Broken Rice,10483.58,329484.1
2022-10-01,2022,10,Mizoram,IOC,FS102317,53278,8503.17,15.96,Molasses,14880.55,467674.35
2022-11-01,2022,11,Mizoram,HPCL,FS102318,78515,5370.43,6.84,Molasses,9398.25,295373.65
2022-12-01,2022,12,Mizoram,IOC,FS102319,17001,465.83,2.74,Maize,815.2,25620.65
2023-01-01,2023,1,Mizoram,IOC,FS102320,69160,10097.36,14.6,Molasses,17670.38,555354.8
2023-02-01,2023,2,Mizoram,HPCL,FS102321,66784,5796.85,8.68,Molasses,10144.49,318826.75
2023-03-01,2023,3,Mizoram,BPCL,FS102322,45905,6229.31,13.57,Sugarcane,10901.29,342612.05
2023-04-01,2023,4,Mizoram,BPCL,FS102323,41359,5331.18,12.89,Maize,9329.57,293214.9
2023-05-01,2023,5,Mizoram,HPCL,FS102324,24571,2852.69,11.61,Molasses,4992.21,156897.95
2023-06-01,2023,6,Mizoram,IOC,FS102325,27142,2475.35,9.12,Sugarcane,4331.86,136144.25
2023-07-01,2023,7,Mizoram,IOC,FS102326,52472,4685.75,8.93,Maize,8200.06,257716.25
2023-08-01,2023,8,Mizoram,IOC,FS102327,28566,1751.1,6.13,Broken Rice,3064.42,96310.5
2023-09-01,2023,9,Mizoram,BPCL,FS102328,33135,2687.25,8.11,Maize,4702.69,147798.75
2023-10-01,2023,10,Mizoram,IOC,FS102329,46562,7519.76,16.15,Maize,13159.58,413586.8
2023-11-01,2023,11,Mizoram,HPCL,FS102330,8684,1499.73,17.27,Maize,2624.53,82485.15
2023-12-01,2023,12,Mizoram,IOC,FS102331,16007,1600.7,10.0,Maize,2801.22,88038.5
2024-01-01,2024,1,Mizoram,IOC,FS102332,39996,1587.84,3.97,Molasses,2778.72,87331.2
2024-02-01,2024,2,Mizoram,IOC,FS102333,63186,9471.58,14.99,Sugarcane,16575.26,520936.9
2024-03-01,2024,3,Mizoram,IOC,FS102334,65320,10745.14,16.45,Molasses,18803.99,590982.7
2024-04-01,2024,4,Mizoram,HPCL,FS102335,29942,5584.18,18.65,Molasses,9772.32,307129.9
2024-05-01,2024,5,Mizoram,IOC,FS102336,28478,3565.45,12.52,Molasses,6239.54,196099.75
2024-06-01,2024,6,Mizoram,IOC,FS102337,43561,4939.82,11.34,Sugarcane,8644.68,271690.1
2024-07-01,2024,7,Mizoram,IOC,FS102338,57306,11352.32,19.81,Broken Rice,19866.56,624377.6
2024-08-01,2024,8,Mizoram,HPCL,FS102339,36024,6585.19,18.28,Maize,11524.08,362185.45
2024-09-01,2024,9,Mizoram,HPCL,FS102340,75428,10295.92,13.65,Sugarcane,18017.86,566275.6
2024-10-01,2024,10,Mizoram,HPCL,FS102341,66241,14241.82,21.5,Molasses,24923.18,783300.1
2024-11-01,2024,11,Mizoram,IOC,FS102342,63184,10482.23,16.59,Broken Rice,18343.9,576522.65
2024-12-01,2024,12,Mizoram,BPCL,FS102343,49833,10275.56,20.62,Broken Rice,17982.23,565155.8
2025-01-01,2025,1,Mizoram,BPCL,FS102344,19695,3436.78,17.45,Sugarcane,6014.37,189022.9
2025-02-01,2025,2,Mizoram,BPCL,FS102345,25573,2674.94,10.46,Broken Rice,4681.15,147121.7
2025-03-01,2025,3,Mizoram,IOC,FS102346,62672,7357.69,11.74,Broken Rice,12875.96,404672.95
2025-04-01,2025,4,Mizoram,BPCL,FS102347,77224,16603.16,21.5,Maize,29055.53,913173.8
2025-05-01,2025,5,Mizoram,BPCL,FS102348,12023,1720.49,14.31,Broken Rice,3010.86,94626.95
2025-06-01,2025,6,Mizoram,HPCL,FS102349,44735,8284.92,18.52,Sugarcane,14498.61,455670.6
2025-07-01,2025,7,Mizoram,HPCL,FS102350,72680,8874.23,12.21,Maize,15529.9,488082.65
2025-08-01,2025,8,Mizoram,BPCL,FS102351,38990,7443.19,19.09,Maize,13025.58,409375.45
2025-09-01,2025,9,Mizoram,HPCL,FS102352,73206,15080.44,20.6,Broken Rice,26390.77,829424.2
2025-10-01,2025,10,Mizoram,IOC,FS102353,35114,4217.19,12.01,Molasses,7380.08,231945.45
2025-11-01,2025,11,Mizoram,HPCL,FS102354,22961,3556.66,15.49,Broken Rice,6224.15,195616.3
2025-12-01,2025,12,Mizoram,HPCL,FS102355,44135,5221.17,11.83,Broken Rice,9137.05,287164.35
2026-01-01,2026,1,Mizoram,HPCL,FS102356,26799,5761.78,21.5,Sugarcane,10083.11,316897.9
2026-02-01,2026,2,Mizoram,BPCL,FS102357,27333,5876.6,21.5,Molasses,10284.05,323213.0
2026-03-01,2026,3,Mizoram,BPCL,FS102358,9115,1959.72,21.5,Maize,3429.51,107784.6
2026-04-01,2026,4,Mizoram,HPCL,FS102359,77109,5374.5,6.97,Broken Rice,9405.38,295597.5
2026-05-01,2026,5,Mizoram,HPCL,FS102360,45743,9834.74,21.5,Molasses,17210.79,540910.7
2026-06-01,2026,6,Mizoram,BPCL,FS102361,37430,7104.21,18.98,Molasses,12432.37,390731.55
2026-07-01,2026,7,Mizoram,HPCL,FS102362,22716,4300.14,18.93,Molasses,7525.25,236507.7
2015-01-01,2015,1,Nagaland,BPCL,FS102363,9995,330.83,3.31,Sugarcane,578.95,18195.65
2015-02-01,2015,2,Nagaland,HPCL,FS102364,50322,1076.89,2.14,Sugarcane,1884.56,59228.95
2015-03-01,2015,3,Nagaland,HPCL,FS102365,16524,442.84,2.68,Broken Rice,774.97,24356.2
2015-04-01,2015,4,Nagaland,HPCL,FS102366,32399,628.54,1.94,Molasses,1099.94,34569.7
2015-05-01,2015,5,Nagaland,IOC,FS102367,56591,1046.93,1.85,Broken Rice,1832.13,57581.15
2015-06-01,2015,6,Nagaland,HPCL,FS102368,67136,1819.39,2.71,Molasses,3183.93,100066.45
2015-07-01,2015,7,Nagaland,HPCL,FS102369,53468,267.34,0.5,Sugarcane,467.84,14703.7
2015-08-01,2015,8,Nagaland,BPCL,FS102370,71333,2518.05,3.53,Broken Rice,4406.59,138492.75
2015-09-01,2015,9,Nagaland,IOC,FS102371,30923,528.78,1.71,Broken Rice,925.37,29082.9
2015-10-01,2015,10,Nagaland,HPCL,FS102372,75619,1482.13,1.96,Molasses,2593.73,81517.15
2015-11-01,2015,11,Nagaland,HPCL,FS102373,25140,480.17,1.91,Sugarcane,840.3,26409.35
2015-12-01,2015,12,Nagaland,HPCL,FS102374,42262,963.57,2.28,Molasses,1686.25,52996.35
2016-01-01,2016,1,Nagaland,IOC,FS102375,65207,1845.36,2.83,Molasses,3229.38,101494.8
2016-02-01,2016,2,Nagaland,HPCL,FS102376,72791,1572.29,2.16,Maize,2751.51,86475.95
2016-03-01,2016,3,Nagaland,HPCL,FS102377,71753,2253.04,3.14,Molasses,3942.82,123917.2
2016-04-01,2016,4,Nagaland,BPCL,FS102378,31212,864.57,2.77,Sugarcane,1513.0,47551.35
2016-05-01,2016,5,Nagaland,BPCL,FS102379,17884,513.27,2.87,Molasses,898.22,28229.85
2016-06-01,2016,6,Nagaland,BPCL,FS102380,38565,1723.86,4.47,Molasses,3016.75,94812.3
2016-07-01,2016,7,Nagaland,HPCL,FS102381,35073,1434.49,4.09,Molasses,2510.36,78896.95
2016-08-01,2016,8,Nagaland,HPCL,FS102382,70999,2733.46,3.85,Molasses,4783.56,150340.3
2016-09-01,2016,9,Nagaland,HPCL,FS102383,50623,2526.09,4.99,Molasses,4420.66,138934.95
2016-10-01,2016,10,Nagaland,IOC,FS102384,37405,1200.7,3.21,Molasses,2101.22,66038.5
2016-11-01,2016,11,Nagaland,HPCL,FS102385,79325,2197.3,2.77,Sugarcane,3845.28,120851.5
2016-12-01,2016,12,Nagaland,HPCL,FS102386,8296,171.73,2.07,Broken Rice,300.53,9445.15
2017-01-01,2017,1,Nagaland,BPCL,FS102387,64782,1036.51,1.6,Sugarcane,1813.89,57008.05
2017-02-01,2017,2,Nagaland,BPCL,FS102388,47322,2952.89,6.24,Broken Rice,5167.56,162408.95
2017-03-01,2017,3,Nagaland,BPCL,FS102389,61084,3133.61,5.13,Sugarcane,5483.82,172348.55
2017-04-01,2017,4,Nagaland,HPCL,FS102390,39645,1958.46,4.94,Sugarcane,3427.31,107715.3
2017-05-01,2017,5,Nagaland,BPCL,FS102391,14922,722.22,4.84,Sugarcane,1263.88,39722.1
2017-06-01,2017,6,Nagaland,BPCL,FS102392,76943,2839.2,3.69,Maize,4968.6,156156.0
2017-07-01,2017,7,Nagaland,HPCL,FS102393,17046,569.34,3.34,Molasses,996.35,31313.7
2017-08-01,2017,8,Nagaland,IOC,FS102394,38346,1783.09,4.65,Maize,3120.41,98069.95
2017-09-01,2017,9,Nagaland,IOC,FS102395,61526,2085.73,3.39,Sugarcane,3650.03,114715.15
2017-10-01,2017,10,Nagaland,IOC,FS102396,22925,939.92,4.1,Maize,1644.86,51695.6
2017-11-01,2017,11,Nagaland,IOC,FS102397,76258,3233.34,4.24,Sugarcane,5658.35,177833.7
2017-12-01,2017,12,Nagaland,BPCL,FS102398,61739,2457.21,3.98,Molasses,4300.12,135146.55
2018-01-01,2018,1,Nagaland,IOC,FS102399,31241,2408.68,7.71,Maize,4215.19,132477.4
2018-02-01,2018,2,Nagaland,HPCL,FS102400,74920,4989.67,6.66,Broken Rice,8731.92,274431.85
2018-03-01,2018,3,Nagaland,HPCL,FS102401,30689,598.44,1.95,Maize,1047.27,32914.2
2018-04-01,2018,4,Nagaland,IOC,FS102402,31365,1643.53,5.24,Molasses,2876.18,90394.15
2018-05-01,2018,5,Nagaland,HPCL,FS102403,36523,836.38,2.29,Molasses,1463.66,46000.9
2018-06-01,2018,6,Nagaland,BPCL,FS102404,58110,2452.24,4.22,Broken Rice,4291.42,134873.2
2018-07-01,2018,7,Nagaland,IOC,FS102405,64194,2882.31,4.49,Maize,5044.04,158527.05
2018-08-01,2018,8,Nagaland,BPCL,FS102406,57177,2458.61,4.3,Molasses,4302.57,135223.55
2018-09-01,2018,9,Nagaland,HPCL,FS102407,79200,5250.96,6.63,Broken Rice,9189.18,288802.8
2018-10-01,2018,10,Nagaland,BPCL,FS102408,9055,430.11,4.75,Sugarcane,752.69,23656.05
2018-11-01,2018,11,Nagaland,HPCL,FS102409,52876,2490.46,4.71,Molasses,4358.31,136975.3
2018-12-01,2018,12,Nagaland,IOC,FS102410,61333,1809.32,2.95,Broken Rice,3166.31,99512.6
2019-01-01,2019,1,Nagaland,HPCL,FS102411,44163,1850.43,4.19,Broken Rice,3238.25,101773.65
2019-02-01,2019,2,Nagaland,BPCL,FS102412,15507,863.74,5.57,Broken Rice,1511.55,47505.7
2019-03-01,2019,3,Nagaland,BPCL,FS102413,58529,2885.48,4.93,Broken Rice,5049.59,158701.4
2019-04-01,2019,4,Nagaland,HPCL,FS102414,12414,610.77,4.92,Maize,1068.85,33592.35
2019-05-01,2019,5,Nagaland,HPCL,FS102415,70137,4166.14,5.94,Sugarcane,7290.75,229137.7
2019-06-01,2019,6,Nagaland,BPCL,FS102416,25500,525.3,2.06,Molasses,919.27,28891.5
2019-07-01,2019,7,Nagaland,IOC,FS102417,73018,5783.03,7.92,Broken Rice,10120.3,318066.65
2019-08-01,2019,8,Nagaland,IOC,FS102418,36451,1855.36,5.09,Molasses,3246.88,102044.8
2019-09-01,2019,9,Nagaland,HPCL,FS102419,20150,1053.85,5.23,Sugarcane,1844.24,57961.75
2019-10-01,2019,10,Nagaland,HPCL,FS102420,17436,917.13,5.26,Maize,1604.98,50442.15
2019-11-01,2019,11,Nagaland,BPCL,FS102421,9843,762.83,7.75,Maize,1334.95,41955.65
2019-12-01,2019,12,Nagaland,BPCL,FS102422,33395,1549.53,4.64,Sugarcane,2711.68,85224.15
2020-01-01,2020,1,Nagaland,HPCL,FS102423,56889,3788.81,6.66,Maize,6630.42,208384.55
2020-02-01,2020,2,Nagaland,BPCL,FS102424,78649,2626.88,3.34,Sugarcane,4597.04,144478.4
2020-03-01,2020,3,Nagaland,BPCL,FS102425,73037,5054.16,6.92,Maize,8844.78,277978.8
2020-04-01,2020,4,Nagaland,BPCL,FS102426,40833,677.83,1.66,Molasses,1186.2,37280.65
2020-05-01,2020,5,Nagaland,HPCL,FS102427,65141,3621.84,5.56,Sugarcane,6338.22,199201.2
2020-06-01,2020,6,Nagaland,IOC,FS102428,22440,1761.54,7.85,Molasses,3082.69,96884.7
2020-07-01,2020,7,Nagaland,IOC,FS102429,25821,772.05,2.99,Broken Rice,1351.09,42462.75
2020-08-01,2020,8,Nagaland,IOC,FS102430,78077,5894.81,7.55,Broken Rice,10315.92,324214.55
2020-09-01,2020,9,Nagaland,IOC,FS102431,21311,963.26,4.52,Molasses,1685.7,52979.3
2020-10-01,2020,10,Nagaland,BPCL,FS102432,20380,1624.29,7.97,Sugarcane,2842.51,89335.95
2020-11-01,2020,11,Nagaland,BPCL,FS102433,38857,1076.34,2.77,Broken Rice,1883.59,59198.7
2020-12-01,2020,12,Nagaland,BPCL,FS102434,37317,2996.56,8.03,Sugarcane,5243.98,164810.8
2021-01-01,2021,1,Nagaland,BPCL,FS102435,15044,1797.76,11.95,Sugarcane,3146.08,98876.8
2021-02-01,2021,2,Nagaland,BPCL,FS102436,62078,5891.2,9.49,Maize,10309.6,324016.0
2021-03-01,2021,3,Nagaland,HPCL,FS102437,51826,3861.04,7.45,Sugarcane,6756.82,212357.2
2021-04-01,2021,4,Nagaland,BPCL,FS102438,40543,3385.34,8.35,Sugarcane,5924.35,186193.7
2021-05-01,2021,5,Nagaland,HPCL,FS102439,35746,2827.51,7.91,Molasses,4948.14,155513.05
2021-06-01,2021,6,Nagaland,BPCL,FS102440,19322,788.34,4.08,Maize,1379.6,43358.7
2021-07-01,2021,7,Nagaland,IOC,FS102441,42017,1415.97,3.37,Broken Rice,2477.95,77878.35
2021-08-01,2021,8,Nagaland,IOC,FS102442,25629,2252.79,8.79,Broken Rice,3942.38,123903.45
2021-09-01,2021,9,Nagaland,HPCL,FS102443,51870,4383.01,8.45,Maize,7670.27,241065.55
2021-10-01,2021,10,Nagaland,HPCL,FS102444,48721,2090.13,4.29,Maize,3657.73,114957.15
2021-11-01,2021,11,Nagaland,BPCL,FS102445,10939,798.55,7.3,Molasses,1397.46,43920.25
2021-12-01,2021,12,Nagaland,IOC,FS102446,57386,3994.07,6.96,Maize,6989.62,219673.85
2022-01-01,2022,1,Nagaland,HPCL,FS102447,67252,8588.08,12.77,Sugarcane,15029.14,472344.4
2022-02-01,2022,2,Nagaland,BPCL,FS102448,16720,1712.13,10.24,Molasses,2996.23,94167.15
2022-03-01,2022,3,Nagaland,IOC,FS102449,76475,8511.67,11.13,Sugarcane,14895.42,468141.85
2022-04-01,2022,4,Nagaland,BPCL,FS102450,58385,5388.94,9.23,Broken Rice,9430.64,296391.7
2022-05-01,2022,5,Nagaland,BPCL,FS102451,22799,3114.34,13.66,Maize,5450.1,171288.7
2022-06-01,2022,6,Nagaland,IOC,FS102452,29381,3666.75,12.48,Sugarcane,6416.81,201671.25
2022-07-01,2022,7,Nagaland,HPCL,FS102453,57892,9627.44,16.63,Broken Rice,16848.02,529509.2
2022-08-01,2022,8,Nagaland,BPCL,FS102454,9894,1232.79,12.46,Maize,2157.38,67803.45
2022-09-01,2022,9,Nagaland,BPCL,FS102455,23439,2313.43,9.87,Molasses,4048.5,127238.65
2022-10-01,2022,10,Nagaland,IOC,FS102456,75865,2131.81,2.81,Sugarcane,3730.67,117249.55
2022-11-01,2022,11,Nagaland,HPCL,FS102457,78382,10777.53,13.75,Maize,18860.68,592764.15
2022-12-01,2022,12,Nagaland,IOC,FS102458,41038,3455.4,8.42,Maize,6046.95,190047.0
2023-01-01,2023,1,Nagaland,IOC,FS102459,74793,7157.69,9.57,Maize,12525.96,393672.95
2023-02-01,2023,2,Nagaland,HPCL,FS102460,64151,6787.18,10.58,Broken Rice,11877.57,373294.9
2023-03-01,2023,3,Nagaland,IOC,FS102461,57272,10904.59,19.04,Broken Rice,19083.03,599752.45
2023-04-01,2023,4,Nagaland,IOC,FS102462,51066,6066.64,11.88,Sugarcane,10616.62,333665.2
2023-05-01,2023,5,Nagaland,BPCL,FS102463,46333,3827.11,8.26,Sugarcane,6697.44,210491.05
2023-06-01,2023,6,Nagaland,BPCL,FS102464,70781,12712.27,17.96,Maize,22246.47,699174.85
2023-07-01,2023,7,Nagaland,BPCL,FS102465,46596,7595.15,16.3,Broken Rice,13291.51,417733.25
2023-08-01,2023,8,Nagaland,HPCL,FS102466,33378,3765.04,11.28,Sugarcane,6588.82,207077.2
2023-09-01,2023,9,Nagaland,HPCL,FS102467,72377,9372.82,12.95,Molasses,16402.43,515505.1
2023-10-01,2023,10,Nagaland,IOC,FS102468,57063,6094.33,10.68,Molasses,10665.08,335188.15
2023-11-01,2023,11,Nagaland,HPCL,FS102469,13492,2042.69,15.14,Sugarcane,3574.71,112347.95
2023-12-01,2023,12,Nagaland,BPCL,FS102470,55006,9114.49,16.57,Broken Rice,15950.36,501296.95
2024-01-01,2024,1,Nagaland,HPCL,FS102471,45449,7040.05,15.49,Broken Rice,12320.09,387202.75
2024-02-01,2024,2,Nagaland,HPCL,FS102472,44723,9615.44,21.5,Molasses,16827.02,528849.2
2024-03-01,2024,3,Nagaland,BPCL,FS102473,22026,1557.24,7.07,Maize,2725.17,85648.2
2024-04-01,2024,4,Nagaland,HPCL,FS102474,66031,12585.51,19.06,Sugarcane,22024.64,692203.05
2024-05-01,2024,5,Nagaland,BPCL,FS102475,76232,16389.88,21.5,Broken Rice,28682.29,901443.4
2024-06-01,2024,6,Nagaland,IOC,FS102476,15910,2042.84,12.84,Sugarcane,3574.97,112356.2
2024-07-01,2024,7,Nagaland,BPCL,FS102477,23858,2944.08,12.34,Maize,5152.14,161924.4
2024-08-01,2024,8,Nagaland,HPCL,FS102478,36555,5088.46,13.92,Sugarcane,8904.81,279865.3
2024-09-01,2024,9,Nagaland,HPCL,FS102479,25939,4038.7,15.57,Sugarcane,7067.72,222128.5
2024-10-01,2024,10,Nagaland,BPCL,FS102480,68071,12933.49,19.0,Molasses,22633.61,711341.95
2024-11-01,2024,11,Nagaland,BPCL,FS102481,37873,6945.91,18.34,Maize,12155.34,382025.05
2024-12-01,2024,12,Nagaland,IOC,FS102482,54638,6562.02,12.01,Sugarcane,11483.53,360911.1
2025-01-01,2025,1,Nagaland,IOC,FS102483,25045,5384.68,21.5,Molasses,9423.19,296157.4
2025-02-01,2025,2,Nagaland,BPCL,FS102484,32918,4322.13,13.13,Broken Rice,7563.73,237717.15
2025-03-01,2025,3,Nagaland,BPCL,FS102485,69009,4906.54,7.11,Broken Rice,8586.44,269859.7
2025-04-01,2025,4,Nagaland,BPCL,FS102486,45338,8156.31,17.99,Sugarcane,14273.54,448597.05
2025-05-01,2025,5,Nagaland,BPCL,FS102487,54566,11731.69,21.5,Molasses,20530.46,645242.95
2025-06-01,2025,6,Nagaland,IOC,FS102488,60132,12928.38,21.5,Maize,22624.66,711060.9
2025-07-01,2025,7,Nagaland,BPCL,FS102489,36084,1999.05,5.54,Sugarcane,3498.34,109947.75
2025-08-01,2025,8,Nagaland,IOC,FS102490,24116,4181.71,17.34,Molasses,7317.99,229994.05
2025-09-01,2025,9,Nagaland,IOC,FS102491,56817,6113.51,10.76,Maize,10698.64,336243.05
2025-10-01,2025,10,Nagaland,IOC,FS102492,55632,7627.15,13.71,Broken Rice,13347.51,419493.25
2025-11-01,2025,11,Nagaland,BPCL,FS102493,38776,6056.81,15.62,Sugarcane,10599.42,333124.55
2025-12-01,2025,12,Nagaland,BPCL,FS102494,28897,6212.85,21.5,Broken Rice,10872.49,341706.75
2026-01-01,2026,1,Nagaland,IOC,FS102495,15283,3285.84,21.5,Maize,5750.22,180721.2
2026-02-01,2026,2,Nagaland,IOC,FS102496,27346,2824.84,10.33,Maize,4943.47,155366.2
2026-03-01,2026,3,Nagaland,HPCL,FS102497,32756,7042.54,21.5,Sugarcane,12324.44,387339.7
2026-04-01,2026,4,Nagaland,IOC,FS102498,8591,1471.64,17.13,Maize,2575.37,80940.2
2026-05-01,2026,5,Nagaland,BPCL,FS102499,10260,2205.9,21.5,Sugarcane,3860.33,121324.5
2026-06-01,2026,6,Nagaland,BPCL,FS102500,49542,10651.53,21.5,Molasses,18640.18,585834.15
2026-07-01,2026,7,Nagaland,BPCL,FS102501,72732,13222.68,18.18,Broken Rice,23139.69,727247.4
2015-01-01,2015,1,Odisha,HPCL,FS102502,42033,1080.25,2.57,Maize,1890.44,59413.75
2015-02-01,2015,2,Odisha,BPCL,FS102503,69993,2519.75,3.6,Maize,4409.56,138586.25
2015-03-01,2015,3,Odisha,HPCL,FS102504,26961,304.66,1.13,Broken Rice,533.16,16756.3
2015-04-01,2015,4,Odisha,IOC,FS102505,29975,599.5,2.0,Sugarcane,1049.12,32972.5
2015-05-01,2015,5,Odisha,HPCL,FS102506,18411,311.15,1.69,Broken Rice,544.51,17113.25
2015-06-01,2015,6,Odisha,IOC,FS102507,25771,633.97,2.46,Sugarcane,1109.45,34868.35
2015-07-01,2015,7,Odisha,HPCL,FS102508,37714,546.85,1.45,Maize,956.99,30076.75
2015-08-01,2015,8,Odisha,HPCL,FS102509,16562,354.43,2.14,Molasses,620.25,19493.65
2015-09-01,2015,9,Odisha,IOC,FS102510,34844,874.58,2.51,Molasses,1530.52,48101.9
2015-10-01,2015,10,Odisha,HPCL,FS102511,62708,1975.3,3.15,Sugarcane,3456.78,108641.5
2015-11-01,2015,11,Odisha,BPCL,FS102512,63309,1342.15,2.12,Maize,2348.76,73818.25
2015-12-01,2015,12,Odisha,HPCL,FS102513,48581,1029.92,2.12,Sugarcane,1802.36,56645.6
2016-01-01,2016,1,Odisha,HPCL,FS102514,77157,2600.19,3.37,Sugarcane,4550.33,143010.45
2016-02-01,2016,2,Odisha,HPCL,FS102515,10347,147.96,1.43,Sugarcane,258.93,8137.8
2016-03-01,2016,3,Odisha,HPCL,FS102516,70771,1443.73,2.04,Broken Rice,2526.53,79405.15
2016-04-01,2016,4,Odisha,HPCL,FS102517,56135,1762.64,3.14,Molasses,3084.62,96945.2
2016-05-01,2016,5,Odisha,HPCL,FS102518,54733,1373.8,2.51,Molasses,2404.15,75559.0
2016-06-01,2016,6,Odisha,BPCL,FS102519,8634,423.07,4.9,Broken Rice,740.37,23268.85
2016-07-01,2016,7,Odisha,BPCL,FS102520,43999,1918.36,4.36,Molasses,3357.13,105509.8
2016-08-01,2016,8,Odisha,IOC,FS102521,77374,1593.9,2.06,Sugarcane,2789.33,87664.5
2016-09-01,2016,9,Odisha,BPCL,FS102522,19244,96.22,0.5,Broken Rice,168.38,5292.1
2016-10-01,2016,10,Odisha,HPCL,FS102523,47551,1516.88,3.19,Molasses,2654.54,83428.4
2016-11-01,2016,11,Odisha,HPCL,FS102524,13914,372.9,2.68,Broken Rice,652.57,20509.5
2016-12-01,2016,12,Odisha,IOC,FS102525,11688,413.76,3.54,Sugarcane,724.08,22756.8
2017-01-01,2017,1,Odisha,IOC,FS102526,45805,2294.83,5.01,Maize,4015.95,126215.65
2017-02-01,2017,2,Odisha,BPCL,FS102527,30703,865.82,2.82,Molasses,1515.19,47620.1
2017-03-01,2017,3,Odisha,BPCL,FS102528,15410,796.7,5.17,Sugarcane,1394.23,43818.5
2017-04-01,2017,4,Odisha,HPCL,FS102529,42248,2446.16,5.79,Sugarcane,4280.78,134538.8
2017-05-01,2017,5,Odisha,HPCL,FS102530,51663,2510.82,4.86,Sugarcane,4393.94,138095.1
2017-06-01,2017,6,Odisha,IOC,FS102531,43367,1569.89,3.62,Broken Rice,2747.31,86343.95
2017-07-01,2017,7,Odisha,IOC,FS102532,45018,1620.65,3.6,Maize,2836.14,89135.75
2017-08-01,2017,8,Odisha,HPCL,FS102533,24498,455.66,1.86,Molasses,797.41,25061.3
2017-09-01,2017,9,Odisha,BPCL,FS102534,38099,1196.31,3.14,Broken Rice,2093.54,65797.05
2017-10-01,2017,10,Odisha,IOC,FS102535,31482,894.09,2.84,Molasses,1564.66,49174.95
2017-11-01,2017,11,Odisha,IOC,FS102536,10036,456.64,4.55,Maize,799.12,25115.2
2017-12-01,2017,12,Odisha,HPCL,FS102537,24924,802.55,3.22,Broken Rice,1404.46,44140.25
2018-01-01,2018,1,Odisha,BPCL,FS102538,29518,1549.69,5.25,Sugarcane,2711.96,85232.95
2018-02-01,2018,2,Odisha,IOC,FS102539,77803,3773.45,4.85,Broken Rice,6603.54,207539.75
2018-03-01,2018,3,Odisha,IOC,FS102540,25140,1297.22,5.16,Broken Rice,2270.14,71347.1
2018-04-01,2018,4,Odisha,IOC,FS102541,53210,2724.35,5.12,Maize,4767.61,149839.25
2018-05-01,2018,5,Odisha,IOC,FS102542,70112,2510.01,3.58,Molasses,4392.52,138050.55
2018-06-01,2018,6,Odisha,HPCL,FS102543,24360,433.61,1.78,Sugarcane,758.82,23848.55
2018-07-01,2018,7,Odisha,HPCL,FS102544,11017,961.78,8.73,Molasses,1683.12,52897.9
2018-08-01,2018,8,Odisha,BPCL,FS102545,58949,4043.9,6.86,Sugarcane,7076.82,222414.5
2018-09-01,2018,9,Odisha,IOC,FS102546,11196,712.07,6.36,Sugarcane,1246.12,39163.85
2018-10-01,2018,10,Odisha,IOC,FS102547,57714,3064.61,5.31,Sugarcane,5363.07,168553.55
2018-11-01,2018,11,Odisha,BPCL,FS102548,57220,3856.63,6.74,Broken Rice,6749.1,212114.65
2018-12-01,2018,12,Odisha,IOC,FS102549,53971,3761.78,6.97,Sugarcane,6583.12,206897.9
2019-01-01,2019,1,Odisha,HPCL,FS102550,67940,3750.29,5.52,Sugarcane,6563.01,206265.95
2019-02-01,2019,2,Odisha,BPCL,FS102551,18265,573.52,3.14,Broken Rice,1003.66,31543.6
2019-03-01,2019,3,Odisha,BPCL,FS102552,63828,3931.8,6.16,Molasses,6880.65,216249.0
2019-04-01,2019,4,Odisha,HPCL,FS102553,54104,5037.08,9.31,Sugarcane,8814.89,277039.4
2019-05-01,2019,5,Odisha,HPCL,FS102554,16484,936.29,5.68,Broken Rice,1638.51,51495.95
2019-06-01,2019,6,Odisha,IOC,FS102555,61678,3040.73,4.93,Maize,5321.28,167240.15
2019-07-01,2019,7,Odisha,IOC,FS102556,18315,998.17,5.45,Maize,1746.8,54899.35
2019-08-01,2019,8,Odisha,IOC,FS102557,17107,1293.29,7.56,Molasses,2263.26,71130.95
2019-09-01,2019,9,Odisha,IOC,FS102558,68422,4591.12,6.71,Maize,8034.46,252511.6
2019-10-01,2019,10,Odisha,BPCL,FS102559,33651,2601.22,7.73,Molasses,4552.13,143067.1
2019-11-01,2019,11,Odisha,HPCL,FS102560,18510,829.25,4.48,Maize,1451.19,45608.75
2019-12-01,2019,12,Odisha,BPCL,FS102561,77134,4034.11,5.23,Maize,7059.69,221876.05
2020-01-01,2020,1,Odisha,BPCL,FS102562,73587,2869.89,3.9,Broken Rice,5022.31,157843.95
2020-02-01,2020,2,Odisha,HPCL,FS102563,30072,1254.0,4.17,Sugarcane,2194.5,68970.0
2020-03-01,2020,3,Odisha,HPCL,FS102564,38916,3008.21,7.73,Broken Rice,5264.37,165451.55
2020-04-01,2020,4,Odisha,IOC,FS102565,31259,1928.68,6.17,Broken Rice,3375.19,106077.4
2020-05-01,2020,5,Odisha,IOC,FS102566,46893,2349.34,5.01,Maize,4111.35,129213.7
2020-06-01,2020,6,Odisha,HPCL,FS102567,38868,1916.19,4.93,Maize,3353.33,105390.45
2020-07-01,2020,7,Odisha,BPCL,FS102568,77000,6537.3,8.49,Broken Rice,11440.27,359551.5
2020-08-01,2020,8,Odisha,BPCL,FS102569,31880,1058.42,3.32,Maize,1852.24,58213.1
2020-09-01,2020,9,Odisha,HPCL,FS102570,35425,1859.81,5.25,Sugarcane,3254.67,102289.55
2020-10-01,2020,10,Odisha,IOC,FS102571,75396,4998.75,6.63,Sugarcane,8747.81,274931.25
2020-11-01,2020,11,Odisha,HPCL,FS102572,40599,1737.64,4.28,Broken Rice,3040.87,95570.2
2020-12-01,2020,12,Odisha,HPCL,FS102573,17004,863.8,5.08,Sugarcane,1511.65,47509.0
2021-01-01,2021,1,Odisha,HPCL,FS102574,62645,1303.02,2.08,Broken Rice,2280.28,71666.1
2021-02-01,2021,2,Odisha,IOC,FS102575,62766,5818.41,9.27,Broken Rice,10182.22,320012.55
2021-03-01,2021,3,Odisha,BPCL,FS102576,18567,1882.69,10.14,Sugarcane,3294.71,103547.95
2021-04-01,2021,4,Odisha,IOC,FS102577,12791,1190.84,9.31,Molasses,2083.97,65496.2
2021-05-01,2021,5,Odisha,IOC,FS102578,29300,2194.57,7.49,Maize,3840.5,120701.35
2021-06-01,2021,6,Odisha,IOC,FS102579,58945,6436.79,10.92,Sugarcane,11264.38,354023.45
2021-07-01,2021,7,Odisha,BPCL,FS102580,76147,8764.52,11.51,Broken Rice,15337.91,482048.6
2021-08-01,2021,8,Odisha,BPCL,FS102581,17304,1405.08,8.12,Molasses,2458.89,77279.4
2021-09-01,2021,9,Odisha,BPCL,FS102582,20521,982.96,4.79,Broken Rice,1720.18,54062.8
2021-10-01,2021,10,Odisha,BPCL,FS102583,47328,511.14,1.08,Sugarcane,894.5,28112.7
2021-11-01,2021,11,Odisha,BPCL,FS102584,33230,3296.42,9.92,Molasses,5768.74,181303.1
2021-12-01,2021,12,Odisha,HPCL,FS102585,49722,4141.84,8.33,Broken Rice,7248.22,227801.2
2022-01-01,2022,1,Odisha,IOC,FS102586,13239,901.58,6.81,Molasses,1577.77,49586.9
2022-02-01,2022,2,Odisha,IOC,FS102587,58886,4098.47,6.96,Molasses,7172.32,225415.85
2022-03-01,2022,3,Odisha,IOC,FS102588,42674,7002.8,16.41,Molasses,12254.9,385154.0
2022-04-01,2022,4,Odisha,BPCL,FS102589,37739,2419.07,6.41,Molasses,4233.37,133048.85
2022-05-01,2022,5,Odisha,BPCL,FS102590,67254,4849.01,7.21,Maize,8485.77,266695.55
2022-06-01,2022,6,Odisha,BPCL,FS102591,77385,2073.92,2.68,Molasses,3629.36,114065.6
2022-07-01,2022,7,Odisha,IOC,FS102592,58100,1853.39,3.19,Maize,3243.43,101936.45
2022-08-01,2022,8,Odisha,HPCL,FS102593,20809,1021.72,4.91,Molasses,1788.01,56194.6
2022-09-01,2022,9,Odisha,HPCL,FS102594,10093,1203.09,11.92,Maize,2105.41,66169.95
2022-10-01,2022,10,Odisha,HPCL,FS102595,48985,3198.72,6.53,Molasses,5597.76,175929.6
2022-11-01,2022,11,Odisha,BPCL,FS102596,70598,3431.06,4.86,Broken Rice,6004.35,188708.3
2022-12-01,2022,12,Odisha,HPCL,FS102597,54622,5549.6,10.16,Molasses,9711.8,305228.0
2023-01-01,2023,1,Odisha,BPCL,FS102598,29988,4132.35,13.78,Broken Rice,7231.61,227279.25
2023-02-01,2023,2,Odisha,HPCL,FS102599,13674,2801.8,20.49,Molasses,4903.15,154099.0
2023-03-01,2023,3,Odisha,HPCL,FS102600,34651,1864.22,5.38,Molasses,3262.39,102532.1
2023-04-01,2023,4,Odisha,HPCL,FS102601,71350,12229.39,17.14,Molasses,21401.43,672616.45
2023-05-01,2023,5,Odisha,IOC,FS102602,60107,6725.97,11.19,Broken Rice,11770.45,369928.35
2023-06-01,2023,6,Odisha,BPCL,FS102603,25563,1740.84,6.81,Broken Rice,3046.47,95746.2
2023-07-01,2023,7,Odisha,BPCL,FS102604,58131,8394.12,14.44,Maize,14689.71,461676.6
2023-08-01,2023,8,Odisha,HPCL,FS102605,66715,8632.92,12.94,Sugarcane,15107.61,474810.6
2023-09-01,2023,9,Odisha,IOC,FS102606,69920,12578.61,17.99,Maize,22012.57,691823.55
2023-10-01,2023,10,Odisha,BPCL,FS102607,9626,1440.05,14.96,Molasses,2520.09,79202.75
2023-11-01,2023,11,Odisha,HPCL,FS102608,11809,1554.06,13.16,Maize,2719.61,85473.3
2023-12-01,2023,12,Odisha,BPCL,FS102609,74095,8313.46,11.22,Maize,14548.55,457240.3
2024-01-01,2024,1,Odisha,IOC,FS102610,11439,2459.38,21.5,Broken Rice,4303.91,135265.9
2024-02-01,2024,2,Odisha,IOC,FS102611,25300,4356.66,17.22,Molasses,7624.15,239616.3
2024-03-01,2024,3,Odisha,BPCL,FS102612,39403,6513.32,16.53,Broken Rice,11398.31,358232.6
2024-04-01,2024,4,Odisha,HPCL,FS102613,29424,4757.86,16.17,Sugarcane,8326.25,261682.3
2024-05-01,2024,5,Odisha,BPCL,FS102614,35209,3337.81,9.48,Molasses,5841.17,183579.55
2024-06-01,2024,6,Odisha,IOC,FS102615,48731,7031.88,14.43,Broken Rice,12305.79,386753.4
2024-07-01,2024,7,Odisha,BPCL,FS102616,57954,8536.62,14.73,Sugarcane,14939.09,469514.1
2024-08-01,2024,8,Odisha,HPCL,FS102617,33102,3406.2,10.29,Maize,5960.85,187341.0
2024-09-01,2024,9,Odisha,BPCL,FS102618,64627,13823.72,21.39,Sugarcane,24191.51,760304.6
2024-10-01,2024,10,Odisha,HPCL,FS102619,37250,8008.75,21.5,Sugarcane,14015.31,440481.25
2024-11-01,2024,11,Odisha,IOC,FS102620,23295,4982.8,21.39,Broken Rice,8719.9,274054.0
2024-12-01,2024,12,Odisha,BPCL,FS102621,18523,3795.36,20.49,Sugarcane,6641.88,208744.8
2025-01-01,2025,1,Odisha,HPCL,FS102622,70142,11524.33,16.43,Maize,20167.58,633838.15
2025-02-01,2025,2,Odisha,IOC,FS102623,45085,9693.27,21.5,Maize,16963.22,533129.85
2025-03-01,2025,3,Odisha,IOC,FS102624,14805,3183.07,21.5,Maize,5570.37,175068.85
2025-04-01,2025,4,Odisha,IOC,FS102625,70028,13704.48,19.57,Sugarcane,23982.84,753746.4
2025-05-01,2025,5,Odisha,IOC,FS102626,14630,3145.45,21.5,Maize,5504.54,172999.75
2025-06-01,2025,6,Odisha,HPCL,FS102627,23701,4683.32,19.76,Maize,8195.81,257582.6
2025-07-01,2025,7,Odisha,HPCL,FS102628,56043,12049.24,21.5,Maize,21086.17,662708.2
2025-08-01,2025,8,Odisha,HPCL,FS102629,9245,1325.73,14.34,Maize,2320.03,72915.15
2025-09-01,2025,9,Odisha,BPCL,FS102630,74951,16114.47,21.5,Sugarcane,28200.32,886295.85
2025-10-01,2025,10,Odisha,HPCL,FS102631,51625,11099.38,21.5,Sugarcane,19423.91,610465.9
2025-11-01,2025,11,Odisha,HPCL,FS102632,34783,7280.08,20.93,Broken Rice,12740.14,400404.4
2025-12-01,2025,12,Odisha,BPCL,FS102633,17471,2613.66,14.96,Maize,4573.9,143751.3
2026-01-01,2026,1,Odisha,BPCL,FS102634,56348,7009.69,12.44,Molasses,12266.96,385532.95
2026-02-01,2026,2,Odisha,HPCL,FS102635,28229,5685.32,20.14,Molasses,9949.31,312692.6
2026-03-01,2026,3,Odisha,HPCL,FS102636,67405,14492.07,21.5,Maize,25361.12,797063.85
2026-04-01,2026,4,Odisha,IOC,FS102637,61031,13121.66,21.5,Sugarcane,22962.9,721691.3
2026-05-01,2026,5,Odisha,BPCL,FS102638,74118,15935.37,21.5,Molasses,27886.9,876445.35
2026-06-01,2026,6,Odisha,HPCL,FS102639,66445,14285.67,21.5,Maize,24999.92,785711.85
2026-07-01,2026,7,Odisha,IOC,FS102640,21731,4672.16,21.5,Sugarcane,8176.28,256968.8
2015-01-01,2015,1,Punjab,HPCL,FS102641,28719,904.65,3.15,Molasses,1583.14,49755.75
2015-02-01,2015,2,Punjab,HPCL,FS102642,70751,1231.07,1.74,Broken Rice,2154.37,67708.85
2015-03-01,2015,3,Punjab,IOC,FS102643,30725,765.05,2.49,Sugarcane,1338.84,42077.75
2015-04-01,2015,4,Punjab,IOC,FS102644,10365,134.75,1.3,Sugarcane,235.81,7411.25
2015-05-01,2015,5,Punjab,BPCL,FS102645,51372,395.56,0.77,Broken Rice,692.23,21755.8
2015-06-01,2015,6,Punjab,HPCL,FS102646,9949,385.03,3.87,Molasses,673.8,21176.65
2015-07-01,2015,7,Punjab,IOC,FS102647,39912,826.18,2.07,Sugarcane,1445.81,45439.9
2015-08-01,2015,8,Punjab,IOC,FS102648,9919,184.49,1.86,Maize,322.86,10146.95
2015-09-01,2015,9,Punjab,BPCL,FS102649,41298,834.22,2.02,Sugarcane,1459.88,45882.1
2015-10-01,2015,10,Punjab,BPCL,FS102650,17228,349.73,2.03,Maize,612.03,19235.15
2015-11-01,2015,11,Punjab,HPCL,FS102651,15432,231.48,1.5,Sugarcane,405.09,12731.4
2015-12-01,2015,12,Punjab,BPCL,FS102652,26013,364.18,1.4,Maize,637.32,20029.9
2016-01-01,2016,1,Punjab,HPCL,FS102653,78375,2797.99,3.57,Broken Rice,4896.48,153889.45
2016-02-01,2016,2,Punjab,BPCL,FS102654,55700,2194.58,3.94,Maize,3840.51,120701.9
2016-03-01,2016,3,Punjab,HPCL,FS102655,32578,1378.05,4.23,Molasses,2411.59,75792.75
2016-04-01,2016,4,Punjab,IOC,FS102656,19596,795.6,4.06,Sugarcane,1392.3,43758.0
2016-05-01,2016,5,Punjab,HPCL,FS102657,78202,2369.52,3.03,Maize,4146.66,130323.6
2016-06-01,2016,6,Punjab,HPCL,FS102658,61609,2322.66,3.77,Broken Rice,4064.65,127746.3
2016-07-01,2016,7,Punjab,IOC,FS102659,18336,515.24,2.81,Sugarcane,901.67,28338.2
2016-08-01,2016,8,Punjab,BPCL,FS102660,33816,1345.88,3.98,Broken Rice,2355.29,74023.4
2016-09-01,2016,9,Punjab,HPCL,FS102661,34819,1535.52,4.41,Molasses,2687.16,84453.6
2016-10-01,2016,10,Punjab,BPCL,FS102662,40747,1495.41,3.67,Maize,2616.97,82247.55
2016-11-01,2016,11,Punjab,HPCL,FS102663,29182,863.79,2.96,Molasses,1511.63,47508.45
2016-12-01,2016,12,Punjab,IOC,FS102664,72075,1751.42,2.43,Molasses,3064.99,96328.1
2017-01-01,2017,1,Punjab,IOC,FS102665,26170,1151.48,4.4,Maize,2015.09,63331.4
2017-02-01,2017,2,Punjab,BPCL,FS102666,51147,2956.3,5.78,Broken Rice,5173.53,162596.5
2017-03-01,2017,3,Punjab,IOC,FS102667,18985,822.05,4.33,Maize,1438.59,45212.75
2017-04-01,2017,4,Punjab,BPCL,FS102668,50923,3253.98,6.39,Broken Rice,5694.47,178968.9
2017-05-01,2017,5,Punjab,IOC,FS102669,55396,2863.97,5.17,Broken Rice,5011.95,157518.35
2017-06-01,2017,6,Punjab,IOC,FS102670,41529,2844.74,6.85,Molasses,4978.3,156460.7
2017-07-01,2017,7,Punjab,HPCL,FS102671,9669,409.0,4.23,Maize,715.75,22495.0
2017-08-01,2017,8,Punjab,IOC,FS102672,48076,1451.9,3.02,Broken Rice,2540.83,79854.5
2017-09-01,2017,9,Punjab,HPCL,FS102673,14021,528.59,3.77,Maize,925.03,29072.45
2017-10-01,2017,10,Punjab,HPCL,FS102674,52732,3459.22,6.56,Maize,6053.63,190257.1
2017-11-01,2017,11,Punjab,IOC,FS102675,63096,3785.76,6.0,Maize,6625.08,208216.8
2017-12-01,2017,12,Punjab,HPCL,FS102676,66806,2612.11,3.91,Maize,4571.19,143666.05
2018-01-01,2018,1,Punjab,HPCL,FS102677,21280,1225.73,5.76,Maize,2145.03,67415.15
2018-02-01,2018,2,Punjab,BPCL,FS102678,33765,1992.14,5.9,Sugarcane,3486.25,109567.7
2018-03-01,2018,3,Punjab,IOC,FS102679,46057,1777.8,3.86,Sugarcane,3111.15,97779.0
2018-04-01,2018,4,Punjab,BPCL,FS102680,63797,2481.7,3.89,Sugarcane,4342.97,136493.5
2018-05-01,2018,5,Punjab,HPCL,FS102681,31930,961.09,3.01,Broken Rice,1681.91,52859.95
2018-06-01,2018,6,Punjab,IOC,FS102682,75696,3822.65,5.05,Broken Rice,6689.64,210245.75
2018-07-01,2018,7,Punjab,IOC,FS102683,63030,2867.86,4.55,Sugarcane,5018.76,157732.3
2018-08-01,2018,8,Punjab,BPCL,FS102684,37203,848.23,2.28,Maize,1484.4,46652.65
2018-09-01,2018,9,Punjab,IOC,FS102685,53667,3311.25,6.17,Sugarcane,5794.69,182118.75
2018-10-01,2018,10,Punjab,BPCL,FS102686,79880,2076.88,2.6,Sugarcane,3634.54,114228.4
2018-11-01,2018,11,Punjab,IOC,FS102687,36415,2570.9,7.06,Molasses,4499.07,141399.5
2018-12-01,2018,12,Punjab,HPCL,FS102688,48308,2840.51,5.88,Maize,4970.89,156228.05
2019-01-01,2019,1,Punjab,IOC,FS102689,73408,5395.49,7.35,Broken Rice,9442.11,296751.95
2019-02-01,2019,2,Punjab,IOC,FS102690,22235,1511.98,6.8,Broken Rice,2645.97,83158.9
2019-03-01,2019,3,Punjab,HPCL,FS102691,67316,6240.19,9.27,Molasses,10920.33,343210.45
2019-04-01,2019,4,Punjab,IOC,FS102692,64440,5844.71,9.07,Sugarcane,10228.24,321459.05
2019-05-01,2019,5,Punjab,HPCL,FS102693,60805,3642.22,5.99,Maize,6373.88,200322.1
2019-06-01,2019,6,Punjab,IOC,FS102694,37764,2613.27,6.92,Molasses,4573.22,143729.85
2019-07-01,2019,7,Punjab,HPCL,FS102695,46501,1041.62,2.24,Sugarcane,1822.83,57289.1
2019-08-01,2019,8,Punjab,BPCL,FS102696,72186,3732.02,5.17,Sugarcane,6531.03,205261.1
2019-09-01,2019,9,Punjab,BPCL,FS102697,26781,1432.78,5.35,Sugarcane,2507.36,78802.9
2019-10-01,2019,10,Punjab,BPCL,FS102698,25883,810.14,3.13,Broken Rice,1417.74,44557.7
2019-11-01,2019,11,Punjab,HPCL,FS102699,24979,1828.46,7.32,Molasses,3199.81,100565.3
2019-12-01,2019,12,Punjab,HPCL,FS102700,63031,3554.95,5.64,Maize,6221.16,195522.25
2020-01-01,2020,1,Punjab,BPCL,FS102701,58438,4838.67,8.28,Maize,8467.67,266126.85
2020-02-01,2020,2,Punjab,IOC,FS102702,41525,3637.59,8.76,Broken Rice,6365.78,200067.45
2020-03-01,2020,3,Punjab,HPCL,FS102703,52348,2099.15,4.01,Sugarcane,3673.51,115453.25
2020-04-01,2020,4,Punjab,BPCL,FS102704,8908,784.79,8.81,Sugarcane,1373.38,43163.45
2020-05-01,2020,5,Punjab,BPCL,FS102705,43079,887.43,2.06,Sugarcane,1553.0,48808.65
2020-06-01,2020,6,Punjab,IOC,FS102706,53320,1167.71,2.19,Maize,2043.49,64224.05
2020-07-01,2020,7,Punjab,HPCL,FS102707,54105,1379.68,2.55,Maize,2414.44,75882.4
2020-08-01,2020,8,Punjab,IOC,FS102708,51271,3260.84,6.36,Maize,5706.47,179346.2
2020-09-01,2020,9,Punjab,BPCL,FS102709,44534,2649.77,5.95,Molasses,4637.1,145737.35
2020-10-01,2020,10,Punjab,HPCL,FS102710,65183,2626.87,4.03,Maize,4597.02,144477.85
2020-11-01,2020,11,Punjab,BPCL,FS102711,70509,2206.93,3.13,Broken Rice,3862.13,121381.15
2020-12-01,2020,12,Punjab,HPCL,FS102712,79695,3897.09,4.89,Broken Rice,6819.91,214339.95
2021-01-01,2021,1,Punjab,HPCL,FS102713,53761,6419.06,11.94,Maize,11233.36,353048.3
2021-02-01,2021,2,Punjab,BPCL,FS102714,13594,1026.35,7.55,Sugarcane,1796.11,56449.25
2021-03-01,2021,3,Punjab,IOC,FS102715,62698,6163.21,9.83,Sugarcane,10785.62,338976.55
2021-04-01,2021,4,Punjab,BPCL,FS102716,40175,4808.95,11.97,Broken Rice,8415.66,264492.25
2021-05-01,2021,5,Punjab,HPCL,FS102717,78910,4742.49,6.01,Broken Rice,8299.36,260836.95
2021-06-01,2021,6,Punjab,IOC,FS102718,20204,2222.44,11.0,Sugarcane,3889.27,122234.2
2021-07-01,2021,7,Punjab,BPCL,FS102719,72814,7667.31,10.53,Broken Rice,13417.79,421702.05
2021-08-01,2021,8,Punjab,BPCL,FS102720,8443,614.65,7.28,Sugarcane,1075.64,33805.75
2021-09-01,2021,9,Punjab,HPCL,FS102721,56791,2941.77,5.18,Sugarcane,5148.1,161797.35
2021-10-01,2021,10,Punjab,BPCL,FS102722,33198,4475.09,13.48,Sugarcane,7831.41,246129.95
2021-11-01,2021,11,Punjab,IOC,FS102723,46515,3618.87,7.78,Sugarcane,6333.02,199037.85
2021-12-01,2021,12,Punjab,IOC,FS102724,55003,4587.25,8.34,Broken Rice,8027.69,252298.75
2022-01-01,2022,1,Punjab,HPCL,FS102725,54246,8164.02,15.05,Broken Rice,14287.03,449021.1
2022-02-01,2022,2,Punjab,BPCL,FS102726,60800,5301.76,8.72,Broken Rice,9278.08,291596.8
2022-03-01,2022,3,Punjab,BPCL,FS102727,26040,1981.64,7.61,Sugarcane,3467.87,108990.2
2022-04-01,2022,4,Punjab,IOC,FS102728,64238,6648.63,10.35,Molasses,11635.1,365674.65
2022-05-01,2022,5,Punjab,HPCL,FS102729,42607,5389.79,12.65,Molasses,9432.13,296438.45
2022-06-01,2022,6,Punjab,BPCL,FS102730,79596,14048.69,17.65,Molasses,24585.21,772677.95
2022-07-01,2022,7,Punjab,IOC,FS102731,12300,1067.64,8.68,Maize,1868.37,58720.2
2022-08-01,2022,8,Punjab,HPCL,FS102732,36804,6002.73,16.31,Maize,10504.78,330150.15
2022-09-01,2022,9,Punjab,HPCL,FS102733,18547,2399.98,12.94,Maize,4199.97,131998.9
2022-10-01,2022,10,Punjab,BPCL,FS102734,58870,8806.95,14.96,Maize,15412.16,484382.25
2022-11-01,2022,11,Punjab,BPCL,FS102735,58460,6781.36,11.6,Molasses,11867.38,372974.8
2022-12-01,2022,12,Punjab,HPCL,FS102736,10921,1135.78,10.4,Maize,1987.62,62467.9
2023-01-01,2023,1,Punjab,IOC,FS102737,57684,9010.24,15.62,Maize,15767.92,495563.2
2023-02-01,2023,2,Punjab,BPCL,FS102738,66596,9123.65,13.7,Broken Rice,15966.39,501800.75
2023-03-01,2023,3,Punjab,IOC,FS102739,63152,467.32,0.74,Maize,817.81,25702.6
2023-04-01,2023,4,Punjab,BPCL,FS102740,74627,12985.1,17.4,Molasses,22723.92,714180.5
2023-05-01,2023,5,Punjab,IOC,FS102741,36490,5316.59,14.57,Molasses,9304.03,292412.45
2023-06-01,2023,6,Punjab,IOC,FS102742,50145,4828.96,9.63,Maize,8450.68,265592.8
2023-07-01,2023,7,Punjab,IOC,FS102743,28754,2280.19,7.93,Maize,3990.33,125410.45
2023-08-01,2023,8,Punjab,BPCL,FS102744,32016,3976.39,12.42,Molasses,6958.68,218701.45
2023-09-01,2023,9,Punjab,HPCL,FS102745,62068,3637.18,5.86,Broken Rice,6365.06,200044.9
2023-10-01,2023,10,Punjab,HPCL,FS102746,65346,7632.41,11.68,Maize,13356.72,419782.55
2023-11-01,2023,11,Punjab,IOC,FS102747,58062,6363.6,10.96,Maize,11136.3,349998.0
2023-12-01,2023,12,Punjab,HPCL,FS102748,14336,1718.89,11.99,Molasses,3008.06,94538.95
2024-01-01,2024,1,Punjab,IOC,FS102749,25256,4010.65,15.88,Broken Rice,7018.64,220585.75
2024-02-01,2024,2,Punjab,BPCL,FS102750,38013,8172.8,21.5,Maize,14302.4,449504.0
2024-03-01,2024,3,Punjab,HPCL,FS102751,44776,9626.84,21.5,Sugarcane,16846.97,529476.2
2024-04-01,2024,4,Punjab,IOC,FS102752,69687,12696.97,18.22,Sugarcane,22219.7,698333.35
2024-05-01,2024,5,Punjab,BPCL,FS102753,12781,2303.14,18.02,Molasses,4030.49,126672.7
2024-06-01,2024,6,Punjab,IOC,FS102754,25101,3850.49,15.34,Maize,6738.36,211776.95
2024-07-01,2024,7,Punjab,HPCL,FS102755,26932,5222.11,19.39,Sugarcane,9138.69,287216.05
2024-08-01,2024,8,Punjab,BPCL,FS102756,55842,10174.41,18.22,Maize,17805.22,559592.55
2024-09-01,2024,9,Punjab,BPCL,FS102757,31016,5254.11,16.94,Sugarcane,9194.69,288976.05
2024-10-01,2024,10,Punjab,IOC,FS102758,37986,2507.08,6.6,Sugarcane,4387.39,137889.4
2024-11-01,2024,11,Punjab,HPCL,FS102759,65771,13601.44,20.68,Maize,23802.52,748079.2
2024-12-01,2024,12,Punjab,BPCL,FS102760,64227,13250.03,20.63,Maize,23187.55,728751.65
2025-01-01,2025,1,Punjab,BPCL,FS102761,64234,13810.31,21.5,Broken Rice,24168.04,759567.05
2025-02-01,2025,2,Punjab,HPCL,FS102762,49368,4062.99,8.23,Maize,7110.23,223464.45
2025-03-01,2025,3,Punjab,BPCL,FS102763,77715,13118.29,16.88,Broken Rice,22957.01,721505.95
2025-04-01,2025,4,Punjab,HPCL,FS102764,23739,5103.89,21.5,Molasses,8931.81,280713.95
2025-05-01,2025,5,Punjab,HPCL,FS102765,41649,5081.18,12.2,Sugarcane,8892.07,279464.9
2025-06-01,2025,6,Punjab,IOC,FS102766,56621,12173.51,21.5,Maize,21303.64,669543.05
2025-07-01,2025,7,Punjab,BPCL,FS102767,45997,9889.35,21.5,Broken Rice,17306.36,543914.25
2025-08-01,2025,8,Punjab,IOC,FS102768,71291,15327.57,21.5,Sugarcane,26823.25,843016.35
2025-09-01,2025,9,Punjab,HPCL,FS102769,32686,6563.35,20.08,Broken Rice,11485.86,360984.25
2025-10-01,2025,10,Punjab,IOC,FS102770,23909,5140.43,21.5,Broken Rice,8995.75,282723.65
2025-11-01,2025,11,Punjab,HPCL,FS102771,36133,7768.6,21.5,Broken Rice,13595.05,427273.0
2025-12-01,2025,12,Punjab,HPCL,FS102772,64782,13928.13,21.5,Sugarcane,24374.23,766047.15
2026-01-01,2026,1,Punjab,IOC,FS102773,33298,6829.42,20.51,Molasses,11951.49,375618.1
2026-02-01,2026,2,Punjab,HPCL,FS102774,70513,10520.54,14.92,Molasses,18410.94,578629.7
2026-03-01,2026,3,Punjab,BPCL,FS102775,22404,3775.07,16.85,Molasses,6606.37,207628.85
2026-04-01,2026,4,Punjab,HPCL,FS102776,77445,8255.64,10.66,Broken Rice,14447.37,454060.2
2026-05-01,2026,5,Punjab,IOC,FS102777,55653,11965.4,21.5,Molasses,20939.45,658097.0
2026-06-01,2026,6,Punjab,IOC,FS102778,55147,11856.6,21.5,Molasses,20749.05,652113.0
2026-07-01,2026,7,Punjab,BPCL,FS102779,27171,5841.77,21.5,Broken Rice,10223.1,321297.35
2015-01-01,2015,1,Rajasthan,BPCL,FS102780,69344,1373.01,1.98,Sugarcane,2402.77,75515.55
2015-02-01,2015,2,Rajasthan,IOC,FS102781,29326,689.16,2.35,Molasses,1206.03,37903.8
2015-03-01,2015,3,Rajasthan,BPCL,FS102782,41071,800.88,1.95,Sugarcane,1401.54,44048.4
2015-04-01,2015,4,Rajasthan,IOC,FS102783,65492,1316.39,2.01,Molasses,2303.68,72401.45
2015-05-01,2015,5,Rajasthan,HPCL,FS102784,65439,2074.42,3.17,Broken Rice,3630.24,114093.1
2015-06-01,2015,6,Rajasthan,BPCL,FS102785,8528,172.27,2.02,Maize,301.47,9474.85
2015-07-01,2015,7,Rajasthan,HPCL,FS102786,21919,309.06,1.41,Broken Rice,540.86,16998.3
2015-08-01,2015,8,Rajasthan,HPCL,FS102787,78441,862.85,1.1,Sugarcane,1509.99,47456.75
2015-09-01,2015,9,Rajasthan,IOC,FS102788,29946,494.11,1.65,Broken Rice,864.69,27176.05
2015-10-01,2015,10,Rajasthan,IOC,FS102789,30161,853.56,2.83,Broken Rice,1493.73,46945.8
2015-11-01,2015,11,Rajasthan,HPCL,FS102790,49552,1095.1,2.21,Maize,1916.42,60230.5
2015-12-01,2015,12,Rajasthan,BPCL,FS102791,79942,1598.84,2.0,Broken Rice,2797.97,87936.2
2016-01-01,2016,1,Rajasthan,BPCL,FS102792,34926,1040.79,2.98,Maize,1821.38,57243.45
2016-02-01,2016,2,Rajasthan,IOC,FS102793,72796,2984.64,4.1,Broken Rice,5223.12,164155.2
2016-03-01,2016,3,Rajasthan,IOC,FS102794,11188,441.93,3.95,Sugarcane,773.38,24306.15
2016-04-01,2016,4,Rajasthan,BPCL,FS102795,14765,279.06,1.89,Maize,488.36,15348.3
2016-05-01,2016,5,Rajasthan,HPCL,FS102796,50120,2054.92,4.1,Molasses,3596.11,113020.6
2016-06-01,2016,6,Rajasthan,HPCL,FS102797,42986,1590.48,3.7,Maize,2783.34,87476.4
2016-07-01,2016,7,Rajasthan,HPCL,FS102798,47986,1386.8,2.89,Molasses,2426.9,76274.0
2016-08-01,2016,8,Rajasthan,HPCL,FS102799,74151,3106.93,4.19,Maize,5437.13,170881.15
2016-09-01,2016,9,Rajasthan,HPCL,FS102800,62933,2460.68,3.91,Broken Rice,4306.19,135337.4
2016-10-01,2016,10,Rajasthan,BPCL,FS102801,17114,655.47,3.83,Sugarcane,1147.07,36050.85
2016-11-01,2016,11,Rajasthan,HPCL,FS102802,14907,800.51,5.37,Broken Rice,1400.89,44028.05
2016-12-01,2016,12,Rajasthan,HPCL,FS102803,58241,2189.86,3.76,Maize,3832.26,120442.3
2017-01-01,2017,1,Rajasthan,BPCL,FS102804,32102,1528.06,4.76,Sugarcane,2674.11,84043.3
2017-02-01,2017,2,Rajasthan,BPCL,FS102805,38540,2393.33,6.21,Broken Rice,4188.33,131633.15
2017-03-01,2017,3,Rajasthan,HPCL,FS102806,75546,5318.44,7.04,Maize,9307.27,292514.2
2017-04-01,2017,4,Rajasthan,BPCL,FS102807,34467,1854.32,5.38,Sugarcane,3245.06,101987.6
2017-05-01,2017,5,Rajasthan,HPCL,FS102808,57222,3072.82,5.37,Sugarcane,5377.44,169005.1
2017-06-01,2017,6,Rajasthan,HPCL,FS102809,62607,4006.85,6.4,Molasses,7011.99,220376.75
2017-07-01,2017,7,Rajasthan,HPCL,FS102810,75764,5727.76,7.56,Sugarcane,10023.58,315026.8
2017-08-01,2017,8,Rajasthan,BPCL,FS102811,16888,271.9,1.61,Sugarcane,475.82,14954.5
2017-09-01,2017,9,Rajasthan,HPCL,FS102812,74258,3096.56,4.17,Molasses,5418.98,170310.8
2017-10-01,2017,10,Rajasthan,BPCL,FS102813,57854,2221.59,3.84,Broken Rice,3887.78,122187.45
2017-11-01,2017,11,Rajasthan,IOC,FS102814,25533,949.83,3.72,Broken Rice,1662.2,52240.65
2017-12-01,2017,12,Rajasthan,IOC,FS102815,54947,1362.69,2.48,Sugarcane,2384.71,74947.95
2018-01-01,2018,1,Rajasthan,IOC,FS102816,73464,2093.72,2.85,Broken Rice,3664.01,115154.6
2018-02-01,2018,2,Rajasthan,IOC,FS102817,60201,3040.15,5.05,Sugarcane,5320.26,167208.25
2018-03-01,2018,3,Rajasthan,HPCL,FS102818,8015,440.02,5.49,Sugarcane,770.03,24201.1
2018-04-01,2018,4,Rajasthan,BPCL,FS102819,29292,1865.9,6.37,Maize,3265.33,102624.5
2018-05-01,2018,5,Rajasthan,HPCL,FS102820,17759,1049.56,5.91,Sugarcane,1836.73,57725.8
2018-06-01,2018,6,Rajasthan,IOC,FS102821,65757,1808.32,2.75,Sugarcane,3164.56,99457.6
2018-07-01,2018,7,Rajasthan,IOC,FS102822,65732,2504.39,3.81,Sugarcane,4382.68,137741.45
2018-08-01,2018,8,Rajasthan,BPCL,FS102823,14840,765.74,5.16,Molasses,1340.05,42115.7
2018-09-01,2018,9,Rajasthan,HPCL,FS102824,63076,1986.89,3.15,Maize,3477.06,109278.95
2018-10-01,2018,10,Rajasthan,BPCL,FS102825,47023,1485.93,3.16,Maize,2600.38,81726.15
2018-11-01,2018,11,Rajasthan,BPCL,FS102826,73363,3345.35,4.56,Maize,5854.36,183994.25
2018-12-01,2018,12,Rajasthan,IOC,FS102827,53215,2309.53,4.34,Broken Rice,4041.68,127024.15
2019-01-01,2019,1,Rajasthan,BPCL,FS102828,54229,1784.13,3.29,Maize,3122.23,98127.15
2019-02-01,2019,2,Rajasthan,HPCL,FS102829,36924,1233.26,3.34,Molasses,2158.2,67829.3
2019-03-01,2019,3,Rajasthan,BPCL,FS102830,18528,841.17,4.54,Sugarcane,1472.05,46264.35
2019-04-01,2019,4,Rajasthan,HPCL,FS102831,69161,5097.17,7.37,Maize,8920.05,280344.35
2019-05-01,2019,5,Rajasthan,BPCL,FS102832,25241,434.15,1.72,Sugarcane,759.76,23878.25
2019-06-01,2019,6,Rajasthan,IOC,FS102833,39346,720.03,1.83,Sugarcane,1260.05,39601.65
2019-07-01,2019,7,Rajasthan,IOC,FS102834,57167,4093.16,7.16,Molasses,7163.03,225123.8
2019-08-01,2019,8,Rajasthan,BPCL,FS102835,75143,3449.06,4.59,Sugarcane,6035.85,189698.3
2019-09-01,2019,9,Rajasthan,BPCL,FS102836,78009,3814.64,4.89,Sugarcane,6675.62,209805.2
2019-10-01,2019,10,Rajasthan,HPCL,FS102837,49435,3371.47,6.82,Broken Rice,5900.07,185430.85
2019-11-01,2019,11,Rajasthan,BPCL,FS102838,13079,737.66,5.64,Sugarcane,1290.9,40571.3
2019-12-01,2019,12,Rajasthan,HPCL,FS102839,55109,628.24,1.14,Sugarcane,1099.42,34553.2
2020-01-01,2020,1,Rajasthan,HPCL,FS102840,59818,3056.7,5.11,Maize,5349.22,168118.5
2020-02-01,2020,2,Rajasthan,HPCL,FS102841,65748,328.74,0.5,Maize,575.3,18080.7
2020-03-01,2020,3,Rajasthan,IOC,FS102842,28491,1948.78,6.84,Broken Rice,3410.36,107182.9
2020-04-01,2020,4,Rajasthan,IOC,FS102843,16078,1522.59,9.47,Sugarcane,2664.53,83742.45
2020-05-01,2020,5,Rajasthan,HPCL,FS102844,8868,246.53,2.78,Maize,431.43,13559.15
2020-06-01,2020,6,Rajasthan,HPCL,FS102845,29246,2240.24,7.66,Broken Rice,3920.42,123213.2
2020-07-01,2020,7,Rajasthan,BPCL,FS102846,65865,3233.97,4.91,Broken Rice,5659.45,177868.35
2020-08-01,2020,8,Rajasthan,IOC,FS102847,50485,3660.16,7.25,Molasses,6405.28,201308.8
2020-09-01,2020,9,Rajasthan,BPCL,FS102848,22325,1801.63,8.07,Molasses,3152.85,99089.65
2020-10-01,2020,10,Rajasthan,IOC,FS102849,25996,694.09,2.67,Maize,1214.66,38174.95
2020-11-01,2020,11,Rajasthan,BPCL,FS102850,74617,6566.3,8.8,Sugarcane,11491.02,361146.5
2020-12-01,2020,12,Rajasthan,BPCL,FS102851,24876,1059.72,4.26,Molasses,1854.51,58284.6
2021-01-01,2021,1,Rajasthan,IOC,FS102852,34598,4404.33,12.73,Broken Rice,7707.58,242238.15
2021-02-01,2021,2,Rajasthan,HPCL,FS102853,17695,1934.06,10.93,Sugarcane,3384.61,106373.3
2021-03-01,2021,3,Rajasthan,HPCL,FS102854,9214,609.97,6.62,Broken Rice,1067.45,33548.35
2021-04-01,2021,4,Rajasthan,IOC,FS102855,52406,4894.72,9.34,Broken Rice,8565.76,269209.6
2021-05-01,2021,5,Rajasthan,BPCL,FS102856,66414,6528.5,9.83,Maize,11424.88,359067.5
2021-06-01,2021,6,Rajasthan,IOC,FS102857,64241,5132.86,7.99,Broken Rice,8982.5,282307.3
2021-07-01,2021,7,Rajasthan,BPCL,FS102858,58643,6509.37,11.1,Maize,11391.4,358015.35
2021-08-01,2021,8,Rajasthan,BPCL,FS102859,44996,4243.12,9.43,Maize,7425.46,233371.6
2021-09-01,2021,9,Rajasthan,BPCL,FS102860,46749,1776.46,3.8,Sugarcane,3108.81,97705.3
2021-10-01,2021,10,Rajasthan,BPCL,FS102861,25131,2389.96,9.51,Broken Rice,4182.43,131447.8
2021-11-01,2021,11,Rajasthan,BPCL,FS102862,77306,8851.54,11.45,Sugarcane,15490.2,486834.7
2021-12-01,2021,12,Rajasthan,HPCL,FS102863,17088,1283.31,7.51,Maize,2245.79,70582.05
2022-01-01,2022,1,Rajasthan,HPCL,FS102864,55249,2613.28,4.73,Broken Rice,4573.24,143730.4
2022-02-01,2022,2,Rajasthan,HPCL,FS102865,54365,3354.32,6.17,Sugarcane,5870.06,184487.6
2022-03-01,2022,3,Rajasthan,BPCL,FS102866,27589,2099.52,7.61,Broken Rice,3674.16,115473.6
2022-04-01,2022,4,Rajasthan,HPCL,FS102867,57322,4012.54,7.0,Sugarcane,7021.94,220689.7
2022-05-01,2022,5,Rajasthan,IOC,FS102868,10837,966.66,8.92,Sugarcane,1691.65,53166.3
2022-06-01,2022,6,Rajasthan,IOC,FS102869,57831,3371.55,5.83,Maize,5900.21,185435.25
2022-07-01,2022,7,Rajasthan,BPCL,FS102870,35350,4793.46,13.56,Molasses,8388.56,263640.3
2022-08-01,2022,8,Rajasthan,BPCL,FS102871,71865,9967.68,13.87,Maize,17443.44,548222.4
2022-09-01,2022,9,Rajasthan,IOC,FS102872,40535,4199.43,10.36,Maize,7349.0,230968.65
2022-10-01,2022,10,Rajasthan,IOC,FS102873,60284,8066.0,13.38,Maize,14115.5,443630.0
2022-11-01,2022,11,Rajasthan,IOC,FS102874,33968,2717.44,8.0,Sugarcane,4755.52,149459.2
2022-12-01,2022,12,Rajasthan,IOC,FS102875,71220,6110.68,8.58,Molasses,10693.69,336087.4
2023-01-01,2023,1,Rajasthan,HPCL,FS102876,58969,4693.93,7.96,Broken Rice,8214.38,258166.15
2023-02-01,2023,2,Rajasthan,IOC,FS102877,52411,8894.15,16.97,Molasses,15564.76,489178.25
2023-03-01,2023,3,Rajasthan,IOC,FS102878,63268,7427.66,11.74,Maize,12998.4,408521.3
2023-04-01,2023,4,Rajasthan,HPCL,FS102879,18402,1755.55,9.54,Molasses,3072.21,96555.25
2023-05-01,2023,5,Rajasthan,HPCL,FS102880,20460,1227.6,6.0,Maize,2148.3,67518.0
2023-06-01,2023,6,Rajasthan,HPCL,FS102881,56228,6027.64,10.72,Molasses,10548.37,331520.2
2023-07-01,2023,7,Rajasthan,BPCL,FS102882,65801,9685.91,14.72,Broken Rice,16950.34,532725.05
2023-08-01,2023,8,Rajasthan,HPCL,FS102883,60482,6894.95,11.4,Sugarcane,12066.16,379222.25
2023-09-01,2023,9,Rajasthan,BPCL,FS102884,42722,7702.78,18.03,Sugarcane,13479.86,423652.9
2023-10-01,2023,10,Rajasthan,IOC,FS102885,38921,5596.84,14.38,Molasses,9794.47,307826.2
2023-11-01,2023,11,Rajasthan,BPCL,FS102886,79543,5583.92,7.02,Molasses,9771.86,307115.6
2023-12-01,2023,12,Rajasthan,HPCL,FS102887,75612,9549.8,12.63,Sugarcane,16712.15,525239.0
2024-01-01,2024,1,Rajasthan,HPCL,FS102888,38383,4698.08,12.24,Sugarcane,8221.64,258394.4
2024-02-01,2024,2,Rajasthan,BPCL,FS102889,47028,5074.32,10.79,Broken Rice,8880.06,279087.6
2024-03-01,2024,3,Rajasthan,BPCL,FS102890,25443,5470.24,21.5,Broken Rice,9572.92,300863.2
2024-04-01,2024,4,Rajasthan,HPCL,FS102891,39976,7403.56,18.52,Broken Rice,12956.23,407195.8
2024-05-01,2024,5,Rajasthan,BPCL,FS102892,40210,7937.45,19.74,Sugarcane,13890.54,436559.75
2024-06-01,2024,6,Rajasthan,HPCL,FS102893,73516,7675.07,10.44,Maize,13431.37,422128.85
2024-07-01,2024,7,Rajasthan,HPCL,FS102894,39971,4224.93,10.57,Sugarcane,7393.63,232371.15
2024-08-01,2024,8,Rajasthan,BPCL,FS102895,45958,9880.97,21.5,Broken Rice,17291.7,543453.35
2024-09-01,2024,9,Rajasthan,BPCL,FS102896,36152,4826.29,13.35,Broken Rice,8446.01,265445.95
2024-10-01,2024,10,Rajasthan,BPCL,FS102897,66235,10491.62,15.84,Molasses,18360.34,577039.1
2024-11-01,2024,11,Rajasthan,IOC,FS102898,41741,2521.16,6.04,Broken Rice,4412.03,138663.8
2024-12-01,2024,12,Rajasthan,HPCL,FS102899,9408,1274.78,13.55,Broken Rice,2230.86,70112.9
2025-01-01,2025,1,Rajasthan,BPCL,FS102900,58572,10993.96,18.77,Molasses,19239.43,604667.8
2025-02-01,2025,2,Rajasthan,HPCL,FS102901,38105,8192.58,21.5,Maize,14337.01,450591.9
2025-03-01,2025,3,Rajasthan,HPCL,FS102902,33322,7164.23,21.5,Broken Rice,12537.4,394032.65
2025-04-01,2025,4,Rajasthan,IOC,FS102903,24878,3373.46,13.56,Molasses,5903.56,185540.3
2025-05-01,2025,5,Rajasthan,IOC,FS102904,31946,6868.39,21.5,Broken Rice,12019.68,377761.45
2025-06-01,2025,6,Rajasthan,HPCL,FS102905,15253,1981.36,12.99,Sugarcane,3467.38,108974.8
2025-07-01,2025,7,Rajasthan,BPCL,FS102906,45436,2462.63,5.42,Molasses,4309.6,135444.65
2025-08-01,2025,8,Rajasthan,BPCL,FS102907,46485,6791.46,14.61,Maize,11885.06,373530.3
2025-09-01,2025,9,Rajasthan,IOC,FS102908,13004,1764.64,13.57,Sugarcane,3088.12,97055.2
2025-10-01,2025,10,Rajasthan,BPCL,FS102909,29509,4193.23,14.21,Sugarcane,7338.15,230627.65
2025-11-01,2025,11,Rajasthan,IOC,FS102910,73930,10364.99,14.02,Broken Rice,18138.73,570074.45
2025-12-01,2025,12,Rajasthan,BPCL,FS102911,34673,5415.92,15.62,Sugarcane,9477.86,297875.6
2026-01-01,2026,1,Rajasthan,IOC,FS102912,41541,6854.27,16.5,Molasses,11994.97,376984.85
2026-02-01,2026,2,Rajasthan,HPCL,FS102913,66942,14392.53,21.5,Broken Rice,25186.93,791589.15
2026-03-01,2026,3,Rajasthan,BPCL,FS102914,70948,15253.82,21.5,Sugarcane,26694.18,838960.1
2026-04-01,2026,4,Rajasthan,IOC,FS102915,13506,2903.79,21.5,Broken Rice,5081.63,159708.45
2026-05-01,2026,5,Rajasthan,BPCL,FS102916,77310,16621.65,21.5,Broken Rice,29087.89,914190.75
2026-06-01,2026,6,Rajasthan,BPCL,FS102917,36853,7923.39,21.5,Molasses,13865.93,435786.45
2026-07-01,2026,7,Rajasthan,BPCL,FS102918,77963,16762.04,21.5,Broken Rice,29333.57,921912.2
2015-01-01,2015,1,Sikkim,IOC,FS102919,33475,716.37,2.14,Maize,1253.65,39400.35
2015-02-01,2015,2,Sikkim,BPCL,FS102920,50853,1154.36,2.27,Broken Rice,2020.13,63489.8
2015-03-01,2015,3,Sikkim,HPCL,FS102921,29309,879.27,3.0,Maize,1538.72,48359.85
2015-04-01,2015,4,Sikkim,IOC,FS102922,17416,388.38,2.23,Sugarcane,679.66,21360.9
2015-05-01,2015,5,Sikkim,HPCL,FS102923,16584,177.45,1.07,Broken Rice,310.54,9759.75
2015-06-01,2015,6,Sikkim,HPCL,FS102924,11591,165.75,1.43,Sugarcane,290.06,9116.25
2015-07-01,2015,7,Sikkim,HPCL,FS102925,29395,858.33,2.92,Molasses,1502.08,47208.15
2015-08-01,2015,8,Sikkim,HPCL,FS102926,43447,1268.65,2.92,Broken Rice,2220.14,69775.75
2015-09-01,2015,9,Sikkim,HPCL,FS102927,34014,656.47,1.93,Broken Rice,1148.82,36105.85
2015-10-01,2015,10,Sikkim,BPCL,FS102928,67300,922.01,1.37,Molasses,1613.52,50710.55
2015-11-01,2015,11,Sikkim,IOC,FS102929,51923,965.77,1.86,Maize,1690.1,53117.35
2015-12-01,2015,12,Sikkim,IOC,FS102930,23779,732.39,3.08,Sugarcane,1281.68,40281.45
2016-01-01,2016,1,Sikkim,IOC,FS102931,15111,540.97,3.58,Broken Rice,946.7,29753.35
2016-02-01,2016,2,Sikkim,IOC,FS102932,60703,2063.9,3.4,Sugarcane,3611.83,113514.5
2016-03-01,2016,3,Sikkim,BPCL,FS102933,12096,379.81,3.14,Molasses,664.67,20889.55
2016-04-01,2016,4,Sikkim,IOC,FS102934,13965,575.36,4.12,Sugarcane,1006.88,31644.8
2016-05-01,2016,5,Sikkim,IOC,FS102935,65987,2071.99,3.14,Maize,3625.98,113959.45
2016-06-01,2016,6,Sikkim,BPCL,FS102936,23330,597.25,2.56,Maize,1045.19,32848.75
2016-07-01,2016,7,Sikkim,HPCL,FS102937,11212,141.27,1.26,Broken Rice,247.22,7769.85
2016-08-01,2016,8,Sikkim,BPCL,FS102938,54815,2329.64,4.25,Broken Rice,4076.87,128130.2
2016-09-01,2016,9,Sikkim,HPCL,FS102939,71593,1345.95,1.88,Molasses,2355.41,74027.25
2016-10-01,2016,10,Sikkim,IOC,FS102940,44820,555.77,1.24,Broken Rice,972.6,30567.35
2016-11-01,2016,11,Sikkim,BPCL,FS102941,73807,2450.39,3.32,Maize,4288.18,134771.45
2016-12-01,2016,12,Sikkim,HPCL,FS102942,35584,398.54,1.12,Broken Rice,697.45,21919.7
2017-01-01,2017,1,Sikkim,BPCL,FS102943,18857,1176.68,6.24,Molasses,2059.19,64717.4
2017-02-01,2017,2,Sikkim,BPCL,FS102944,54111,1807.31,3.34,Sugarcane,3162.79,99402.05
2017-03-01,2017,3,Sikkim,HPCL,FS102945,20211,1202.55,5.95,Broken Rice,2104.46,66140.25
2017-04-01,2017,4,Sikkim,BPCL,FS102946,52112,2991.23,5.74,Sugarcane,5234.65,164517.65
2017-05-01,2017,5,Sikkim,IOC,FS102947,9778,504.54,5.16,Molasses,882.95,27749.7
2017-06-01,2017,6,Sikkim,IOC,FS102948,8045,540.62,6.72,Maize,946.09,29734.1
2017-07-01,2017,7,Sikkim,HPCL,FS102949,31437,1411.52,4.49,Broken Rice,2470.16,77633.6
2017-08-01,2017,8,Sikkim,BPCL,FS102950,29348,830.55,2.83,Molasses,1453.46,45680.25
2017-09-01,2017,9,Sikkim,IOC,FS102951,27455,974.65,3.55,Sugarcane,1705.64,53605.75
2017-10-01,2017,10,Sikkim,IOC,FS102952,54116,2754.5,5.09,Maize,4820.38,151497.5
2017-11-01,2017,11,Sikkim,BPCL,FS102953,38215,2143.86,5.61,Sugarcane,3751.76,117912.3
2017-12-01,2017,12,Sikkim,HPCL,FS102954,54009,3035.31,5.62,Sugarcane,5311.79,166942.05
2018-01-01,2018,1,Sikkim,BPCL,FS102955,37605,1376.34,3.66,Sugarcane,2408.59,75698.7
2018-02-01,2018,2,Sikkim,BPCL,FS102956,47643,2358.33,4.95,Maize,4127.08,129708.15
2018-03-01,2018,3,Sikkim,BPCL,FS102957,47015,935.6,1.99,Broken Rice,1637.3,51458.0
2018-04-01,2018,4,Sikkim,BPCL,FS102958,24167,1452.44,6.01,Maize,2541.77,79884.2
2018-05-01,2018,5,Sikkim,HPCL,FS102959,51148,2398.84,4.69,Molasses,4197.97,131936.2
2018-06-01,2018,6,Sikkim,BPCL,FS102960,73839,3020.02,4.09,Broken Rice,5285.03,166101.1
2018-07-01,2018,7,Sikkim,IOC,FS102961,57485,3380.12,5.88,Molasses,5915.21,185906.6
2018-08-01,2018,8,Sikkim,BPCL,FS102962,25116,1685.28,6.71,Broken Rice,2949.24,92690.4
2018-09-01,2018,9,Sikkim,IOC,FS102963,10124,671.22,6.63,Maize,1174.63,36917.1
2018-10-01,2018,10,Sikkim,IOC,FS102964,26676,973.67,3.65,Molasses,1703.92,53551.85
2018-11-01,2018,11,Sikkim,BPCL,FS102965,8997,55.78,0.62,Sugarcane,97.62,3067.9
2018-12-01,2018,12,Sikkim,HPCL,FS102966,19231,1040.4,5.41,Maize,1820.7,57222.0
2019-01-01,2019,1,Sikkim,HPCL,FS102967,63965,4503.14,7.04,Sugarcane,7880.5,247672.7
2019-02-01,2019,2,Sikkim,IOC,FS102968,18196,420.33,2.31,Maize,735.58,23118.15
2019-03-01,2019,3,Sikkim,IOC,FS102969,76860,3550.93,4.62,Molasses,6214.13,195301.15
2019-04-01,2019,4,Sikkim,IOC,FS102970,59553,3847.12,6.46,Maize,6732.46,211591.6
2019-05-01,2019,5,Sikkim,HPCL,FS102971,32111,870.21,2.71,Sugarcane,1522.87,47861.55
2019-06-01,2019,6,Sikkim,HPCL,FS102972,72541,3133.77,4.32,Molasses,5484.1,172357.35
2019-07-01,2019,7,Sikkim,IOC,FS102973,16271,807.04,4.96,Sugarcane,1412.32,44387.2
2019-08-01,2019,8,Sikkim,HPCL,FS102974,49271,1537.26,3.12,Molasses,2690.2,84549.3
2019-09-01,2019,9,Sikkim,IOC,FS102975,24417,1831.27,7.5,Molasses,3204.72,100719.85
2019-10-01,2019,10,Sikkim,BPCL,FS102976,72558,5122.59,7.06,Maize,8964.53,281742.45
2019-11-01,2019,11,Sikkim,BPCL,FS102977,31401,1833.82,5.84,Molasses,3209.18,100860.1
2019-12-01,2019,12,Sikkim,HPCL,FS102978,65042,4741.56,7.29,Maize,8297.73,260785.8
2020-01-01,2020,1,Sikkim,IOC,FS102979,55024,4038.76,7.34,Maize,7067.83,222131.8
2020-02-01,2020,2,Sikkim,HPCL,FS102980,46886,4130.66,8.81,Maize,7228.65,227186.3
2020-03-01,2020,3,Sikkim,BPCL,FS102981,10673,466.41,4.37,Sugarcane,816.22,25652.55
2020-04-01,2020,4,Sikkim,HPCL,FS102982,21665,1258.74,5.81,Maize,2202.8,69230.7
2020-05-01,2020,5,Sikkim,HPCL,FS102983,40500,1842.75,4.55,Maize,3224.81,101351.25
2020-06-01,2020,6,Sikkim,BPCL,FS102984,17638,710.81,4.03,Broken Rice,1243.92,39094.55
2020-07-01,2020,7,Sikkim,BPCL,FS102985,58064,3838.03,6.61,Broken Rice,6716.55,211091.65
2020-08-01,2020,8,Sikkim,HPCL,FS102986,13375,270.18,2.02,Maize,472.81,14859.9
2020-09-01,2020,9,Sikkim,BPCL,FS102987,28600,2093.52,7.32,Broken Rice,3663.66,115143.6
2020-10-01,2020,10,Sikkim,HPCL,FS102988,58117,3457.96,5.95,Maize,6051.43,190187.8
2020-11-01,2020,11,Sikkim,IOC,FS102989,63309,4678.54,7.39,Sugarcane,8187.44,257319.7
2020-12-01,2020,12,Sikkim,IOC,FS102990,68598,1845.29,2.69,Maize,3229.26,101490.95
2021-01-01,2021,1,Sikkim,BPCL,FS102991,76591,5323.07,6.95,Sugarcane,9315.37,292768.85
2021-02-01,2021,2,Sikkim,BPCL,FS102992,29832,3356.1,11.25,Broken Rice,5873.18,184585.5
2021-03-01,2021,3,Sikkim,BPCL,FS102993,48491,3830.79,7.9,Sugarcane,6703.88,210693.45
2021-04-01,2021,4,Sikkim,IOC,FS102994,72442,7454.28,10.29,Broken Rice,13044.99,409985.4
2021-05-01,2021,5,Sikkim,BPCL,FS102995,55498,7026.05,12.66,Broken Rice,12295.59,386432.75
2021-06-01,2021,6,Sikkim,BPCL,FS102996,65737,4634.46,7.05,Molasses,8110.31,254895.3
2021-07-01,2021,7,Sikkim,BPCL,FS102997,79303,5884.28,7.42,Broken Rice,10297.49,323635.4
2021-08-01,2021,8,Sikkim,HPCL,FS102998,37583,2867.58,7.63,Molasses,5018.26,157716.9
2021-09-01,2021,9,Sikkim,IOC,FS102999,26006,2129.89,8.19,Sugarcane,3727.31,117143.95
2021-10-01,2021,10,Sikkim,HPCL,FS103000,53650,4801.68,8.95,Broken Rice,8402.94,264092.4
2021-11-01,2021,11,Sikkim,HPCL,FS103001,63904,6518.21,10.2,Sugarcane,11406.87,358501.55
2021-12-01,2021,12,Sikkim,BPCL,FS103002,48667,3411.56,7.01,Sugarcane,5970.23,187635.8
2022-01-01,2022,1,Sikkim,HPCL,FS103003,58808,4945.75,8.41,Molasses,8655.06,272016.25
2022-02-01,2022,2,Sikkim,IOC,FS103004,41043,3714.39,9.05,Molasses,6500.18,204291.45
2022-03-01,2022,3,Sikkim,BPCL,FS103005,70077,11836.01,16.89,Maize,20713.02,650980.55
2022-04-01,2022,4,Sikkim,BPCL,FS103006,56785,5945.39,10.47,Maize,10404.43,326996.45
2022-05-01,2022,5,Sikkim,HPCL,FS103007,68721,9098.66,13.24,Sugarcane,15922.65,500426.3
2022-06-01,2022,6,Sikkim,HPCL,FS103008,35201,1598.13,4.54,Broken Rice,2796.73,87897.15
2022-07-01,2022,7,Sikkim,HPCL,FS103009,62774,5750.1,9.16,Broken Rice,10062.68,316255.5
2022-08-01,2022,8,Sikkim,HPCL,FS103010,51021,6132.72,12.02,Sugarcane,10732.26,337299.6
2022-09-01,2022,9,Sikkim,BPCL,FS103011,19937,2854.98,14.32,Broken Rice,4996.22,157023.9
2022-10-01,2022,10,Sikkim,HPCL,FS103012,25358,3811.31,15.03,Broken Rice,6669.79,209622.05
2022-11-01,2022,11,Sikkim,HPCL,FS103013,56821,10051.63,17.69,Broken Rice,17590.35,552839.65
2022-12-01,2022,12,Sikkim,BPCL,FS103014,16050,1275.97,7.95,Maize,2232.95,70178.35
2023-01-01,2023,1,Sikkim,BPCL,FS103015,62479,12283.37,19.66,Sugarcane,21495.9,675585.35
2023-02-01,2023,2,Sikkim,HPCL,FS103016,15450,1804.56,11.68,Molasses,3157.98,99250.8
2023-03-01,2023,3,Sikkim,BPCL,FS103017,58272,1748.16,3.0,Molasses,3059.28,96148.8
2023-04-01,2023,4,Sikkim,HPCL,FS103018,63779,5459.48,8.56,Maize,9554.09,300271.4
2023-05-01,2023,5,Sikkim,IOC,FS103019,23457,1834.34,7.82,Maize,3210.09,100888.7
2023-06-01,2023,6,Sikkim,IOC,FS103020,44181,7965.83,18.03,Broken Rice,13940.2,438120.65
2023-07-01,2023,7,Sikkim,HPCL,FS103021,8022,648.18,8.08,Molasses,1134.31,35649.9
2023-08-01,2023,8,Sikkim,IOC,FS103022,17808,1503.0,8.44,Broken Rice,2630.25,82665.0
2023-09-01,2023,9,Sikkim,IOC,FS103023,29725,3058.7,10.29,Broken Rice,5352.72,168228.5
2023-10-01,2023,10,Sikkim,HPCL,FS103024,16998,1444.83,8.5,Broken Rice,2528.45,79465.65
2023-11-01,2023,11,Sikkim,IOC,FS103025,65797,8171.99,12.42,Maize,14300.98,449459.45
2023-12-01,2023,12,Sikkim,HPCL,FS103026,30463,2647.23,8.69,Molasses,4632.65,145597.65
2024-01-01,2024,1,Sikkim,IOC,FS103027,71528,15378.52,21.5,Broken Rice,26912.41,845818.6
2024-02-01,2024,2,Sikkim,IOC,FS103028,69086,12898.36,18.67,Maize,22572.13,709409.8
2024-03-01,2024,3,Sikkim,HPCL,FS103029,71308,15017.46,21.06,Maize,26280.56,825960.3
2024-04-01,2024,4,Sikkim,BPCL,FS103030,68252,10135.42,14.85,Molasses,17736.99,557448.1
2024-05-01,2024,5,Sikkim,BPCL,FS103031,35313,6974.32,19.75,Molasses,12205.06,383587.6
2024-06-01,2024,6,Sikkim,HPCL,FS103032,18534,2607.73,14.07,Molasses,4563.53,143425.15
2024-07-01,2024,7,Sikkim,HPCL,FS103033,25189,5415.64,21.5,Sugarcane,9477.37,297860.2
2024-08-01,2024,8,Sikkim,IOC,FS103034,17616,2069.88,11.75,Molasses,3622.29,113843.4
2024-09-01,2024,9,Sikkim,IOC,FS103035,56738,6644.02,11.71,Sugarcane,11627.03,365421.1
2024-10-01,2024,10,Sikkim,IOC,FS103036,48725,6826.37,14.01,Broken Rice,11946.15,375450.35
2024-11-01,2024,11,Sikkim,HPCL,FS103037,18110,3893.65,21.5,Molasses,6813.89,214150.75
2024-12-01,2024,12,Sikkim,IOC,FS103038,74567,6740.86,9.04,Molasses,11796.5,370747.3
2025-01-01,2025,1,Sikkim,BPCL,FS103039,64063,3100.65,4.84,Sugarcane,5426.14,170535.75
2025-02-01,2025,2,Sikkim,HPCL,FS103040,30222,2502.38,8.28,Sugarcane,4379.16,137630.9
2025-03-01,2025,3,Sikkim,HPCL,FS103041,62649,12379.44,19.76,Sugarcane,21664.02,680869.2
2025-04-01,2025,4,Sikkim,HPCL,FS103042,18223,1301.12,7.14,Molasses,2276.96,71561.6
2025-05-01,2025,5,Sikkim,HPCL,FS103043,77392,4372.65,5.65,Maize,7652.14,240495.75
2025-06-01,2025,6,Sikkim,HPCL,FS103044,55922,10423.86,18.64,Maize,18241.76,573312.3
2025-07-01,2025,7,Sikkim,HPCL,FS103045,27416,5894.44,21.5,Molasses,10315.27,324194.2
2025-08-01,2025,8,Sikkim,IOC,FS103046,76835,7307.01,9.51,Sugarcane,12787.27,401885.55
2025-09-01,2025,9,Sikkim,BPCL,FS103047,19055,4096.82,21.5,Molasses,7169.43,225325.1
2025-10-01,2025,10,Sikkim,IOC,FS103048,11889,1343.46,11.3,Broken Rice,2351.06,73890.3
2025-11-01,2025,11,Sikkim,HPCL,FS103049,56226,12088.59,21.5,Broken Rice,21155.03,664872.45
2025-12-01,2025,12,Sikkim,HPCL,FS103050,10631,2285.66,21.5,Maize,3999.9,125711.3
2026-01-01,2026,1,Sikkim,HPCL,FS103051,72471,14088.36,19.44,Molasses,24654.63,774859.8
2026-02-01,2026,2,Sikkim,IOC,FS103052,22407,4817.51,21.5,Sugarcane,8430.64,264963.05
2026-03-01,2026,3,Sikkim,HPCL,FS103053,62348,12544.42,20.12,Maize,21952.74,689943.1
2026-04-01,2026,4,Sikkim,BPCL,FS103054,51168,10310.35,20.15,Broken Rice,18043.11,567069.25
2026-05-01,2026,5,Sikkim,IOC,FS103055,62862,13515.33,21.5,Maize,23651.83,743343.15
2026-06-01,2026,6,Sikkim,HPCL,FS103056,17466,3755.19,21.5,Maize,6571.58,206535.45
2026-07-01,2026,7,Sikkim,BPCL,FS103057,23467,5045.4,21.5,Sugarcane,8829.45,277497.0
2015-01-01,2015,1,Tamil Nadu,IOC,FS103058,18683,605.33,3.24,Sugarcane,1059.33,33293.15
2015-02-01,2015,2,Tamil Nadu,IOC,FS103059,12860,353.65,2.75,Molasses,618.89,19450.75
2015-03-01,2015,3,Tamil Nadu,BPCL,FS103060,14955,243.77,1.63,Molasses,426.6,13407.35
2015-04-01,2015,4,Tamil Nadu,HPCL,FS103061,78290,1988.57,2.54,Molasses,3480.0,109371.35
2015-05-01,2015,5,Tamil Nadu,BPCL,FS103062,75969,1868.84,2.46,Sugarcane,3270.47,102786.2
2015-06-01,2015,6,Tamil Nadu,HPCL,FS103063,14858,282.3,1.9,Molasses,494.03,15526.5
2015-07-01,2015,7,Tamil Nadu,HPCL,FS103064,69455,937.64,1.35,Broken Rice,1640.87,51570.2
2015-08-01,2015,8,Tamil Nadu,IOC,FS103065,62592,776.14,1.24,Sugarcane,1358.24,42687.7
2015-09-01,2015,9,Tamil Nadu,HPCL,FS103066,26394,736.39,2.79,Maize,1288.68,40501.45
2015-10-01,2015,10,Tamil Nadu,BPCL,FS103067,67332,1110.98,1.65,Broken Rice,1944.22,61103.9
2015-11-01,2015,11,Tamil Nadu,BPCL,FS103068,47386,753.44,1.59,Sugarcane,1318.52,41439.2
2015-12-01,2015,12,Tamil Nadu,IOC,FS103069,16539,330.78,2.0,Maize,578.87,18192.9
2016-01-01,2016,1,Tamil Nadu,BPCL,FS103070,57107,2324.25,4.07,Maize,4067.44,127833.75
2016-02-01,2016,2,Tamil Nadu,IOC,FS103071,38624,1185.76,3.07,Sugarcane,2075.08,65216.8
2016-03-01,2016,3,Tamil Nadu,IOC,FS103072,66013,1498.5,2.27,Molasses,2622.38,82417.5
2016-04-01,2016,4,Tamil Nadu,BPCL,FS103073,59798,1865.7,3.12,Maize,3264.97,102613.5
2016-05-01,2016,5,Tamil Nadu,HPCL,FS103074,54326,1678.67,3.09,Broken Rice,2937.67,92326.85
2016-06-01,2016,6,Tamil Nadu,IOC,FS103075,24603,1387.61,5.64,Molasses,2428.32,76318.55
2016-07-01,2016,7,Tamil Nadu,BPCL,FS103076,45697,1402.9,3.07,Maize,2455.08,77159.5
2016-08-01,2016,8,Tamil Nadu,IOC,FS103077,37992,1329.72,3.5,Maize,2327.01,73134.6
2016-09-01,2016,9,Tamil Nadu,BPCL,FS103078,20121,728.38,3.62,Broken Rice,1274.66,40060.9
2016-10-01,2016,10,Tamil Nadu,BPCL,FS103079,58672,1812.96,3.09,Sugarcane,3172.68,99712.8
2016-11-01,2016,11,Tamil Nadu,IOC,FS103080,36522,1249.05,3.42,Molasses,2185.84,68697.75
2016-12-01,2016,12,Tamil Nadu,BPCL,FS103081,68523,2089.95,3.05,Molasses,3657.41,114947.25
2017-01-01,2017,1,Tamil Nadu,IOC,FS103082,44660,1634.56,3.66,Broken Rice,2860.48,89900.8
2017-02-01,2017,2,Tamil Nadu,IOC,FS103083,32496,2024.5,6.23,Maize,3542.88,111347.5
2017-03-01,2017,3,Tamil Nadu,BPCL,FS103084,57979,1930.7,3.33,Maize,3378.72,106188.5
2017-04-01,2017,4,Tamil Nadu,BPCL,FS103085,67799,3769.62,5.56,Sugarcane,6596.84,207329.1
2017-05-01,2017,5,Tamil Nadu,BPCL,FS103086,50269,1583.47,3.15,Maize,2771.07,87090.85
2017-06-01,2017,6,Tamil Nadu,BPCL,FS103087,14749,822.99,5.58,Maize,1440.23,45264.45
2017-07-01,2017,7,Tamil Nadu,IOC,FS103088,15664,949.24,6.06,Maize,1661.17,52208.2
2017-08-01,2017,8,Tamil Nadu,BPCL,FS103089,39821,1572.93,3.95,Molasses,2752.63,86511.15
2017-09-01,2017,9,Tamil Nadu,BPCL,FS103090,35603,569.65,1.6,Molasses,996.89,31330.75
2017-10-01,2017,10,Tamil Nadu,HPCL,FS103091,27623,2375.58,8.6,Maize,4157.26,130656.9
2017-11-01,2017,11,Tamil Nadu,IOC,FS103092,14565,827.29,5.68,Molasses,1447.76,45500.95
2017-12-01,2017,12,Tamil Nadu,HPCL,FS103093,17117,340.63,1.99,Maize,596.1,18734.65
2018-01-01,2018,1,Tamil Nadu,HPCL,FS103094,77001,3103.14,4.03,Broken Rice,5430.49,170672.7
2018-02-01,2018,2,Tamil Nadu,IOC,FS103095,57613,4205.75,7.3,Molasses,7360.06,231316.25
2018-03-01,2018,3,Tamil Nadu,BPCL,FS103096,8005,172.91,2.16,Molasses,302.59,9510.05
2018-04-01,2018,4,Tamil Nadu,IOC,FS103097,14414,1043.57,7.24,Broken Rice,1826.25,57396.35
2018-05-01,2018,5,Tamil Nadu,HPCL,FS103098,41948,1124.21,2.68,Broken Rice,1967.37,61831.55
2018-06-01,2018,6,Tamil Nadu,BPCL,FS103099,28875,1429.31,4.95,Broken Rice,2501.29,78612.05
2018-07-01,2018,7,Tamil Nadu,BPCL,FS103100,31765,1813.78,5.71,Sugarcane,3174.11,99757.9
2018-08-01,2018,8,Tamil Nadu,IOC,FS103101,54612,3604.39,6.6,Broken Rice,6307.68,198241.45
2018-09-01,2018,9,Tamil Nadu,HPCL,FS103102,17428,787.75,4.52,Broken Rice,1378.56,43326.25
2018-10-01,2018,10,Tamil Nadu,HPCL,FS103103,47142,2564.52,5.44,Sugarcane,4487.91,141048.6
2018-11-01,2018,11,Tamil Nadu,IOC,FS103104,11890,728.86,6.13,Sugarcane,1275.51,40087.3
2018-12-01,2018,12,Tamil Nadu,IOC,FS103105,25175,2175.12,8.64,Sugarcane,3806.46,119631.6
2019-01-01,2019,1,Tamil Nadu,IOC,FS103106,76513,3137.03,4.1,Maize,5489.8,172536.65
2019-02-01,2019,2,Tamil Nadu,HPCL,FS103107,77329,3580.33,4.63,Broken Rice,6265.58,196918.15
2019-03-01,2019,3,Tamil Nadu,HPCL,FS103108,63598,5717.46,8.99,Molasses,10005.56,314460.3
2019-04-01,2019,4,Tamil Nadu,IOC,FS103109,21286,1785.9,8.39,Broken Rice,3125.33,98224.5
2019-05-01,2019,5,Tamil Nadu,IOC,FS103110,11811,615.35,5.21,Sugarcane,1076.86,33844.25
2019-06-01,2019,6,Tamil Nadu,IOC,FS103111,54619,2610.79,4.78,Maize,4568.88,143593.45
2019-07-01,2019,7,Tamil Nadu,BPCL,FS103112,20194,1718.51,8.51,Broken Rice,3007.39,94518.05
2019-08-01,2019,8,Tamil Nadu,HPCL,FS103113,27362,435.06,1.59,Maize,761.36,23928.3
2019-09-01,2019,9,Tamil Nadu,BPCL,FS103114,55836,2406.53,4.31,Maize,4211.43,132359.15
2019-10-01,2019,10,Tamil Nadu,HPCL,FS103115,73283,2755.44,3.76,Broken Rice,4822.02,151549.2
2019-11-01,2019,11,Tamil Nadu,IOC,FS103116,11447,543.73,4.75,Molasses,951.53,29905.15
2019-12-01,2019,12,Tamil Nadu,HPCL,FS103117,71001,7014.9,9.88,Broken Rice,12276.07,385819.5
2020-01-01,2020,1,Tamil Nadu,HPCL,FS103118,50213,4388.62,8.74,Molasses,7680.09,241374.1
2020-02-01,2020,2,Tamil Nadu,HPCL,FS103119,45830,1741.54,3.8,Molasses,3047.69,95784.7
2020-03-01,2020,3,Tamil Nadu,HPCL,FS103120,73365,3983.72,5.43,Sugarcane,6971.51,219104.6
2020-04-01,2020,4,Tamil Nadu,BPCL,FS103121,38806,3965.97,10.22,Molasses,6940.45,218128.35
2020-05-01,2020,5,Tamil Nadu,HPCL,FS103122,23945,1259.51,5.26,Sugarcane,2204.14,69273.05
2020-06-01,2020,6,Tamil Nadu,BPCL,FS103123,78453,5978.12,7.62,Maize,10461.71,328796.6
2020-07-01,2020,7,Tamil Nadu,IOC,FS103124,25316,1529.09,6.04,Maize,2675.91,84099.95
2020-08-01,2020,8,Tamil Nadu,BPCL,FS103125,15240,786.38,5.16,Sugarcane,1376.16,43250.9
2020-09-01,2020,9,Tamil Nadu,HPCL,FS103126,33710,1732.69,5.14,Molasses,3032.21,95297.95
2020-10-01,2020,10,Tamil Nadu,IOC,FS103127,23174,875.98,3.78,Molasses,1532.97,48178.9
2020-11-01,2020,11,Tamil Nadu,HPCL,FS103128,41069,4197.25,10.22,Maize,7345.19,230848.75
2020-12-01,2020,12,Tamil Nadu,IOC,FS103129,46197,1760.11,3.81,Broken Rice,3080.19,96806.05
2021-01-01,2021,1,Tamil Nadu,HPCL,FS103130,33370,2522.77,7.56,Maize,4414.85,138752.35
2021-02-01,2021,2,Tamil Nadu,IOC,FS103131,8434,662.91,7.86,Broken Rice,1160.09,36460.05
2021-03-01,2021,3,Tamil Nadu,HPCL,FS103132,11959,703.19,5.88,Sugarcane,1230.58,38675.45
2021-04-01,2021,4,Tamil Nadu,BPCL,FS103133,47593,3640.86,7.65,Molasses,6371.51,200247.3
2021-05-01,2021,5,Tamil Nadu,BPCL,FS103134,20787,1016.48,4.89,Sugarcane,1778.84,55906.4
2021-06-01,2021,6,Tamil Nadu,IOC,FS103135,60879,3555.33,5.84,Molasses,6221.83,195543.15
2021-07-01,2021,7,Tamil Nadu,IOC,FS103136,26687,1310.33,4.91,Broken Rice,2293.08,72068.15
2021-08-01,2021,8,Tamil Nadu,BPCL,FS103137,43989,4033.79,9.17,Sugarcane,7059.13,221858.45
2021-09-01,2021,9,Tamil Nadu,HPCL,FS103138,54901,3453.27,6.29,Broken Rice,6043.22,189929.85
2021-10-01,2021,10,Tamil Nadu,IOC,FS103139,79062,7858.76,9.94,Sugarcane,13752.83,432231.8
2021-11-01,2021,11,Tamil Nadu,HPCL,FS103140,25974,2672.72,10.29,Molasses,4677.26,146999.6
2021-12-01,2021,12,Tamil Nadu,IOC,FS103141,26615,2866.44,10.77,Molasses,5016.27,157654.2
2022-01-01,2022,1,Tamil Nadu,HPCL,FS103142,78478,6717.72,8.56,Broken Rice,11756.01,369474.6
2022-02-01,2022,2,Tamil Nadu,HPCL,FS103143,75136,8805.94,11.72,Sugarcane,15410.4,484326.7
2022-03-01,2022,3,Tamil Nadu,IOC,FS103144,25177,3560.03,14.14,Molasses,6230.05,195801.65
2022-04-01,2022,4,Tamil Nadu,HPCL,FS103145,8026,869.22,10.83,Maize,1521.13,47807.1
2022-05-01,2022,5,Tamil Nadu,BPCL,FS103146,50082,1637.68,3.27,Molasses,2865.94,90072.4
2022-06-01,2022,6,Tamil Nadu,HPCL,FS103147,23389,1127.35,4.82,Maize,1972.86,62004.25
2022-07-01,2022,7,Tamil Nadu,IOC,FS103148,79310,10445.13,13.17,Maize,18278.98,574482.15
2022-08-01,2022,8,Tamil Nadu,BPCL,FS103149,74332,9700.33,13.05,Molasses,16975.58,533518.15
2022-09-01,2022,9,Tamil Nadu,BPCL,FS103150,13285,1402.9,10.56,Molasses,2455.08,77159.5
2022-10-01,2022,10,Tamil Nadu,HPCL,FS103151,40499,4851.78,11.98,Molasses,8490.61,266847.9
2022-11-01,2022,11,Tamil Nadu,IOC,FS103152,21566,1343.56,6.23,Molasses,2351.23,73895.8
2022-12-01,2022,12,Tamil Nadu,HPCL,FS103153,59222,3565.16,6.02,Sugarcane,6239.03,196083.8
2023-01-01,2023,1,Tamil Nadu,IOC,FS103154,71853,7350.56,10.23,Maize,12863.48,404280.8
2023-02-01,2023,2,Tamil Nadu,HPCL,FS103155,23958,1662.69,6.94,Maize,2909.71,91447.95
2023-03-01,2023,3,Tamil Nadu,HPCL,FS103156,39661,5072.64,12.79,Broken Rice,8877.12,278995.2
2023-04-01,2023,4,Tamil Nadu,BPCL,FS103157,55963,11069.48,19.78,Sugarcane,19371.59,608821.4
2023-05-01,2023,5,Tamil Nadu,HPCL,FS103158,33587,4399.9,13.1,Molasses,7699.82,241994.5
2023-06-01,2023,6,Tamil Nadu,IOC,FS103159,61013,7644.93,12.53,Broken Rice,13378.63,420471.15
2023-07-01,2023,7,Tamil Nadu,BPCL,FS103160,38484,4006.18,10.41,Maize,7010.81,220339.9
2023-08-01,2023,8,Tamil Nadu,BPCL,FS103161,58807,9438.52,16.05,Broken Rice,16517.41,519118.6
2023-09-01,2023,9,Tamil Nadu,BPCL,FS103162,17643,2320.05,13.15,Molasses,4060.09,127602.75
2023-10-01,2023,10,Tamil Nadu,HPCL,FS103163,23233,2729.88,11.75,Molasses,4777.29,150143.4
2023-11-01,2023,11,Tamil Nadu,IOC,FS103164,50448,1911.98,3.79,Molasses,3345.97,105158.9
2023-12-01,2023,12,Tamil Nadu,IOC,FS103165,29346,4093.77,13.95,Maize,7164.1,225157.35
2024-01-01,2024,1,Tamil Nadu,HPCL,FS103166,56328,12110.52,21.5,Broken Rice,21193.41,666078.6
2024-02-01,2024,2,Tamil Nadu,BPCL,FS103167,33301,3812.96,11.45,Sugarcane,6672.68,209712.8
2024-03-01,2024,3,Tamil Nadu,BPCL,FS103168,30444,4155.61,13.65,Molasses,7272.32,228558.55
2024-04-01,2024,4,Tamil Nadu,BPCL,FS103169,8704,1450.96,16.67,Maize,2539.18,79802.8
2024-05-01,2024,5,Tamil Nadu,IOC,FS103170,26300,2230.24,8.48,Maize,3902.92,122663.2
2024-06-01,2024,6,Tamil Nadu,HPCL,FS103171,9845,1318.25,13.39,Maize,2306.94,72503.75
2024-07-01,2024,7,Tamil Nadu,HPCL,FS103172,71038,11650.23,16.4,Maize,20387.9,640762.65
2024-08-01,2024,8,Tamil Nadu,HPCL,FS103173,42404,9116.86,21.5,Broken Rice,15954.51,501427.3
2024-09-01,2024,9,Tamil Nadu,IOC,FS103174,55475,7433.65,13.4,Broken Rice,13008.89,408850.75
2024-10-01,2024,10,Tamil Nadu,BPCL,FS103175,79074,17000.91,21.5,Sugarcane,29751.59,935050.05
2024-11-01,2024,11,Tamil Nadu,BPCL,FS103176,23059,3869.3,16.78,Broken Rice,6771.28,212811.5
2024-12-01,2024,12,Tamil Nadu,HPCL,FS103177,42297,4475.02,10.58,Broken Rice,7831.29,246126.1
2025-01-01,2025,1,Tamil Nadu,IOC,FS103178,62583,11146.03,17.81,Molasses,19505.55,613031.65
2025-02-01,2025,2,Tamil Nadu,BPCL,FS103179,35086,6971.59,19.87,Broken Rice,12200.28,383437.45
2025-03-01,2025,3,Tamil Nadu,IOC,FS103180,68664,6653.54,9.69,Molasses,11643.69,365944.7
2025-04-01,2025,4,Tamil Nadu,IOC,FS103181,46174,4608.17,9.98,Maize,8064.3,253449.35
2025-05-01,2025,5,Tamil Nadu,IOC,FS103182,75804,16297.86,21.5,Molasses,28521.26,896382.3
2025-06-01,2025,6,Tamil Nadu,IOC,FS103183,36088,3013.35,8.35,Molasses,5273.36,165734.25
2025-07-01,2025,7,Tamil Nadu,BPCL,FS103184,62091,13349.57,21.5,Molasses,23361.75,734226.35
2025-08-01,2025,8,Tamil Nadu,HPCL,FS103185,32241,3739.96,11.6,Sugarcane,6544.93,205697.8
2025-09-01,2025,9,Tamil Nadu,HPCL,FS103186,11657,972.19,8.34,Sugarcane,1701.33,53470.45
2025-10-01,2025,10,Tamil Nadu,HPCL,FS103187,50340,5396.45,10.72,Sugarcane,9443.79,296804.75
2025-11-01,2025,11,Tamil Nadu,HPCL,FS103188,43865,8922.14,20.34,Molasses,15613.74,490717.7
2025-12-01,2025,12,Tamil Nadu,IOC,FS103189,45869,4747.44,10.35,Maize,8308.02,261109.2
2026-01-01,2026,1,Tamil Nadu,BPCL,FS103190,9711,2087.86,21.5,Maize,3653.76,114832.3
2026-02-01,2026,2,Tamil Nadu,BPCL,FS103191,61270,6574.27,10.73,Molasses,11504.97,361584.85
2026-03-01,2026,3,Tamil Nadu,HPCL,FS103192,21392,4599.28,21.5,Molasses,8048.74,252960.4
2026-04-01,2026,4,Tamil Nadu,HPCL,FS103193,76358,10300.69,13.49,Broken Rice,18026.21,566537.95
2026-05-01,2026,5,Tamil Nadu,HPCL,FS103194,29784,3451.97,11.59,Broken Rice,6040.95,189858.35
2026-06-01,2026,6,Tamil Nadu,IOC,FS103195,19148,4116.82,21.5,Broken Rice,7204.43,226425.1
2026-07-01,2026,7,Tamil Nadu,HPCL,FS103196,56737,9622.6,16.96,Molasses,16839.55,529243.0
2015-01-01,2015,1,Telangana,BPCL,FS103197,47536,1502.14,3.16,Molasses,2628.75,82617.7
2015-02-01,2015,2,Telangana,IOC,FS103198,41012,1004.79,2.45,Maize,1758.38,55263.45
2015-03-01,2015,3,Telangana,IOC,FS103199,76315,1221.04,1.6,Molasses,2136.82,67157.2
2015-04-01,2015,4,Telangana,HPCL,FS103200,64381,1210.36,1.88,Molasses,2118.13,66569.8
2015-05-01,2015,5,Telangana,IOC,FS103201,74480,1437.46,1.93,Broken Rice,2515.56,79060.3
2015-06-01,2015,6,Telangana,BPCL,FS103202,54489,1514.79,2.78,Broken Rice,2650.88,83313.45
2015-07-01,2015,7,Telangana,BPCL,FS103203,39949,571.27,1.43,Maize,999.72,31419.85
2015-08-01,2015,8,Telangana,IOC,FS103204,25229,174.08,0.69,Molasses,304.64,9574.4
2015-09-01,2015,9,Telangana,BPCL,FS103205,11260,310.78,2.76,Sugarcane,543.87,17092.9
2015-10-01,2015,10,Telangana,BPCL,FS103206,16155,224.55,1.39,Maize,392.96,12350.25
2015-11-01,2015,11,Telangana,HPCL,FS103207,28672,891.7,3.11,Molasses,1560.48,49043.5
2015-12-01,2015,12,Telangana,HPCL,FS103208,48324,492.9,1.02,Sugarcane,862.57,27109.5
2016-01-01,2016,1,Telangana,BPCL,FS103209,46698,2283.53,4.89,Molasses,3996.18,125594.15
2016-02-01,2016,2,Telangana,BPCL,FS103210,62800,2028.44,3.23,Sugarcane,3549.77,111564.2
2016-03-01,2016,3,Telangana,IOC,FS103211,10387,481.96,4.64,Sugarcane,843.43,26507.8
2016-04-01,2016,4,Telangana,IOC,FS103212,41895,1269.42,3.03,Maize,2221.49,69818.1
2016-05-01,2016,5,Telangana,HPCL,FS103213,48379,1673.91,3.46,Maize,2929.34,92065.05
2016-06-01,2016,6,Telangana,HPCL,FS103214,12297,360.3,2.93,Molasses,630.52,19816.5
2016-07-01,2016,7,Telangana,BPCL,FS103215,13008,424.06,3.26,Molasses,742.11,23323.3
2016-08-01,2016,8,Telangana,BPCL,FS103216,37236,1474.55,3.96,Maize,2580.46,81100.25
2016-09-01,2016,9,Telangana,IOC,FS103217,68263,1679.27,2.46,Sugarcane,2938.72,92359.85
2016-10-01,2016,10,Telangana,IOC,FS103218,41872,971.43,2.32,Sugarcane,1700.0,53428.65
2016-11-01,2016,11,Telangana,IOC,FS103219,19640,449.76,2.29,Sugarcane,787.08,24736.8
2016-12-01,2016,12,Telangana,BPCL,FS103220,19467,994.76,5.11,Maize,1740.83,54711.8
2017-01-01,2017,1,Telangana,HPCL,FS103221,63983,2661.69,4.16,Maize,4657.96,146392.95
2017-02-01,2017,2,Telangana,BPCL,FS103222,24204,1389.31,5.74,Broken Rice,2431.29,76412.05
2017-03-01,2017,3,Telangana,BPCL,FS103223,77537,2302.85,2.97,Maize,4029.99,126656.75
2017-04-01,2017,4,Telangana,IOC,FS103224,17236,453.31,2.63,Broken Rice,793.29,24932.05
2017-05-01,2017,5,Telangana,BPCL,FS103225,11902,254.7,2.14,Maize,445.72,14008.5
2017-06-01,2017,6,Telangana,IOC,FS103226,28096,1786.91,6.36,Sugarcane,3127.09,98280.05
2017-07-01,2017,7,Telangana,IOC,FS103227,52153,1522.87,2.92,Maize,2665.02,83757.85
2017-08-01,2017,8,Telangana,BPCL,FS103228,60148,3608.88,6.0,Maize,6315.54,198488.4
2017-09-01,2017,9,Telangana,BPCL,FS103229,76078,2411.67,3.17,Molasses,4220.42,132641.85
2017-10-01,2017,10,Telangana,HPCL,FS103230,57986,2215.07,3.82,Broken Rice,3876.37,121828.85
2017-11-01,2017,11,Telangana,BPCL,FS103231,63178,2185.96,3.46,Molasses,3825.43,120227.8
2017-12-01,2017,12,Telangana,BPCL,FS103232,47879,2460.98,5.14,Sugarcane,4306.72,135353.9
2018-01-01,2018,1,Telangana,BPCL,FS103233,76099,6065.09,7.97,Maize,10613.91,333579.95
2018-02-01,2018,2,Telangana,BPCL,FS103234,24442,1248.99,5.11,Broken Rice,2185.73,68694.45
2018-03-01,2018,3,Telangana,IOC,FS103235,17765,1486.93,8.37,Sugarcane,2602.13,81781.15
2018-04-01,2018,4,Telangana,IOC,FS103236,14641,620.78,4.24,Broken Rice,1086.37,34142.9
2018-05-01,2018,5,Telangana,BPCL,FS103237,47309,2105.25,4.45,Molasses,3684.19,115788.75
2018-06-01,2018,6,Telangana,IOC,FS103238,25223,385.91,1.53,Broken Rice,675.34,21225.05
2018-07-01,2018,7,Telangana,BPCL,FS103239,12959,944.71,7.29,Molasses,1653.24,51959.05
2018-08-01,2018,8,Telangana,BPCL,FS103240,35215,1331.13,3.78,Sugarcane,2329.48,73212.15
2018-09-01,2018,9,Telangana,HPCL,FS103241,42094,1814.25,4.31,Broken Rice,3174.94,99783.75
2018-10-01,2018,10,Telangana,BPCL,FS103242,24772,217.99,0.88,Broken Rice,381.48,11989.45
2018-11-01,2018,11,Telangana,HPCL,FS103243,76868,3866.46,5.03,Molasses,6766.31,212655.3
2018-12-01,2018,12,Telangana,IOC,FS103244,53134,2890.49,5.44,Broken Rice,5058.36,158976.95
2019-01-01,2019,1,Telangana,HPCL,FS103245,9301,452.03,4.86,Molasses,791.05,24861.65
2019-02-01,2019,2,Telangana,BPCL,FS103246,12112,499.01,4.12,Molasses,873.27,27445.55
2019-03-01,2019,3,Telangana,BPCL,FS103247,66360,3311.36,4.99,Molasses,5794.88,182124.8
2019-04-01,2019,4,Telangana,BPCL,FS103248,75641,5083.08,6.72,Broken Rice,8895.39,279569.4
2019-05-01,2019,5,Telangana,BPCL,FS103249,13630,453.88,3.33,Molasses,794.29,24963.4
2019-06-01,2019,6,Telangana,IOC,FS103250,18068,1179.84,6.53,Broken Rice,2064.72,64891.2
2019-07-01,2019,7,Telangana,HPCL,FS103251,63916,3259.72,5.1,Broken Rice,5704.51,179284.6
2019-08-01,2019,8,Telangana,HPCL,FS103252,28773,2598.2,9.03,Maize,4546.85,142901.0
2019-09-01,2019,9,Telangana,HPCL,FS103253,20818,345.58,1.66,Molasses,604.76,19006.9
2019-10-01,2019,10,Telangana,IOC,FS103254,12076,460.1,3.81,Maize,805.18,25305.5
2019-11-01,2019,11,Telangana,BPCL,FS103255,59869,4376.42,7.31,Maize,7658.74,240703.1
2019-12-01,2019,12,Telangana,HPCL,FS103256,64680,7160.08,11.07,Maize,12530.14,393804.4
2020-01-01,2020,1,Telangana,IOC,FS103257,75346,1921.32,2.55,Maize,3362.31,105672.6
2020-02-01,2020,2,Telangana,HPCL,FS103258,60182,4363.19,7.25,Sugarcane,7635.58,239975.45
2020-03-01,2020,3,Telangana,BPCL,FS103259,43844,3612.75,8.24,Molasses,6322.31,198701.25
2020-04-01,2020,4,Telangana,IOC,FS103260,68746,4970.34,7.23,Molasses,8698.1,273368.7
2020-05-01,2020,5,Telangana,IOC,FS103261,70651,4535.79,6.42,Maize,7937.63,249468.45
2020-06-01,2020,6,Telangana,IOC,FS103262,11307,840.11,7.43,Broken Rice,1470.19,46206.05
2020-07-01,2020,7,Telangana,BPCL,FS103263,42555,1306.44,3.07,Maize,2286.27,71854.2
2020-08-01,2020,8,Telangana,BPCL,FS103264,35293,2823.44,8.0,Molasses,4941.02,155289.2
2020-09-01,2020,9,Telangana,BPCL,FS103265,20318,798.5,3.93,Maize,1397.38,43917.5
2020-10-01,2020,10,Telangana,IOC,FS103266,17321,1238.45,7.15,Molasses,2167.29,68114.75
2020-11-01,2020,11,Telangana,IOC,FS103267,67618,3394.42,5.02,Maize,5940.24,186693.1
2020-12-01,2020,12,Telangana,HPCL,FS103268,33727,1784.16,5.29,Molasses,3122.28,98128.8
2021-01-01,2021,1,Telangana,IOC,FS103269,35476,3838.5,10.82,Broken Rice,6717.38,211117.5
2021-02-01,2021,2,Telangana,BPCL,FS103270,18796,1488.64,7.92,Molasses,2605.12,81875.2
2021-03-01,2021,3,Telangana,BPCL,FS103271,42312,4806.64,11.36,Sugarcane,8411.62,264365.2
2021-04-01,2021,4,Telangana,HPCL,FS103272,65026,3173.27,4.88,Broken Rice,5553.22,174529.85
2021-05-01,2021,5,Telangana,HPCL,FS103273,45282,2033.16,4.49,Maize,3558.03,111823.8
2021-06-01,2021,6,Telangana,BPCL,FS103274,32667,2946.56,9.02,Broken Rice,5156.48,162060.8
2021-07-01,2021,7,Telangana,IOC,FS103275,33530,1136.67,3.39,Broken Rice,1989.17,62516.85
2021-08-01,2021,8,Telangana,IOC,FS103276,60044,6869.03,11.44,Maize,12020.8,377796.65
2021-09-01,2021,9,Telangana,HPCL,FS103277,66817,4790.78,7.17,Sugarcane,8383.86,263492.9
2021-10-01,2021,10,Telangana,HPCL,FS103278,45403,3995.46,8.8,Broken Rice,6992.06,219750.3
2021-11-01,2021,11,Telangana,BPCL,FS103279,11830,580.85,4.91,Maize,1016.49,31946.75
2021-12-01,2021,12,Telangana,IOC,FS103280,63715,3096.55,4.86,Maize,5418.96,170310.25
2022-01-01,2022,1,Telangana,BPCL,FS103281,49721,4544.5,9.14,Molasses,7952.88,249947.5
2022-02-01,2022,2,Telangana,BPCL,FS103282,13539,1236.11,9.13,Broken Rice,2163.19,67986.05
2022-03-01,2022,3,Telangana,BPCL,FS103283,29311,4754.24,16.22,Maize,8319.92,261483.2
2022-04-01,2022,4,Telangana,IOC,FS103284,17475,1169.08,6.69,Maize,2045.89,64299.4
2022-05-01,2022,5,Telangana,HPCL,FS103285,67577,5237.22,7.75,Broken Rice,9165.14,288047.1
2022-06-01,2022,6,Telangana,IOC,FS103286,35912,5131.82,14.29,Sugarcane,8980.68,282250.1
2022-07-01,2022,7,Telangana,HPCL,FS103287,54840,8088.9,14.75,Molasses,14155.57,444889.5
2022-08-01,2022,8,Telangana,IOC,FS103288,31634,3928.94,12.42,Broken Rice,6875.65,216091.7
2022-09-01,2022,9,Telangana,HPCL,FS103289,12090,1144.92,9.47,Maize,2003.61,62970.6
2022-10-01,2022,10,Telangana,HPCL,FS103290,16382,1824.95,11.14,Sugarcane,3193.66,100372.25
2022-11-01,2022,11,Telangana,HPCL,FS103291,54698,3533.49,6.46,Broken Rice,6183.61,194341.95
2022-12-01,2022,12,Telangana,HPCL,FS103292,79857,7586.41,9.5,Broken Rice,13276.22,417252.55
2023-01-01,2023,1,Telangana,IOC,FS103293,40521,4514.04,11.14,Broken Rice,7899.57,248272.2
2023-02-01,2023,2,Telangana,IOC,FS103294,13631,873.75,6.41,Broken Rice,1529.06,48056.25
2023-03-01,2023,3,Telangana,BPCL,FS103295,64878,8388.73,12.93,Sugarcane,14680.28,461380.15
2023-04-01,2023,4,Telangana,HPCL,FS103296,34875,4579.09,13.13,Maize,8013.41,251849.95
2023-05-01,2023,5,Telangana,HPCL,FS103297,30580,3302.64,10.8,Sugarcane,5779.62,181645.2
2023-06-01,2023,6,Telangana,BPCL,FS103298,57349,6910.55,12.05,Molasses,12093.46,380080.25
2023-07-01,2023,7,Telangana,HPCL,FS103299,15851,1163.46,7.34,Broken Rice,2036.06,63990.3
2023-08-01,2023,8,Telangana,HPCL,FS103300,70805,11477.49,16.21,Sugarcane,20085.61,631261.95
2023-09-01,2023,9,Telangana,BPCL,FS103301,22507,3452.57,15.34,Molasses,6042.0,189891.35
2023-10-01,2023,10,Telangana,HPCL,FS103302,74600,15016.98,20.13,Maize,26279.72,825933.9
2023-11-01,2023,11,Telangana,IOC,FS103303,14820,2282.28,15.4,Molasses,3993.99,125525.4
2023-12-01,2023,12,Telangana,IOC,FS103304,68945,5095.04,7.39,Maize,8916.32,280227.2
2024-01-01,2024,1,Telangana,IOC,FS103305,55455,7752.61,13.98,Sugarcane,13567.07,426393.55
2024-02-01,2024,2,Telangana,IOC,FS103306,56022,12044.73,21.5,Sugarcane,21078.28,662460.15
2024-03-01,2024,3,Telangana,IOC,FS103307,26782,1738.15,6.49,Maize,3041.76,95598.25
2024-04-01,2024,4,Telangana,HPCL,FS103308,43342,9097.49,20.99,Sugarcane,15920.61,500361.95
2024-05-01,2024,5,Telangana,BPCL,FS103309,65396,6827.34,10.44,Maize,11947.85,375503.7
2024-06-01,2024,6,Telangana,IOC,FS103310,74836,16089.74,21.5,Broken Rice,28157.04,884935.7
2024-07-01,2024,7,Telangana,HPCL,FS103311,63822,13281.36,20.81,Maize,23242.38,730474.8
2024-08-01,2024,8,Telangana,BPCL,FS103312,58138,12499.67,21.5,Molasses,21874.42,687481.85
2024-09-01,2024,9,Telangana,HPCL,FS103313,27874,4903.04,17.59,Molasses,8580.32,269667.2
2024-10-01,2024,10,Telangana,IOC,FS103314,15925,3423.88,21.5,Broken Rice,5991.79,188313.4
2024-11-01,2024,11,Telangana,IOC,FS103315,35617,2706.89,7.6,Molasses,4737.06,148878.95
2024-12-01,2024,12,Telangana,HPCL,FS103316,15883,3163.89,19.92,Molasses,5536.81,174013.95
2025-01-01,2025,1,Telangana,IOC,FS103317,25197,5417.35,21.5,Maize,9480.36,297954.25
2025-02-01,2025,2,Telangana,HPCL,FS103318,32583,7005.35,21.5,Broken Rice,12259.36,385294.25
2025-03-01,2025,3,Telangana,IOC,FS103319,70014,13659.73,19.51,Maize,23904.53,751285.15
2025-04-01,2025,4,Telangana,BPCL,FS103320,53538,11483.9,21.45,Molasses,20096.83,631614.5
2025-05-01,2025,5,Telangana,HPCL,FS103321,65290,14037.35,21.5,Sugarcane,24565.36,772054.25
2025-06-01,2025,6,Telangana,HPCL,FS103322,68282,14680.63,21.5,Molasses,25691.1,807434.65
2025-07-01,2025,7,Telangana,BPCL,FS103323,16163,1697.12,10.5,Sugarcane,2969.96,93341.6
2025-08-01,2025,8,Telangana,HPCL,FS103324,29143,3194.07,10.96,Sugarcane,5589.62,175673.85
2025-09-01,2025,9,Telangana,IOC,FS103325,45996,7943.51,17.27,Molasses,13901.14,436893.05
2025-10-01,2025,10,Telangana,IOC,FS103326,14450,2008.55,13.9,Molasses,3514.96,110470.25
2025-11-01,2025,11,Telangana,IOC,FS103327,8020,1724.3,21.5,Molasses,3017.53,94836.5
2025-12-01,2025,12,Telangana,HPCL,FS103328,74635,16046.52,21.5,Maize,28081.41,882558.6
2026-01-01,2026,1,Telangana,BPCL,FS103329,48225,10368.38,21.5,Maize,18144.66,570260.9
2026-02-01,2026,2,Telangana,HPCL,FS103330,23065,3069.95,13.31,Broken Rice,5372.41,168847.25
2026-03-01,2026,3,Telangana,HPCL,FS103331,21111,1087.22,5.15,Maize,1902.63,59797.1
2026-04-01,2026,4,Telangana,BPCL,FS103332,71908,15460.22,21.5,Broken Rice,27055.38,850312.1
2026-05-01,2026,5,Telangana,HPCL,FS103333,67696,10174.71,15.03,Molasses,17805.74,559609.05
2026-06-01,2026,6,Telangana,BPCL,FS103334,49576,10658.84,21.5,Sugarcane,18652.97,586236.2
2026-07-01,2026,7,Telangana,IOC,FS103335,42579,7378.94,17.33,Molasses,12913.14,405841.7
2015-01-01,2015,1,Tripura,HPCL,FS103336,77599,721.67,0.93,Molasses,1262.92,39691.85
2015-02-01,2015,2,Tripura,HPCL,FS103337,39644,685.84,1.73,Sugarcane,1200.22,37721.2
2015-03-01,2015,3,Tripura,BPCL,FS103338,19202,501.17,2.61,Sugarcane,877.05,27564.35
2015-04-01,2015,4,Tripura,BPCL,FS103339,11685,247.72,2.12,Molasses,433.51,13624.6
2015-05-01,2015,5,Tripura,BPCL,FS103340,49230,684.3,1.39,Maize,1197.52,37636.5
2015-06-01,2015,6,Tripura,IOC,FS103341,76617,1517.02,1.98,Molasses,2654.78,83436.1
2015-07-01,2015,7,Tripura,BPCL,FS103342,58805,464.56,0.79,Maize,812.98,25550.8
2015-08-01,2015,8,Tripura,IOC,FS103343,42206,1219.75,2.89,Sugarcane,2134.56,67086.25
2015-09-01,2015,9,Tripura,IOC,FS103344,43847,995.33,2.27,Molasses,1741.83,54743.15
2015-10-01,2015,10,Tripura,HPCL,FS103345,44509,1308.56,2.94,Broken Rice,2289.98,71970.8
2015-11-01,2015,11,Tripura,BPCL,FS103346,70059,1947.64,2.78,Maize,3408.37,107120.2
2015-12-01,2015,12,Tripura,HPCL,FS103347,49091,1271.46,2.59,Molasses,2225.06,69930.3
2016-01-01,2016,1,Tripura,IOC,FS103348,50723,1450.68,2.86,Molasses,2538.69,79787.4
2016-02-01,2016,2,Tripura,IOC,FS103349,42052,1093.35,2.6,Broken Rice,1913.36,60134.25
2016-03-01,2016,3,Tripura,BPCL,FS103350,57581,2902.08,5.04,Molasses,5078.64,159614.4
2016-04-01,2016,4,Tripura,IOC,FS103351,16631,247.8,1.49,Broken Rice,433.65,13629.0
2016-05-01,2016,5,Tripura,IOC,FS103352,43764,1409.2,3.22,Sugarcane,2466.1,77506.0
2016-06-01,2016,6,Tripura,BPCL,FS103353,74198,2203.68,2.97,Maize,3856.44,121202.4
2016-07-01,2016,7,Tripura,IOC,FS103354,13378,552.51,4.13,Broken Rice,966.89,30388.05
2016-08-01,2016,8,Tripura,IOC,FS103355,73841,2333.38,3.16,Sugarcane,4083.41,128335.9
2016-09-01,2016,9,Tripura,BPCL,FS103356,15222,841.78,5.53,Maize,1473.12,46297.9
2016-10-01,2016,10,Tripura,BPCL,FS103357,14940,482.56,3.23,Maize,844.48,26540.8
2016-11-01,2016,11,Tripura,HPCL,FS103358,12544,186.91,1.49,Broken Rice,327.09,10280.05
2016-12-01,2016,12,Tripura,HPCL,FS103359,79610,1870.84,2.35,Sugarcane,3273.97,102896.2
2017-01-01,2017,1,Tripura,IOC,FS103360,64586,2673.86,4.14,Broken Rice,4679.26,147062.3
2017-02-01,2017,2,Tripura,BPCL,FS103361,11333,394.39,3.48,Maize,690.18,21691.45
2017-03-01,2017,3,Tripura,HPCL,FS103362,45850,1875.26,4.09,Maize,3281.7,103139.3
2017-04-01,2017,4,Tripura,IOC,FS103363,39786,1722.73,4.33,Sugarcane,3014.78,94750.15
2017-05-01,2017,5,Tripura,IOC,FS103364,42469,972.54,2.29,Sugarcane,1701.94,53489.7
2017-06-01,2017,6,Tripura,IOC,FS103365,20270,468.24,2.31,Broken Rice,819.42,25753.2
2017-07-01,2017,7,Tripura,IOC,FS103366,27359,1212.0,4.43,Sugarcane,2121.0,66660.0
2017-08-01,2017,8,Tripura,HPCL,FS103367,47492,2621.56,5.52,Sugarcane,4587.73,144185.8
2017-09-01,2017,9,Tripura,BPCL,FS103368,45690,2042.34,4.47,Broken Rice,3574.09,112328.7
2017-10-01,2017,10,Tripura,HPCL,FS103369,64630,3948.89,6.11,Maize,6910.56,217188.95
2017-11-01,2017,11,Tripura,HPCL,FS103370,14265,455.05,3.19,Sugarcane,796.34,25027.75
2017-12-01,2017,12,Tripura,HPCL,FS103371,61494,2164.59,3.52,Molasses,3788.03,119052.45
2018-01-01,2018,1,Tripura,HPCL,FS103372,69339,2773.56,4.0,Sugarcane,4853.73,152545.8
2018-02-01,2018,2,Tripura,HPCL,FS103373,55345,2689.77,4.86,Broken Rice,4707.1,147937.35
2018-03-01,2018,3,Tripura,BPCL,FS103374,38932,1444.38,3.71,Maize,2527.66,79440.9
2018-04-01,2018,4,Tripura,BPCL,FS103375,9908,157.54,1.59,Molasses,275.69,8664.7
2018-05-01,2018,5,Tripura,HPCL,FS103376,38632,1197.59,3.1,Maize,2095.78,65867.45
2018-06-01,2018,6,Tripura,BPCL,FS103377,48449,2315.86,4.78,Sugarcane,4052.76,127372.3
2018-07-01,2018,7,Tripura,BPCL,FS103378,33176,882.48,2.66,Molasses,1544.34,48536.4
2018-08-01,2018,8,Tripura,BPCL,FS103379,64967,4261.84,6.56,Sugarcane,7458.22,234401.2
2018-09-01,2018,9,Tripura,HPCL,FS103380,58281,291.41,0.5,Maize,509.97,16027.55
2018-10-01,2018,10,Tripura,HPCL,FS103381,37032,2366.34,6.39,Molasses,4141.1,130148.7
2018-11-01,2018,11,Tripura,BPCL,FS103382,41844,1368.3,3.27,Broken Rice,2394.53,75256.5
2018-12-01,2018,12,Tripura,HPCL,FS103383,23169,2066.67,8.92,Sugarcane,3616.67,113666.85
2019-01-01,2019,1,Tripura,IOC,FS103384,44368,1623.87,3.66,Maize,2841.77,89312.85
2019-02-01,2019,2,Tripura,BPCL,FS103385,65645,4168.46,6.35,Maize,7294.81,229265.3
2019-03-01,2019,3,Tripura,BPCL,FS103386,67267,4923.94,7.32,Broken Rice,8616.89,270816.7
2019-04-01,2019,4,Tripura,IOC,FS103387,67225,2305.82,3.43,Sugarcane,4035.19,126820.1
2019-05-01,2019,5,Tripura,BPCL,FS103388,28239,2422.91,8.58,Broken Rice,4240.09,133260.05
2019-06-01,2019,6,Tripura,BPCL,FS103389,49291,3307.43,6.71,Maize,5788.0,181908.65
2019-07-01,2019,7,Tripura,BPCL,FS103390,27072,1340.06,4.95,Molasses,2345.11,73703.3
2019-08-01,2019,8,Tripura,HPCL,FS103391,23115,1705.89,7.38,Broken Rice,2985.31,93823.95
2019-09-01,2019,9,Tripura,BPCL,FS103392,50800,3098.8,6.1,Sugarcane,5422.9,170434.0
2019-10-01,2019,10,Tripura,HPCL,FS103393,51098,2631.55,5.15,Broken Rice,4605.21,144735.25
2019-11-01,2019,11,Tripura,HPCL,FS103394,59843,3171.68,5.3,Broken Rice,5550.44,174442.4
2019-12-01,2019,12,Tripura,HPCL,FS103395,39509,2165.09,5.48,Broken Rice,3788.91,119079.95
2020-01-01,2020,1,Tripura,HPCL,FS103396,29529,773.66,2.62,Broken Rice,1353.9,42551.3
2020-02-01,2020,2,Tripura,BPCL,FS103397,12901,875.98,6.79,Molasses,1532.97,48178.9
2020-03-01,2020,3,Tripura,BPCL,FS103398,18707,699.64,3.74,Maize,1224.37,38480.2
2020-04-01,2020,4,Tripura,IOC,FS103399,53101,2968.35,5.59,Maize,5194.61,163259.25
2020-05-01,2020,5,Tripura,HPCL,FS103400,48641,3643.21,7.49,Sugarcane,6375.62,200376.55
2020-06-01,2020,6,Tripura,BPCL,FS103401,14416,986.05,6.84,Broken Rice,1725.59,54232.75
2020-07-01,2020,7,Tripura,BPCL,FS103402,12861,410.27,3.19,Maize,717.97,22564.85
2020-08-01,2020,8,Tripura,HPCL,FS103403,41682,1558.91,3.74,Broken Rice,2728.09,85740.05
2020-09-01,2020,9,Tripura,IOC,FS103404,62486,6454.8,10.33,Molasses,11295.9,355014.0
2020-10-01,2020,10,Tripura,HPCL,FS103405,70294,2973.44,4.23,Maize,5203.52,163539.2
2020-11-01,2020,11,Tripura,IOC,FS103406,26330,2240.68,8.51,Sugarcane,3921.19,123237.4
2020-12-01,2020,12,Tripura,HPCL,FS103407,62532,3395.49,5.43,Sugarcane,5942.11,186751.95
2021-01-01,2021,1,Tripura,HPCL,FS103408,23589,2552.33,10.82,Maize,4466.58,140378.15
2021-02-01,2021,2,Tripura,BPCL,FS103409,51200,3179.52,6.21,Sugarcane,5564.16,174873.6
2021-03-01,2021,3,Tripura,IOC,FS103410,24746,2333.55,9.43,Sugarcane,4083.71,128345.25
2021-04-01,2021,4,Tripura,HPCL,FS103411,11851,887.64,7.49,Maize,1553.37,48820.2
2021-05-01,2021,5,Tripura,IOC,FS103412,52845,2726.8,5.16,Broken Rice,4771.9,149974.0
2021-06-01,2021,6,Tripura,HPCL,FS103413,29159,3090.85,10.6,Molasses,5408.99,169996.75
2021-07-01,2021,7,Tripura,IOC,FS103414,15464,644.85,4.17,Sugarcane,1128.49,35466.75
2021-08-01,2021,8,Tripura,HPCL,FS103415,17840,1387.95,7.78,Sugarcane,2428.91,76337.25
2021-09-01,2021,9,Tripura,IOC,FS103416,23329,636.88,2.73,Sugarcane,1114.54,35028.4
2021-10-01,2021,10,Tripura,BPCL,FS103417,56469,10249.12,18.15,Sugarcane,17935.96,563701.6
2021-11-01,2021,11,Tripura,HPCL,FS103418,31703,2298.47,7.25,Sugarcane,4022.32,126415.85
2021-12-01,2021,12,Tripura,HPCL,FS103419,43416,1688.88,3.89,Sugarcane,2955.54,92888.4
2022-01-01,2022,1,Tripura,HPCL,FS103420,40294,3795.69,9.42,Broken Rice,6642.46,208762.95
2022-02-01,2022,2,Tripura,IOC,FS103421,31795,3519.71,11.07,Sugarcane,6159.49,193584.05
2022-03-01,2022,3,Tripura,BPCL,FS103422,63372,3593.19,5.67,Molasses,6288.08,197625.45
2022-04-01,2022,4,Tripura,HPCL,FS103423,55387,4386.65,7.92,Sugarcane,7676.64,241265.75
2022-05-01,2022,5,Tripura,IOC,FS103424,73552,10782.72,14.66,Molasses,18869.76,593049.6
2022-06-01,2022,6,Tripura,IOC,FS103425,47244,2811.02,5.95,Broken Rice,4919.28,154606.1
2022-07-01,2022,7,Tripura,HPCL,FS103426,14259,1686.84,11.83,Maize,2951.97,92776.2
2022-08-01,2022,8,Tripura,HPCL,FS103427,12942,1150.54,8.89,Molasses,2013.44,63279.7
2022-09-01,2022,9,Tripura,IOC,FS103428,13702,1599.02,11.67,Maize,2798.28,87946.1
2022-10-01,2022,10,Tripura,BPCL,FS103429,47419,2816.69,5.94,Sugarcane,4929.21,154917.95
2022-11-01,2022,11,Tripura,IOC,FS103430,47242,2173.13,4.6,Broken Rice,3802.98,119522.15
2022-12-01,2022,12,Tripura,HPCL,FS103431,15393,1271.46,8.26,Molasses,2225.06,69930.3
2023-01-01,2023,1,Tripura,HPCL,FS103432,70969,10872.45,15.32,Maize,19026.79,597984.75
2023-02-01,2023,2,Tripura,IOC,FS103433,32726,4244.56,12.97,Sugarcane,7427.98,233450.8
2023-03-01,2023,3,Tripura,IOC,FS103434,48168,5216.59,10.83,Maize,9129.03,286912.45
2023-04-01,2023,4,Tripura,BPCL,FS103435,49120,6812.94,13.87,Sugarcane,11922.64,374711.7
2023-05-01,2023,5,Tripura,BPCL,FS103436,31914,6596.62,20.67,Maize,11544.08,362814.1
2023-06-01,2023,6,Tripura,HPCL,FS103437,57454,6193.54,10.78,Molasses,10838.69,340644.7
2023-07-01,2023,7,Tripura,BPCL,FS103438,71766,7535.43,10.5,Maize,13187.0,414448.65
2023-08-01,2023,8,Tripura,HPCL,FS103439,15169,1254.48,8.27,Broken Rice,2195.34,68996.4
2023-09-01,2023,9,Tripura,BPCL,FS103440,35757,2542.32,7.11,Maize,4449.06,139827.6
2023-10-01,2023,10,Tripura,HPCL,FS103441,40419,2126.04,5.26,Broken Rice,3720.57,116932.2
2023-11-01,2023,11,Tripura,IOC,FS103442,58646,6955.42,11.86,Broken Rice,12171.99,382548.1
2023-12-01,2023,12,Tripura,IOC,FS103443,76079,11700.95,15.38,Molasses,20476.66,643552.25
2024-01-01,2024,1,Tripura,HPCL,FS103444,24829,2716.29,10.94,Maize,4753.51,149395.95
2024-02-01,2024,2,Tripura,HPCL,FS103445,43319,9313.58,21.5,Molasses,16298.76,512246.9
2024-03-01,2024,3,Tripura,HPCL,FS103446,26179,3735.74,14.27,Molasses,6537.55,205465.7
2024-04-01,2024,4,Tripura,BPCL,FS103447,17496,1831.83,10.47,Broken Rice,3205.7,100750.65
2024-05-01,2024,5,Tripura,HPCL,FS103448,53489,8248.0,15.42,Maize,14434.0,453640.0
2024-06-01,2024,6,Tripura,IOC,FS103449,20420,2344.22,11.48,Molasses,4102.38,128932.1
2024-07-01,2024,7,Tripura,HPCL,FS103450,71910,13770.76,19.15,Molasses,24098.83,757391.8
2024-08-01,2024,8,Tripura,IOC,FS103451,63919,10329.31,16.16,Sugarcane,18076.29,568112.05
2024-09-01,2024,9,Tripura,HPCL,FS103452,28551,6138.47,21.5,Sugarcane,10742.32,337615.85
2024-10-01,2024,10,Tripura,HPCL,FS103453,34296,5792.59,16.89,Sugarcane,10137.03,318592.45
2024-11-01,2024,11,Tripura,IOC,FS103454,34038,7318.17,21.5,Broken Rice,12806.8,402499.35
2024-12-01,2024,12,Tripura,HPCL,FS103455,59284,3723.04,6.28,Broken Rice,6515.32,204767.2
2025-01-01,2025,1,Tripura,BPCL,FS103456,40806,8773.29,21.5,Maize,15353.26,482530.95
2025-02-01,2025,2,Tripura,HPCL,FS103457,38498,7811.24,20.29,Maize,13669.67,429618.2
2025-03-01,2025,3,Tripura,BPCL,FS103458,53986,10721.62,19.86,Sugarcane,18762.84,589689.1
2025-04-01,2025,4,Tripura,BPCL,FS103459,17305,3720.57,21.5,Maize,6511.0,204631.35
2025-05-01,2025,5,Tripura,HPCL,FS103460,48430,10412.45,21.5,Broken Rice,18221.79,572684.75
2025-06-01,2025,6,Tripura,HPCL,FS103461,12158,2613.97,21.5,Molasses,4574.45,143768.35
2025-07-01,2025,7,Tripura,IOC,FS103462,55924,12023.66,21.5,Molasses,21041.4,661301.3
2025-08-01,2025,8,Tripura,IOC,FS103463,44679,9605.99,21.5,Maize,16810.48,528329.45
2025-09-01,2025,9,Tripura,HPCL,FS103464,68558,14739.97,21.5,Sugarcane,25794.95,810698.35
2025-10-01,2025,10,Tripura,BPCL,FS103465,39668,8528.62,21.5,Broken Rice,14925.09,469074.1
2025-11-01,2025,11,Tripura,HPCL,FS103466,61516,10297.78,16.74,Molasses,18021.12,566377.9
2025-12-01,2025,12,Tripura,HPCL,FS103467,13316,2423.51,18.2,Sugarcane,4241.14,133293.05
2026-01-01,2026,1,Tripura,HPCL,FS103468,73961,15812.86,21.38,Maize,27672.51,869707.3
2026-02-01,2026,2,Tripura,IOC,FS103469,19480,4151.19,21.31,Maize,7264.58,228315.45
2026-03-01,2026,3,Tripura,HPCL,FS103470,61149,9380.26,15.34,Maize,16415.46,515914.3
2026-04-01,2026,4,Tripura,HPCL,FS103471,27423,5895.94,21.5,Maize,10317.89,324276.7
2026-05-01,2026,5,Tripura,HPCL,FS103472,39139,3146.78,8.04,Broken Rice,5506.87,173072.9
2026-06-01,2026,6,Tripura,HPCL,FS103473,20937,4501.45,21.5,Maize,7877.54,247579.75
2026-07-01,2026,7,Tripura,HPCL,FS103474,22735,1143.57,5.03,Maize,2001.25,62896.35
2015-01-01,2015,1,Uttar Pradesh,BPCL,FS103475,75561,1405.43,1.86,Molasses,2459.5,77298.65
2015-02-01,2015,2,Uttar Pradesh,HPCL,FS103476,32956,580.03,1.76,Molasses,1015.05,31901.65
2015-03-01,2015,3,Uttar Pradesh,IOC,FS103477,9528,239.15,2.51,Molasses,418.51,13153.25
2015-04-01,2015,4,Uttar Pradesh,BPCL,FS103478,28511,142.56,0.5,Molasses,249.48,7840.8
2015-05-01,2015,5,Uttar Pradesh,BPCL,FS103479,64503,1083.65,1.68,Molasses,1896.39,59600.75
2015-06-01,2015,6,Uttar Pradesh,HPCL,FS103480,74008,1753.99,2.37,Broken Rice,3069.48,96469.45
2015-07-01,2015,7,Uttar Pradesh,BPCL,FS103481,33912,169.56,0.5,Broken Rice,296.73,9325.8
2015-08-01,2015,8,Uttar Pradesh,BPCL,FS103482,46785,692.42,1.48,Broken Rice,1211.73,38083.1
2015-09-01,2015,9,Uttar Pradesh,IOC,FS103483,70001,1470.02,2.1,Molasses,2572.53,80851.1
2015-10-01,2015,10,Uttar Pradesh,IOC,FS103484,66600,1252.08,1.88,Broken Rice,2191.14,68864.4
2015-11-01,2015,11,Uttar Pradesh,HPCL,FS103485,68062,762.29,1.12,Molasses,1334.01,41925.95
2015-12-01,2015,12,Uttar Pradesh,IOC,FS103486,40556,1155.85,2.85,Molasses,2022.74,63571.75
2016-01-01,2016,1,Uttar Pradesh,BPCL,FS103487,14563,570.87,3.92,Maize,999.02,31397.85
2016-02-01,2016,2,Uttar Pradesh,IOC,FS103488,8184,300.35,3.67,Broken Rice,525.61,16519.25
2016-03-01,2016,3,Uttar Pradesh,IOC,FS103489,28449,1103.82,3.88,Molasses,1931.68,60710.1
2016-04-01,2016,4,Uttar Pradesh,BPCL,FS103490,66209,2899.95,4.38,Maize,5074.91,159497.25
2016-05-01,2016,5,Uttar Pradesh,IOC,FS103491,60185,920.83,1.53,Sugarcane,1611.45,50645.65
2016-06-01,2016,6,Uttar Pradesh,HPCL,FS103492,42810,993.19,2.32,Sugarcane,1738.08,54625.45
2016-07-01,2016,7,Uttar Pradesh,IOC,FS103493,28872,1276.14,4.42,Maize,2233.25,70187.7
2016-08-01,2016,8,Uttar Pradesh,HPCL,FS103494,25167,455.52,1.81,Maize,797.16,25053.6
2016-09-01,2016,9,Uttar Pradesh,IOC,FS103495,66326,2878.55,4.34,Molasses,5037.46,158320.25
2016-10-01,2016,10,Uttar Pradesh,HPCL,FS103496,22618,949.96,4.2,Sugarcane,1662.43,52247.8
2016-11-01,2016,11,Uttar Pradesh,BPCL,FS103497,18027,580.47,3.22,Sugarcane,1015.82,31925.85
2016-12-01,2016,12,Uttar Pradesh,HPCL,FS103498,75158,2510.28,3.34,Sugarcane,4392.99,138065.4
2017-01-01,2017,1,Uttar Pradesh,HPCL,FS103499,26316,1226.33,4.66,Maize,2146.08,67448.15
2017-02-01,2017,2,Uttar Pradesh,BPCL,FS103500,31395,1930.79,6.15,Molasses,3378.88,106193.45
2017-03-01,2017,3,Uttar Pradesh,HPCL,FS103501,31707,551.7,1.74,Sugarcane,965.48,30343.5
2017-04-01,2017,4,Uttar Pradesh,BPCL,FS103502,64416,1442.92,2.24,Maize,2525.11,79360.6
2017-05-01,2017,5,Uttar Pradesh,IOC,FS103503,75009,2692.82,3.59,Broken Rice,4712.44,148105.1
2017-06-01,2017,6,Uttar Pradesh,BPCL,FS103504,27644,821.03,2.97,Sugarcane,1436.8,45156.65
2017-07-01,2017,7,Uttar Pradesh,HPCL,FS103505,22281,577.08,2.59,Molasses,1009.89,31739.4
2017-08-01,2017,8,Uttar Pradesh,BPCL,FS103506,74846,1736.43,2.32,Sugarcane,3038.75,95503.65
2017-09-01,2017,9,Uttar Pradesh,HPCL,FS103507,37312,1361.89,3.65,Maize,2383.31,74903.95
2017-10-01,2017,10,Uttar Pradesh,BPCL,FS103508,51188,1448.62,2.83,Broken Rice,2535.09,79674.1
2017-11-01,2017,11,Uttar Pradesh,IOC,FS103509,53076,2754.64,5.19,Sugarcane,4820.62,151505.2
2017-12-01,2017,12,Uttar Pradesh,HPCL,FS103510,25335,1292.08,5.1,Molasses,2261.14,71064.4
2018-01-01,2018,1,Uttar Pradesh,IOC,FS103511,60158,2628.9,4.37,Maize,4600.57,144589.5
2018-02-01,2018,2,Uttar Pradesh,HPCL,FS103512,66194,1211.35,1.83,Molasses,2119.86,66624.25
2018-03-01,2018,3,Uttar Pradesh,IOC,FS103513,61072,2430.67,3.98,Molasses,4253.67,133686.85
2018-04-01,2018,4,Uttar Pradesh,IOC,FS103514,16043,896.8,5.59,Maize,1569.4,49324.0
2018-05-01,2018,5,Uttar Pradesh,IOC,FS103515,76340,4633.84,6.07,Molasses,8109.22,254861.2
2018-06-01,2018,6,Uttar Pradesh,IOC,FS103516,33909,1814.13,5.35,Sugarcane,3174.73,99777.15
2018-07-01,2018,7,Uttar Pradesh,HPCL,FS103517,62337,367.79,0.59,Broken Rice,643.63,20228.45
2018-08-01,2018,8,Uttar Pradesh,IOC,FS103518,58924,2250.9,3.82,Molasses,3939.08,123799.5
2018-09-01,2018,9,Uttar Pradesh,HPCL,FS103519,73382,4102.05,5.59,Broken Rice,7178.59,225612.75
2018-10-01,2018,10,Uttar Pradesh,IOC,FS103520,52942,3817.12,7.21,Molasses,6679.96,209941.6
2018-11-01,2018,11,Uttar Pradesh,IOC,FS103521,17039,1146.72,6.73,Broken Rice,2006.76,63069.6
2018-12-01,2018,12,Uttar Pradesh,HPCL,FS103522,53959,1980.3,3.67,Maize,3465.53,108916.5
2019-01-01,2019,1,Uttar Pradesh,HPCL,FS103523,50500,2126.05,4.21,Maize,3720.59,116932.75
2019-02-01,2019,2,Uttar Pradesh,IOC,FS103524,13000,395.2,3.04,Maize,691.6,21736.0
2019-03-01,2019,3,Uttar Pradesh,IOC,FS103525,77211,3505.38,4.54,Molasses,6134.41,192795.9
2019-04-01,2019,4,Uttar Pradesh,IOC,FS103526,14472,340.09,2.35,Sugarcane,595.16,18704.95
2019-05-01,2019,5,Uttar Pradesh,IOC,FS103527,35280,3263.4,9.25,Sugarcane,5710.95,179487.0
2019-06-01,2019,6,Uttar Pradesh,BPCL,FS103528,24238,1296.73,5.35,Broken Rice,2269.28,71320.15
2019-07-01,2019,7,Uttar Pradesh,HPCL,FS103529,25153,749.56,2.98,Maize,1311.73,41225.8
2019-08-01,2019,8,Uttar Pradesh,BPCL,FS103530,54429,1785.27,3.28,Sugarcane,3124.22,98189.85
2019-09-01,2019,9,Uttar Pradesh,HPCL,FS103531,36887,1789.02,4.85,Maize,3130.78,98396.1
2019-10-01,2019,10,Uttar Pradesh,IOC,FS103532,69274,5084.71,7.34,Molasses,8898.24,279659.05
2019-11-01,2019,11,Uttar Pradesh,IOC,FS103533,51491,5437.45,10.56,Molasses,9515.54,299059.75
2019-12-01,2019,12,Uttar Pradesh,HPCL,FS103534,12787,616.33,4.82,Molasses,1078.58,33898.15
2020-01-01,2020,1,Uttar Pradesh,HPCL,FS103535,51724,4779.3,9.24,Maize,8363.77,262861.5
2020-02-01,2020,2,Uttar Pradesh,IOC,FS103536,75388,5118.85,6.79,Sugarcane,8957.99,281536.75
2020-03-01,2020,3,Uttar Pradesh,BPCL,FS103537,54627,4960.13,9.08,Broken Rice,8680.23,272807.15
2020-04-01,2020,4,Uttar Pradesh,HPCL,FS103538,57606,2759.33,4.79,Broken Rice,4828.83,151763.15
2020-05-01,2020,5,Uttar Pradesh,BPCL,FS103539,39253,3073.51,7.83,Broken Rice,5378.64,169043.05
2020-06-01,2020,6,Uttar Pradesh,HPCL,FS103540,10665,951.32,8.92,Broken Rice,1664.81,52322.6
2020-07-01,2020,7,Uttar Pradesh,BPCL,FS103541,53897,2991.28,5.55,Maize,5234.74,164520.4
2020-08-01,2020,8,Uttar Pradesh,HPCL,FS103542,69248,4438.8,6.41,Maize,7767.9,244134.0
2020-09-01,2020,9,Uttar Pradesh,BPCL,FS103543,78631,3278.91,4.17,Maize,5738.09,180340.05
2020-10-01,2020,10,Uttar Pradesh,BPCL,FS103544,70072,1401.44,2.0,Molasses,2452.52,77079.2
2020-11-01,2020,11,Uttar Pradesh,HPCL,FS103545,78739,1921.23,2.44,Molasses,3362.15,105667.65
2020-12-01,2020,12,Uttar Pradesh,HPCL,FS103546,8366,470.17,5.62,Broken Rice,822.8,25859.35
2021-01-01,2021,1,Uttar Pradesh,IOC,FS103547,17907,1745.93,9.75,Maize,3055.38,96026.15
2021-02-01,2021,2,Uttar Pradesh,HPCL,FS103548,73499,6137.17,8.35,Maize,10740.05,337544.35
2021-03-01,2021,3,Uttar Pradesh,HPCL,FS103549,15485,799.03,5.16,Maize,1398.3,43946.65
2021-04-01,2021,4,Uttar Pradesh,IOC,FS103550,76748,7390.83,9.63,Sugarcane,12933.95,406495.65
2021-05-01,2021,5,Uttar Pradesh,IOC,FS103551,35799,3762.47,10.51,Molasses,6584.32,206935.85
2021-06-01,2021,6,Uttar Pradesh,HPCL,FS103552,66260,6679.01,10.08,Molasses,11688.27,367345.55
2021-07-01,2021,7,Uttar Pradesh,BPCL,FS103553,32723,3468.64,10.6,Maize,6070.12,190775.2
2021-08-01,2021,8,Uttar Pradesh,HPCL,FS103554,79448,8937.9,11.25,Sugarcane,15641.32,491584.5
2021-09-01,2021,9,Uttar Pradesh,HPCL,FS103555,11936,459.54,3.85,Molasses,804.2,25274.7
2021-10-01,2021,10,Uttar Pradesh,HPCL,FS103556,47097,5114.73,10.86,Molasses,8950.78,281310.15
2021-11-01,2021,11,Uttar Pradesh,IOC,FS103557,52291,4784.63,9.15,Molasses,8373.1,263154.65
2021-12-01,2021,12,Uttar Pradesh,IOC,FS103558,44672,3247.65,7.27,Molasses,5683.39,178620.75
2022-01-01,2022,1,Uttar Pradesh,BPCL,FS103559,42593,3667.26,8.61,Maize,6417.7,201699.3
2022-02-01,2022,2,Uttar Pradesh,HPCL,FS103560,29302,2209.37,7.54,Sugarcane,3866.4,121515.35
2022-03-01,2022,3,Uttar Pradesh,IOC,FS103561,35835,1096.55,3.06,Sugarcane,1918.96,60310.25
2022-04-01,2022,4,Uttar Pradesh,IOC,FS103562,31814,6350.07,19.96,Broken Rice,11112.62,349253.85
2022-05-01,2022,5,Uttar Pradesh,BPCL,FS103563,63831,4519.23,7.08,Broken Rice,7908.65,248557.65
2022-06-01,2022,6,Uttar Pradesh,HPCL,FS103564,9769,676.99,6.93,Maize,1184.73,37234.45
2022-07-01,2022,7,Uttar Pradesh,HPCL,FS103565,70898,7387.57,10.42,Broken Rice,12928.25,406316.35
2022-08-01,2022,8,Uttar Pradesh,HPCL,FS103566,56285,3956.84,7.03,Molasses,6924.47,217626.2
2022-09-01,2022,9,Uttar Pradesh,BPCL,FS103567,27420,3531.7,12.88,Molasses,6180.47,194243.5
2022-10-01,2022,10,Uttar Pradesh,IOC,FS103568,12965,1616.74,12.47,Broken Rice,2829.3,88920.7
2022-11-01,2022,11,Uttar Pradesh,HPCL,FS103569,65277,5548.55,8.5,Sugarcane,9709.96,305170.25
2022-12-01,2022,12,Uttar Pradesh,BPCL,FS103570,64141,5747.03,8.96,Maize,10057.3,316086.65
2023-01-01,2023,1,Uttar Pradesh,HPCL,FS103571,75894,15019.42,19.79,Molasses,26283.99,826068.1
2023-02-01,2023,2,Uttar Pradesh,BPCL,FS103572,40151,6343.86,15.8,Broken Rice,11101.75,348912.3
2023-03-01,2023,3,Uttar Pradesh,HPCL,FS103573,79011,11883.25,15.04,Sugarcane,20795.69,653578.75
2023-04-01,2023,4,Uttar Pradesh,BPCL,FS103574,32395,4943.48,15.26,Maize,8651.09,271891.4
2023-05-01,2023,5,Uttar Pradesh,HPCL,FS103575,8500,1184.9,13.94,Sugarcane,2073.58,65169.5
2023-06-01,2023,6,Uttar Pradesh,BPCL,FS103576,76812,5891.48,7.67,Molasses,10310.09,324031.4
2023-07-01,2023,7,Uttar Pradesh,BPCL,FS103577,14613,1546.06,10.58,Molasses,2705.61,85033.3
2023-08-01,2023,8,Uttar Pradesh,BPCL,FS103578,28547,4670.29,16.36,Molasses,8173.01,256865.95
2023-09-01,2023,9,Uttar Pradesh,BPCL,FS103579,13769,2032.3,14.76,Sugarcane,3556.53,111776.5
2023-10-01,2023,10,Uttar Pradesh,IOC,FS103580,41434,4404.43,10.63,Molasses,7707.75,242243.65
2023-11-01,2023,11,Uttar Pradesh,HPCL,FS103581,75770,9031.78,11.92,Sugarcane,15805.62,496747.9
2023-12-01,2023,12,Uttar Pradesh,IOC,FS103582,31088,836.27,2.69,Molasses,1463.47,45994.85
2024-01-01,2024,1,Uttar Pradesh,IOC,FS103583,67998,14619.57,21.5,Maize,25584.25,804076.35
2024-02-01,2024,2,Uttar Pradesh,HPCL,FS103584,45739,4532.73,9.91,Sugarcane,7932.28,249300.15
2024-03-01,2024,3,Uttar Pradesh,BPCL,FS103585,25352,4540.54,17.91,Maize,7945.94,249729.7
2024-04-01,2024,4,Uttar Pradesh,IOC,FS103586,66620,4050.5,6.08,Molasses,7088.38,222777.5
2024-05-01,2024,5,Uttar Pradesh,HPCL,FS103587,65114,9382.93,14.41,Molasses,16420.13,516061.15
2024-06-01,2024,6,Uttar Pradesh,BPCL,FS103588,73282,13461.9,18.37,Sugarcane,23558.33,740404.5
2024-07-01,2024,7,Uttar Pradesh,IOC,FS103589,18246,2811.71,15.41,Sugarcane,4920.49,154644.05
2024-08-01,2024,8,Uttar Pradesh,HPCL,FS103590,22860,4745.74,20.76,Sugarcane,8305.05,261015.7
2024-09-01,2024,9,Uttar Pradesh,BPCL,FS103591,41542,7689.42,18.51,Molasses,13456.49,422918.1
2024-10-01,2024,10,Uttar Pradesh,BPCL,FS103592,48565,7755.83,15.97,Molasses,13572.7,426570.65
2024-11-01,2024,11,Uttar Pradesh,HPCL,FS103593,46233,8067.66,17.45,Broken Rice,14118.4,443721.3
2024-12-01,2024,12,Uttar Pradesh,HPCL,FS103594,9505,1437.16,15.12,Molasses,2515.03,79043.8
2025-01-01,2025,1,Uttar Pradesh,IOC,FS103595,9010,1937.15,21.5,Broken Rice,3390.01,106543.25
2025-02-01,2025,2,Uttar Pradesh,IOC,FS103596,72512,15590.08,21.5,Broken Rice,27282.64,857454.4
2025-03-01,2025,3,Uttar Pradesh,HPCL,FS103597,52138,8884.32,17.04,Sugarcane,15547.56,488637.6
2025-04-01,2025,4,Uttar Pradesh,IOC,FS103598,66228,11609.77,17.53,Maize,20317.1,638537.35
2025-05-01,2025,5,Uttar Pradesh,IOC,FS103599,46090,9909.35,21.5,Molasses,17341.36,545014.25
2025-06-01,2025,6,Uttar Pradesh,BPCL,FS103600,12721,2735.01,21.5,Broken Rice,4786.27,150425.55
2025-07-01,2025,7,Uttar Pradesh,HPCL,FS103601,50967,6584.94,12.92,Sugarcane,11523.64,362171.7
2025-08-01,2025,8,Uttar Pradesh,IOC,FS103602,58155,12503.32,21.5,Molasses,21880.81,687682.6
2025-09-01,2025,9,Uttar Pradesh,HPCL,FS103603,45078,9024.62,20.02,Maize,15793.09,496354.1
2025-10-01,2025,10,Uttar Pradesh,BPCL,FS103604,71327,6540.69,9.17,Broken Rice,11446.21,359737.95
2025-11-01,2025,11,Uttar Pradesh,HPCL,FS103605,11970,2573.55,21.5,Broken Rice,4503.71,141545.25
2025-12-01,2025,12,Uttar Pradesh,BPCL,FS103606,13950,1644.7,11.79,Molasses,2878.22,90458.5
2026-01-01,2026,1,Uttar Pradesh,HPCL,FS103607,61009,13116.93,21.5,Molasses,22954.63,721431.15
2026-02-01,2026,2,Uttar Pradesh,HPCL,FS103608,39533,8499.59,21.5,Broken Rice,14874.28,467477.45
2026-03-01,2026,3,Uttar Pradesh,HPCL,FS103609,30880,6639.2,21.5,Maize,11618.6,365156.0
2026-04-01,2026,4,Uttar Pradesh,BPCL,FS103610,67810,14579.15,21.5,Broken Rice,25513.51,801853.25
2026-05-01,2026,5,Uttar Pradesh,BPCL,FS103611,77192,15893.83,20.59,Broken Rice,27814.2,874160.65
2026-06-01,2026,6,Uttar Pradesh,HPCL,FS103612,40977,8252.77,20.14,Broken Rice,14442.35,453902.35
2026-07-01,2026,7,Uttar Pradesh,BPCL,FS103613,72480,14220.58,19.62,Broken Rice,24886.01,782131.9
2015-01-01,2015,1,Uttarakhand,BPCL,FS103614,74786,1428.41,1.91,Maize,2499.72,78562.55
2015-02-01,2015,2,Uttarakhand,HPCL,FS103615,75699,1143.05,1.51,Molasses,2000.34,62867.75
2015-03-01,2015,3,Uttarakhand,BPCL,FS103616,58665,1959.41,3.34,Maize,3428.97,107767.55
2015-04-01,2015,4,Uttarakhand,IOC,FS103617,27728,427.01,1.54,Broken Rice,747.27,23485.55
2015-05-01,2015,5,Uttarakhand,HPCL,FS103618,10164,265.28,2.61,Maize,464.24,14590.4
2015-06-01,2015,6,Uttarakhand,BPCL,FS103619,26405,261.41,0.99,Sugarcane,457.47,14377.55
2015-07-01,2015,7,Uttarakhand,BPCL,FS103620,77081,901.85,1.17,Broken Rice,1578.24,49601.75
2015-08-01,2015,8,Uttarakhand,HPCL,FS103621,24148,557.82,2.31,Molasses,976.19,30680.1
2015-09-01,2015,9,Uttarakhand,BPCL,FS103622,35041,1142.34,3.26,Molasses,1999.09,62828.7
2015-10-01,2015,10,Uttarakhand,BPCL,FS103623,45204,696.14,1.54,Sugarcane,1218.24,38287.7
2015-11-01,2015,11,Uttarakhand,BPCL,FS103624,69589,1475.29,2.12,Sugarcane,2581.76,81140.95
2015-12-01,2015,12,Uttarakhand,IOC,FS103625,62391,1410.04,2.26,Maize,2467.57,77552.2
2016-01-01,2016,1,Uttarakhand,HPCL,FS103626,78218,3191.29,4.08,Maize,5584.76,175520.95
2016-02-01,2016,2,Uttarakhand,BPCL,FS103627,19154,796.81,4.16,Sugarcane,1394.42,43824.55
2016-03-01,2016,3,Uttarakhand,HPCL,FS103628,66730,1007.62,1.51,Molasses,1763.34,55419.1
2016-04-01,2016,4,Uttarakhand,IOC,FS103629,34292,1172.79,3.42,Broken Rice,2052.38,64503.45
2016-05-01,2016,5,Uttarakhand,BPCL,FS103630,38273,623.85,1.63,Maize,1091.74,34311.75
2016-06-01,2016,6,Uttarakhand,IOC,FS103631,74538,3361.66,4.51,Broken Rice,5882.9,184891.3
2016-07-01,2016,7,Uttarakhand,HPCL,FS103632,49353,1159.8,2.35,Maize,2029.65,63789.0
2016-08-01,2016,8,Uttarakhand,BPCL,FS103633,25044,896.58,3.58,Maize,1569.02,49311.9
2016-09-01,2016,9,Uttarakhand,IOC,FS103634,41087,788.87,1.92,Sugarcane,1380.52,43387.85
2016-10-01,2016,10,Uttarakhand,IOC,FS103635,44368,1379.84,3.11,Molasses,2414.72,75891.2
2016-11-01,2016,11,Uttarakhand,IOC,FS103636,23494,582.65,2.48,Molasses,1019.64,32045.75
2016-12-01,2016,12,Uttarakhand,HPCL,FS103637,33333,1773.32,5.32,Broken Rice,3103.31,97532.6
2017-01-01,2017,1,Uttarakhand,HPCL,FS103638,64561,2537.25,3.93,Molasses,4440.19,139548.75
2017-02-01,2017,2,Uttarakhand,BPCL,FS103639,45664,1438.42,3.15,Maize,2517.24,79113.1
2017-03-01,2017,3,Uttarakhand,HPCL,FS103640,20559,1087.57,5.29,Broken Rice,1903.25,59816.35
2017-04-01,2017,4,Uttarakhand,BPCL,FS103641,29747,975.7,3.28,Sugarcane,1707.48,53663.5
2017-05-01,2017,5,Uttarakhand,IOC,FS103642,56503,1237.42,2.19,Maize,2165.49,68058.1
2017-06-01,2017,6,Uttarakhand,IOC,FS103643,8058,173.25,2.15,Maize,303.19,9528.75
2017-07-01,2017,7,Uttarakhand,IOC,FS103644,35190,1530.76,4.35,Molasses,2678.83,84191.8
2017-08-01,2017,8,Uttarakhand,IOC,FS103645,32660,1156.16,3.54,Molasses,2023.28,63588.8
2017-09-01,2017,9,Uttarakhand,BPCL,FS103646,33666,326.56,0.97,Maize,571.48,17960.8
2017-10-01,2017,10,Uttarakhand,HPCL,FS103647,10076,611.61,6.07,Sugarcane,1070.32,33638.55
2017-11-01,2017,11,Uttarakhand,HPCL,FS103648,23015,1240.51,5.39,Sugarcane,2170.89,68228.05
2017-12-01,2017,12,Uttarakhand,IOC,FS103649,29236,1210.37,4.14,Sugarcane,2118.15,66570.35
2018-01-01,2018,1,Uttarakhand,IOC,FS103650,55728,3003.74,5.39,Broken Rice,5256.55,165205.7
2018-02-01,2018,2,Uttarakhand,HPCL,FS103651,17145,953.26,5.56,Broken Rice,1668.2,52429.3
2018-03-01,2018,3,Uttarakhand,HPCL,FS103652,70126,2952.3,4.21,Broken Rice,5166.53,162376.5
2018-04-01,2018,4,Uttarakhand,BPCL,FS103653,60189,300.94,0.5,Sugarcane,526.64,16551.7
2018-05-01,2018,5,Uttarakhand,IOC,FS103654,71554,3491.84,4.88,Maize,6110.72,192051.2
2018-06-01,2018,6,Uttarakhand,IOC,FS103655,59567,1513.0,2.54,Broken Rice,2647.75,83215.0
2018-07-01,2018,7,Uttarakhand,IOC,FS103656,29387,593.62,2.02,Molasses,1038.84,32649.1
2018-08-01,2018,8,Uttarakhand,IOC,FS103657,79779,4507.51,5.65,Sugarcane,7888.14,247913.05
2018-09-01,2018,9,Uttarakhand,IOC,FS103658,79612,6217.7,7.81,Maize,10880.98,341973.5
2018-10-01,2018,10,Uttarakhand,IOC,FS103659,23303,1743.06,7.48,Maize,3050.36,95868.3
2018-11-01,2018,11,Uttarakhand,BPCL,FS103660,69671,3288.47,4.72,Broken Rice,5754.82,180865.85
2018-12-01,2018,12,Uttarakhand,HPCL,FS103661,56322,2596.44,4.61,Sugarcane,4543.77,142804.2
2019-01-01,2019,1,Uttarakhand,IOC,FS103662,23583,1410.26,5.98,Sugarcane,2467.95,77564.3
2019-02-01,2019,2,Uttarakhand,IOC,FS103663,32853,2818.79,8.58,Molasses,4932.88,155033.45
2019-03-01,2019,3,Uttarakhand,BPCL,FS103664,23064,1902.78,8.25,Maize,3329.86,104652.9
2019-04-01,2019,4,Uttarakhand,IOC,FS103665,52258,5445.28,10.42,Sugarcane,9529.24,299490.4
2019-05-01,2019,5,Uttarakhand,HPCL,FS103666,40046,1778.04,4.44,Molasses,3111.57,97792.2
2019-06-01,2019,6,Uttarakhand,BPCL,FS103667,13397,1085.16,8.1,Sugarcane,1899.03,59683.8
2019-07-01,2019,7,Uttarakhand,BPCL,FS103668,22071,803.38,3.64,Maize,1405.91,44185.9
2019-08-01,2019,8,Uttarakhand,BPCL,FS103669,10118,808.43,7.99,Sugarcane,1414.75,44463.65
2019-09-01,2019,9,Uttarakhand,IOC,FS103670,61121,3612.25,5.91,Broken Rice,6321.44,198673.75
2019-10-01,2019,10,Uttarakhand,HPCL,FS103671,48821,3197.78,6.55,Broken Rice,5596.12,175877.9
2019-11-01,2019,11,Uttarakhand,HPCL,FS103672,52653,3733.1,7.09,Molasses,6532.93,205320.5
2019-12-01,2019,12,Uttarakhand,HPCL,FS103673,40252,2857.89,7.1,Sugarcane,5001.31,157183.95
2020-01-01,2020,1,Uttarakhand,IOC,FS103674,49232,1220.95,2.48,Molasses,2136.66,67152.25
2020-02-01,2020,2,Uttarakhand,HPCL,FS103675,61106,3397.49,5.56,Maize,5945.61,186861.95
2020-03-01,2020,3,Uttarakhand,HPCL,FS103676,28910,2075.74,7.18,Molasses,3632.54,114165.7
2020-04-01,2020,4,Uttarakhand,HPCL,FS103677,53950,3069.76,5.69,Maize,5372.08,168836.8
2020-05-01,2020,5,Uttarakhand,BPCL,FS103678,18051,1305.09,7.23,Broken Rice,2283.91,71779.95
2020-06-01,2020,6,Uttarakhand,IOC,FS103679,11449,688.08,6.01,Sugarcane,1204.14,37844.4
2020-07-01,2020,7,Uttarakhand,BPCL,FS103680,40322,1846.75,4.58,Maize,3231.81,101571.25
2020-08-01,2020,8,Uttarakhand,HPCL,FS103681,42889,574.71,1.34,Sugarcane,1005.74,31609.05
2020-09-01,2020,9,Uttarakhand,IOC,FS103682,23764,1392.57,5.86,Broken Rice,2437.0,76591.35
2020-10-01,2020,10,Uttarakhand,BPCL,FS103683,59030,4096.68,6.94,Maize,7169.19,225317.4
2020-11-01,2020,11,Uttarakhand,BPCL,FS103684,39795,2765.75,6.95,Broken Rice,4840.06,152116.25
2020-12-01,2020,12,Uttarakhand,HPCL,FS103685,69109,2363.53,3.42,Maize,4136.18,129994.15
2021-01-01,2021,1,Uttarakhand,IOC,FS103686,9783,1043.85,10.67,Broken Rice,1826.74,57411.75
2021-02-01,2021,2,Uttarakhand,HPCL,FS103687,25426,2433.27,9.57,Maize,4258.22,133829.85
2021-03-01,2021,3,Uttarakhand,HPCL,FS103688,74770,3349.7,4.48,Sugarcane,5861.97,184233.5
2021-04-01,2021,4,Uttarakhand,IOC,FS103689,42720,4861.54,11.38,Sugarcane,8507.69,267384.7
2021-05-01,2021,5,Uttarakhand,HPCL,FS103690,55969,4942.06,8.83,Molasses,8648.61,271813.3
2021-06-01,2021,6,Uttarakhand,HPCL,FS103691,20197,771.53,3.82,Broken Rice,1350.18,42434.15
2021-07-01,2021,7,Uttarakhand,BPCL,FS103692,58302,7200.3,12.35,Sugarcane,12600.52,396016.5
2021-08-01,2021,8,Uttarakhand,IOC,FS103693,32315,2507.64,7.76,Molasses,4388.37,137920.2
2021-09-01,2021,9,Uttarakhand,HPCL,FS103694,40743,2770.52,6.8,Maize,4848.41,152378.6
2021-10-01,2021,10,Uttarakhand,HPCL,FS103695,18108,2004.56,11.07,Sugarcane,3507.98,110250.8
2021-11-01,2021,11,Uttarakhand,HPCL,FS103696,15160,707.97,4.67,Sugarcane,1238.95,38938.35
2021-12-01,2021,12,Uttarakhand,HPCL,FS103697,19123,1682.82,8.8,Maize,2944.93,92555.1
2022-01-01,2022,1,Uttarakhand,HPCL,FS103698,38881,5260.6,13.53,Maize,9206.05,289333.0
2022-02-01,2022,2,Uttarakhand,BPCL,FS103699,75982,7924.92,10.43,Sugarcane,13868.61,435870.6
2022-03-01,2022,3,Uttarakhand,BPCL,FS103700,21440,1095.58,5.11,Maize,1917.26,60256.9
2022-04-01,2022,4,Uttarakhand,IOC,FS103701,30343,2864.38,9.44,Molasses,5012.66,157540.9
2022-05-01,2022,5,Uttarakhand,IOC,FS103702,46079,3718.58,8.07,Maize,6507.51,204521.9
2022-06-01,2022,6,Uttarakhand,IOC,FS103703,56720,6556.83,11.56,Molasses,11474.45,360625.65
2022-07-01,2022,7,Uttarakhand,IOC,FS103704,34832,3887.25,11.16,Broken Rice,6802.69,213798.75
2022-08-01,2022,8,Uttarakhand,HPCL,FS103705,20864,876.29,4.2,Broken Rice,1533.51,48195.95
2022-09-01,2022,9,Uttarakhand,HPCL,FS103706,64210,3435.24,5.35,Maize,6011.67,188938.2
2022-10-01,2022,10,Uttarakhand,HPCL,FS103707,19844,2149.11,10.83,Maize,3760.94,118201.05
2022-11-01,2022,11,Uttarakhand,HPCL,FS103708,25533,1097.92,4.3,Broken Rice,1921.36,60385.6
2022-12-01,2022,12,Uttarakhand,HPCL,FS103709,18223,2164.89,11.88,Molasses,3788.56,119068.95
2023-01-01,2023,1,Uttarakhand,HPCL,FS103710,56988,10679.55,18.74,Maize,18689.21,587375.25
2023-02-01,2023,2,Uttarakhand,IOC,FS103711,75519,10663.28,14.12,Sugarcane,18660.74,586480.4
2023-03-01,2023,3,Uttarakhand,HPCL,FS103712,48416,5722.77,11.82,Maize,10014.85,314752.35
2023-04-01,2023,4,Uttarakhand,HPCL,FS103713,53693,9664.74,18.0,Maize,16913.29,531560.7
2023-05-01,2023,5,Uttarakhand,HPCL,FS103714,50926,6717.14,13.19,Molasses,11755.0,369442.7
2023-06-01,2023,6,Uttarakhand,HPCL,FS103715,52775,8850.37,16.77,Molasses,15488.15,486770.35
2023-07-01,2023,7,Uttarakhand,BPCL,FS103716,38486,5930.69,15.41,Maize,10378.71,326187.95
2023-08-01,2023,8,Uttarakhand,IOC,FS103717,69455,7133.03,10.27,Sugarcane,12482.8,392316.65
2023-09-01,2023,9,Uttarakhand,IOC,FS103718,66596,11914.02,17.89,Maize,20849.53,655271.1
2023-10-01,2023,10,Uttarakhand,HPCL,FS103719,70129,9656.76,13.77,Molasses,16899.33,531121.8
2023-11-01,2023,11,Uttarakhand,BPCL,FS103720,73555,7348.14,9.99,Molasses,12859.25,404147.7
2023-12-01,2023,12,Uttarakhand,BPCL,FS103721,63438,10454.58,16.48,Sugarcane,18295.51,575001.9
2024-01-01,2024,1,Uttarakhand,BPCL,FS103722,76038,16348.17,21.5,Maize,28609.3,899149.35
2024-02-01,2024,2,Uttarakhand,BPCL,FS103723,70325,13502.4,19.2,Maize,23629.2,742632.0
2024-03-01,2024,3,Uttarakhand,IOC,FS103724,69526,14948.09,21.5,Broken Rice,26159.16,822144.95
2024-04-01,2024,4,Uttarakhand,IOC,FS103725,38394,4422.99,11.52,Maize,7740.23,243264.45
2024-05-01,2024,5,Uttarakhand,IOC,FS103726,39016,7065.8,18.11,Sugarcane,12365.15,388619.0
2024-06-01,2024,6,Uttarakhand,HPCL,FS103727,12789,2616.63,20.46,Broken Rice,4579.1,143914.65
2024-07-01,2024,7,Uttarakhand,HPCL,FS103728,8129,1404.69,17.28,Broken Rice,2458.21,77257.95
2024-08-01,2024,8,Uttarakhand,HPCL,FS103729,35549,6110.87,17.19,Molasses,10694.02,336097.85
2024-09-01,2024,9,Uttarakhand,HPCL,FS103730,37473,7146.1,19.07,Maize,12505.68,393035.5
2024-10-01,2024,10,Uttarakhand,BPCL,FS103731,54647,10355.61,18.95,Maize,18122.32,569558.55
2024-11-01,2024,11,Uttarakhand,HPCL,FS103732,64298,13824.07,21.5,Molasses,24192.12,760323.85
2024-12-01,2024,12,Uttarakhand,BPCL,FS103733,50095,8596.3,17.16,Broken Rice,15043.52,472796.5
2025-01-01,2025,1,Uttarakhand,IOC,FS103734,74909,16082.96,21.47,Broken Rice,28145.18,884562.8
2025-02-01,2025,2,Uttarakhand,HPCL,FS103735,33532,6796.94,20.27,Broken Rice,11894.64,373831.7
2025-03-01,2025,3,Uttarakhand,BPCL,FS103736,15837,2856.99,18.04,Sugarcane,4999.73,157134.45
2025-04-01,2025,4,Uttarakhand,IOC,FS103737,63476,8981.85,14.15,Sugarcane,15718.24,494001.75
2025-05-01,2025,5,Uttarakhand,HPCL,FS103738,26748,5750.82,21.5,Broken Rice,10063.93,316295.1
2025-06-01,2025,6,Uttarakhand,HPCL,FS103739,30354,6404.69,21.1,Maize,11208.21,352257.95
2025-07-01,2025,7,Uttarakhand,HPCL,FS103740,44523,9572.44,21.5,Sugarcane,16751.77,526484.2
2025-08-01,2025,8,Uttarakhand,HPCL,FS103741,65693,11627.66,17.7,Broken Rice,20348.4,639521.3
2025-09-01,2025,9,Uttarakhand,IOC,FS103742,60776,8660.58,14.25,Broken Rice,15156.01,476331.9
2025-10-01,2025,10,Uttarakhand,IOC,FS103743,52771,6052.83,11.47,Maize,10592.45,332905.65
2025-11-01,2025,11,Uttarakhand,IOC,FS103744,62606,13460.29,21.5,Sugarcane,23555.51,740315.95
2025-12-01,2025,12,Uttarakhand,IOC,FS103745,36602,7869.43,21.5,Broken Rice,13771.5,432818.65
2026-01-01,2026,1,Uttarakhand,IOC,FS103746,50844,8592.64,16.9,Maize,15037.12,472595.2
2026-02-01,2026,2,Uttarakhand,IOC,FS103747,48670,8814.14,18.11,Sugarcane,15424.74,484777.7
2026-03-01,2026,3,Uttarakhand,HPCL,FS103748,26302,5654.93,21.5,Molasses,9896.13,311021.15
2026-04-01,2026,4,Uttarakhand,IOC,FS103749,42841,968.21,2.26,Molasses,1694.37,53251.55
2026-05-01,2026,5,Uttarakhand,BPCL,FS103750,41290,8877.35,21.5,Maize,15535.36,488254.25
2026-06-01,2026,6,Uttarakhand,HPCL,FS103751,37778,8122.27,21.5,Maize,14213.97,446724.85
2026-07-01,2026,7,Uttarakhand,BPCL,FS103752,20674,4444.91,21.5,Maize,7778.59,244470.05
2015-01-01,2015,1,West Bengal,HPCL,FS103753,41053,496.74,1.21,Molasses,869.3,27320.7
2015-02-01,2015,2,West Bengal,BPCL,FS103754,13837,287.81,2.08,Maize,503.67,15829.55
2015-03-01,2015,3,West Bengal,BPCL,FS103755,34352,529.02,1.54,Sugarcane,925.78,29096.1
2015-04-01,2015,4,West Bengal,HPCL,FS103756,74714,597.71,0.8,Molasses,1045.99,32874.05
2015-05-01,2015,5,West Bengal,HPCL,FS103757,17780,485.39,2.73,Maize,849.43,26696.45
2015-06-01,2015,6,West Bengal,HPCL,FS103758,46623,862.53,1.85,Sugarcane,1509.43,47439.15
2015-07-01,2015,7,West Bengal,BPCL,FS103759,11975,177.23,1.48,Broken Rice,310.15,9747.65
2015-08-01,2015,8,West Bengal,BPCL,FS103760,36830,1259.59,3.42,Molasses,2204.28,69277.45
2015-09-01,2015,9,West Bengal,IOC,FS103761,54745,1253.66,2.29,Broken Rice,2193.91,68951.3
2015-10-01,2015,10,West Bengal,BPCL,FS103762,65391,490.43,0.75,Maize,858.25,26973.65
2015-11-01,2015,11,West Bengal,HPCL,FS103763,66171,1303.57,1.97,Molasses,2281.25,71696.35
2015-12-01,2015,12,West Bengal,IOC,FS103764,32067,1196.1,3.73,Molasses,2093.17,65785.5
2016-01-01,2016,1,West Bengal,BPCL,FS103765,37328,776.42,2.08,Sugarcane,1358.73,42703.1
2016-02-01,2016,2,West Bengal,IOC,FS103766,9629,285.02,2.96,Sugarcane,498.78,15676.1
2016-03-01,2016,3,West Bengal,BPCL,FS103767,36155,1059.34,2.93,Sugarcane,1853.84,58263.7
2016-04-01,2016,4,West Bengal,BPCL,FS103768,19251,490.9,2.55,Sugarcane,859.07,26999.5
2016-05-01,2016,5,West Bengal,IOC,FS103769,17623,629.14,3.57,Broken Rice,1100.99,34602.7
2016-06-01,2016,6,West Bengal,IOC,FS103770,47095,1907.35,4.05,Molasses,3337.86,104904.25
2016-07-01,2016,7,West Bengal,HPCL,FS103771,42814,1622.65,3.79,Molasses,2839.64,89245.75
2016-08-01,2016,8,West Bengal,IOC,FS103772,17445,605.34,3.47,Maize,1059.35,33293.7
2016-09-01,2016,9,West Bengal,HPCL,FS103773,54057,2292.02,4.24,Molasses,4011.03,126061.1
2016-10-01,2016,10,West Bengal,HPCL,FS103774,44587,1502.58,3.37,Molasses,2629.51,82641.9
2016-11-01,2016,11,West Bengal,IOC,FS103775,77854,1915.21,2.46,Maize,3351.62,105336.55
2016-12-01,2016,12,West Bengal,IOC,FS103776,41193,1833.09,4.45,Sugarcane,3207.91,100819.95
2017-01-01,2017,1,West Bengal,BPCL,FS103777,67196,1834.45,2.73,Maize,3210.29,100894.75
2017-02-01,2017,2,West Bengal,BPCL,FS103778,16657,891.15,5.35,Sugarcane,1559.51,49013.25
2017-03-01,2017,3,West Bengal,IOC,FS103779,34521,894.09,2.59,Molasses,1564.66,49174.95
2017-04-01,2017,4,West Bengal,IOC,FS103780,11934,435.59,3.65,Broken Rice,762.28,23957.45
2017-05-01,2017,5,West Bengal,BPCL,FS103781,16172,257.13,1.59,Broken Rice,449.98,14142.15
2017-06-01,2017,6,West Bengal,HPCL,FS103782,75975,2552.76,3.36,Maize,4467.33,140401.8
2017-07-01,2017,7,West Bengal,IOC,FS103783,55594,1145.24,2.06,Molasses,2004.17,62988.2
2017-08-01,2017,8,West Bengal,IOC,FS103784,32604,1848.65,5.67,Maize,3235.14,101675.75
2017-09-01,2017,9,West Bengal,BPCL,FS103785,45918,1620.91,3.53,Molasses,2836.59,89150.05
2017-10-01,2017,10,West Bengal,IOC,FS103786,63037,2811.45,4.46,Maize,4920.04,154629.75
2017-11-01,2017,11,West Bengal,BPCL,FS103787,66914,1973.96,2.95,Molasses,3454.43,108567.8
2017-12-01,2017,12,West Bengal,BPCL,FS103788,42553,2276.59,5.35,Molasses,3984.03,125212.45
2018-01-01,2018,1,West Bengal,BPCL,FS103789,22498,1455.62,6.47,Sugarcane,2547.34,80059.1
2018-02-01,2018,2,West Bengal,HPCL,FS103790,27920,1245.23,4.46,Broken Rice,2179.15,68487.65
2018-03-01,2018,3,West Bengal,BPCL,FS103791,50517,2955.24,5.85,Molasses,5171.67,162538.2
2018-04-01,2018,4,West Bengal,HPCL,FS103792,53013,3297.41,6.22,Maize,5770.47,181357.55
2018-05-01,2018,5,West Bengal,BPCL,FS103793,53819,1824.46,3.39,Maize,3192.81,100345.3
2018-06-01,2018,6,West Bengal,IOC,FS103794,31485,1996.15,6.34,Sugarcane,3493.26,109788.25
2018-07-01,2018,7,West Bengal,IOC,FS103795,22919,1739.55,7.59,Molasses,3044.21,95675.25
2018-08-01,2018,8,West Bengal,BPCL,FS103796,42890,2118.77,4.94,Molasses,3707.85,116532.35
2018-09-01,2018,9,West Bengal,BPCL,FS103797,55177,1666.35,3.02,Molasses,2916.11,91649.25
2018-10-01,2018,10,West Bengal,BPCL,FS103798,41282,2547.1,6.17,Maize,4457.43,140090.5
2018-11-01,2018,11,West Bengal,HPCL,FS103799,78207,5013.07,6.41,Broken Rice,8772.87,275718.85
2018-12-01,2018,12,West Bengal,BPCL,FS103800,73950,4318.68,5.84,Broken Rice,7557.69,237527.4
2019-01-01,2019,1,West Bengal,IOC,FS103801,70002,2562.07,3.66,Maize,4483.62,140913.85
2019-02-01,2019,2,West Bengal,IOC,FS103802,49163,1937.02,3.94,Sugarcane,3389.78,106536.1
2019-03-01,2019,3,West Bengal,IOC,FS103803,63535,3621.5,5.7,Sugarcane,6337.62,199182.5
2019-04-01,2019,4,West Bengal,IOC,FS103804,12752,1148.96,9.01,Sugarcane,2010.68,63192.8
2019-05-01,2019,5,West Bengal,BPCL,FS103805,49495,2826.16,5.71,Maize,4945.78,155438.8
2019-06-01,2019,6,West Bengal,HPCL,FS103806,24146,830.62,3.44,Broken Rice,1453.59,45684.1
2019-07-01,2019,7,West Bengal,BPCL,FS103807,31636,2040.52,6.45,Molasses,3570.91,112228.6
2019-08-01,2019,8,West Bengal,HPCL,FS103808,18108,1298.34,7.17,Sugarcane,2272.09,71408.7
2019-09-01,2019,9,West Bengal,IOC,FS103809,48880,3881.07,7.94,Maize,6791.87,213458.85
2019-10-01,2019,10,West Bengal,IOC,FS103810,73197,3601.29,4.92,Maize,6302.26,198070.95
2019-11-01,2019,11,West Bengal,HPCL,FS103811,45760,2370.37,5.18,Maize,4148.15,130370.35
2019-12-01,2019,12,West Bengal,HPCL,FS103812,31202,2025.01,6.49,Broken Rice,3543.77,111375.55
2020-01-01,2020,1,West Bengal,HPCL,FS103813,51908,3581.65,6.9,Sugarcane,6267.89,196990.75
2020-02-01,2020,2,West Bengal,IOC,FS103814,28193,2235.7,7.93,Sugarcane,3912.47,122963.5
2020-03-01,2020,3,West Bengal,IOC,FS103815,13027,696.94,5.35,Sugarcane,1219.64,38331.7
2020-04-01,2020,4,West Bengal,HPCL,FS103816,55027,5436.67,9.88,Sugarcane,9514.17,299016.85
2020-05-01,2020,5,West Bengal,HPCL,FS103817,44992,1462.24,3.25,Molasses,2558.92,80423.2
2020-06-01,2020,6,West Bengal,HPCL,FS103818,55376,3737.88,6.75,Sugarcane,6541.29,205583.4
2020-07-01,2020,7,West Bengal,HPCL,FS103819,29788,1554.93,5.22,Broken Rice,2721.13,85521.15
2020-08-01,2020,8,West Bengal,BPCL,FS103820,53489,1989.79,3.72,Maize,3482.13,109438.45
2020-09-01,2020,9,West Bengal,BPCL,FS103821,50653,2446.54,4.83,Maize,4281.44,134559.7
2020-10-01,2020,10,West Bengal,HPCL,FS103822,28782,2938.64,10.21,Broken Rice,5142.62,161625.2
2020-11-01,2020,11,West Bengal,IOC,FS103823,37379,2078.27,5.56,Molasses,3636.97,114304.85
2020-12-01,2020,12,West Bengal,IOC,FS103824,14590,1355.41,9.29,Sugarcane,2371.97,74547.55
2021-01-01,2021,1,West Bengal,BPCL,FS103825,57746,3199.13,5.54,Broken Rice,5598.48,175952.15
2021-02-01,2021,2,West Bengal,BPCL,FS103826,73029,6806.3,9.32,Molasses,11911.02,374346.5
2021-03-01,2021,3,West Bengal,IOC,FS103827,9476,772.29,8.15,Maize,1351.51,42475.95
2021-04-01,2021,4,West Bengal,HPCL,FS103828,18922,1863.82,9.85,Sugarcane,3261.68,102510.1
2021-05-01,2021,5,West Bengal,HPCL,FS103829,66739,3984.32,5.97,Broken Rice,6972.56,219137.6
2021-06-01,2021,6,West Bengal,HPCL,FS103830,29164,1808.17,6.2,Maize,3164.3,99449.35
2021-07-01,2021,7,West Bengal,BPCL,FS103831,39415,3291.15,8.35,Sugarcane,5759.51,181013.25
2021-08-01,2021,8,West Bengal,BPCL,FS103832,66650,7071.56,10.61,Broken Rice,12375.23,388935.8
2021-09-01,2021,9,West Bengal,BPCL,FS103833,8615,748.64,8.69,Sugarcane,1310.12,41175.2
2021-10-01,2021,10,West Bengal,IOC,FS103834,37372,2795.43,7.48,Maize,4892.0,153748.65
2021-11-01,2021,11,West Bengal,IOC,FS103835,75875,4317.29,5.69,Broken Rice,7555.26,237450.95
2021-12-01,2021,12,West Bengal,HPCL,FS103836,21317,1707.49,8.01,Sugarcane,2988.11,93911.95
2022-01-01,2022,1,West Bengal,HPCL,FS103837,59423,6316.66,10.63,Maize,11054.15,347416.3
2022-02-01,2022,2,West Bengal,HPCL,FS103838,10600,1204.16,11.36,Molasses,2107.28,66228.8
2022-03-01,2022,3,West Bengal,HPCL,FS103839,37369,2428.99,6.5,Molasses,4250.73,133594.45
2022-04-01,2022,4,West Bengal,BPCL,FS103840,68012,8025.42,11.8,Maize,14044.49,441398.1
2022-05-01,2022,5,West Bengal,HPCL,FS103841,58782,8740.88,14.87,Maize,15296.54,480748.4
2022-06-01,2022,6,West Bengal,HPCL,FS103842,13691,1308.86,9.56,Molasses,2290.5,71987.3
2022-07-01,2022,7,West Bengal,BPCL,FS103843,27504,3545.27,12.89,Maize,6204.22,194989.85
2022-08-01,2022,8,West Bengal,HPCL,FS103844,49716,2997.87,6.03,Broken Rice,5246.27,164882.85
2022-09-01,2022,9,West Bengal,IOC,FS103845,35444,3423.89,9.66,Broken Rice,5991.81,188313.95
2022-10-01,2022,10,West Bengal,HPCL,FS103846,53038,4136.96,7.8,Maize,7239.68,227532.8
2022-11-01,2022,11,West Bengal,HPCL,FS103847,53168,11367.32,21.38,Molasses,19892.81,625202.6
2022-12-01,2022,12,West Bengal,HPCL,FS103848,13902,873.05,6.28,Broken Rice,1527.84,48017.75
2023-01-01,2023,1,West Bengal,HPCL,FS103849,77110,7541.36,9.78,Broken Rice,13197.38,414774.8
2023-02-01,2023,2,West Bengal,BPCL,FS103850,32450,3384.54,10.43,Maize,5922.94,186149.7
2023-03-01,2023,3,West Bengal,HPCL,FS103851,53037,7483.52,14.11,Broken Rice,13096.16,411593.6
2023-04-01,2023,4,West Bengal,HPCL,FS103852,18715,1311.92,7.01,Sugarcane,2295.86,72155.6
2023-05-01,2023,5,West Bengal,HPCL,FS103853,9908,1332.63,13.45,Broken Rice,2332.1,73294.65
2023-06-01,2023,6,West Bengal,IOC,FS103854,64143,9576.55,14.93,Molasses,16758.96,526710.25
2023-07-01,2023,7,West Bengal,BPCL,FS103855,30555,6474.6,21.19,Maize,11330.55,356103.0
2023-08-01,2023,8,West Bengal,IOC,FS103856,40264,4759.2,11.82,Maize,8328.6,261756.0
2023-09-01,2023,9,West Bengal,HPCL,FS103857,62359,7009.15,11.24,Maize,12266.01,385503.25
2023-10-01,2023,10,West Bengal,BPCL,FS103858,77617,10175.59,13.11,Broken Rice,17807.28,559657.45
2023-11-01,2023,11,West Bengal,HPCL,FS103859,16933,1444.38,8.53,Molasses,2527.66,79440.9
2023-12-01,2023,12,West Bengal,HPCL,FS103860,51401,8743.31,17.01,Maize,15300.79,480882.05
2024-01-01,2024,1,West Bengal,IOC,FS103861,36174,5303.11,14.66,Sugarcane,9280.44,291671.05
2024-02-01,2024,2,West Bengal,HPCL,FS103862,13943,2413.53,17.31,Maize,4223.68,132744.15
2024-03-01,2024,3,West Bengal,BPCL,FS103863,33287,7156.7,21.5,Sugarcane,12524.23,393618.5
2024-04-01,2024,4,West Bengal,BPCL,FS103864,68616,12693.96,18.5,Molasses,22214.43,698167.8
2024-05-01,2024,5,West Bengal,BPCL,FS103865,31010,4995.71,16.11,Maize,8742.49,274764.05
2024-06-01,2024,6,West Bengal,HPCL,FS103866,29125,5545.4,19.04,Molasses,9704.45,304997.0
2024-07-01,2024,7,West Bengal,HPCL,FS103867,52846,1749.2,3.31,Sugarcane,3061.1,96206.0
2024-08-01,2024,8,West Bengal,IOC,FS103868,46973,8600.76,18.31,Maize,15051.33,473041.8
2024-09-01,2024,9,West Bengal,HPCL,FS103869,21869,3733.04,17.07,Molasses,6532.82,205317.2
2024-10-01,2024,10,West Bengal,HPCL,FS103870,21335,4587.02,21.5,Molasses,8027.29,252286.1
2024-11-01,2024,11,West Bengal,IOC,FS103871,29677,5237.99,17.65,Sugarcane,9166.48,288089.45
2024-12-01,2024,12,West Bengal,HPCL,FS103872,50325,5797.44,11.52,Broken Rice,10145.52,318859.2
2025-01-01,2025,1,West Bengal,HPCL,FS103873,28917,5740.02,19.85,Sugarcane,10045.03,315701.1
2025-02-01,2025,2,West Bengal,BPCL,FS103874,40632,5074.94,12.49,Molasses,8881.14,279121.7
2025-03-01,2025,3,West Bengal,IOC,FS103875,75115,9441.96,12.57,Maize,16523.43,519307.8
2025-04-01,2025,4,West Bengal,HPCL,FS103876,67003,14144.33,21.11,Molasses,24752.58,777938.15
2025-05-01,2025,5,West Bengal,IOC,FS103877,63175,3910.53,6.19,Sugarcane,6843.43,215079.15
2025-06-01,2025,6,West Bengal,HPCL,FS103878,10155,2183.32,21.5,Sugarcane,3820.81,120082.6
2025-07-01,2025,7,West Bengal,IOC,FS103879,34190,6140.52,17.96,Broken Rice,10745.91,337728.6
2025-08-01,2025,8,West Bengal,IOC,FS103880,56974,12249.41,21.5,Maize,21436.47,673717.55
2025-09-01,2025,9,West Bengal,IOC,FS103881,78035,16777.53,21.5,Molasses,29360.68,922764.15
2025-10-01,2025,10,West Bengal,BPCL,FS103882,33602,5500.65,16.37,Maize,9626.14,302535.75
2025-11-01,2025,11,West Bengal,BPCL,FS103883,56750,5186.95,9.14,Sugarcane,9077.16,285282.25
2025-12-01,2025,12,West Bengal,IOC,FS103884,76319,16339.9,21.41,Sugarcane,28594.83,898694.5
2026-01-01,2026,1,West Bengal,BPCL,FS103885,52608,7138.91,13.57,Maize,12493.09,392640.05
2026-02-01,2026,2,West Bengal,IOC,FS103886,76382,14741.73,19.3,Sugarcane,25798.03,810795.15
2026-03-01,2026,3,West Bengal,BPCL,FS103887,60243,11138.93,18.49,Broken Rice,19493.13,612641.15
2026-04-01,2026,4,West Bengal,HPCL,FS103888,60494,13006.21,21.5,Maize,22760.87,715341.55
2026-05-01,2026,5,West Bengal,BPCL,FS103889,45538,8515.61,18.7,Broken Rice,14902.32,468358.55
2026-06-01,2026,6,West Bengal,BPCL,FS103890,79778,11472.08,14.38,Maize,20076.14,630964.4
2026-07-01,2026,7,West Bengal,IOC,FS103891,32832,6645.2,20.24,Molasses,11629.1,365486.0
2015-01-01,2015,1,Delhi,BPCL,FS103892,14732,372.72,2.53,Broken Rice,652.26,20499.6
2015-02-01,2015,2,Delhi,BPCL,FS103893,65702,1498.01,2.28,Molasses,2621.52,82390.55
2015-03-01,2015,3,Delhi,BPCL,FS103894,22781,432.84,1.9,Broken Rice,757.47,23806.2
2015-04-01,2015,4,Delhi,BPCL,FS103895,53167,1249.42,2.35,Maize,2186.49,68718.1
2015-05-01,2015,5,Delhi,HPCL,FS103896,40259,567.65,1.41,Broken Rice,993.39,31220.75
2015-06-01,2015,6,Delhi,BPCL,FS103897,51560,1283.84,2.49,Sugarcane,2246.72,70611.2
2015-07-01,2015,7,Delhi,IOC,FS103898,11134,233.81,2.1,Maize,409.17,12859.55
2015-08-01,2015,8,Delhi,IOC,FS103899,41822,1183.56,2.83,Maize,2071.23,65095.8
2015-09-01,2015,9,Delhi,BPCL,FS103900,20938,437.6,2.09,Maize,765.8,24068.0
2015-10-01,2015,10,Delhi,BPCL,FS103901,55659,1235.63,2.22,Broken Rice,2162.35,67959.65
2015-11-01,2015,11,Delhi,BPCL,FS103902,31461,377.53,1.2,Molasses,660.68,20764.15
2015-12-01,2015,12,Delhi,HPCL,FS103903,21448,557.65,2.6,Sugarcane,975.89,30670.75
2016-01-01,2016,1,Delhi,HPCL,FS103904,42961,1628.22,3.79,Broken Rice,2849.39,89552.1
2016-02-01,2016,2,Delhi,HPCL,FS103905,28739,1609.38,5.6,Sugarcane,2816.41,88515.9
2016-03-01,2016,3,Delhi,HPCL,FS103906,59431,2258.38,3.8,Broken Rice,3952.16,124210.9
2016-04-01,2016,4,Delhi,IOC,FS103907,18686,646.54,3.46,Molasses,1131.44,35559.7
2016-05-01,2016,5,Delhi,IOC,FS103908,18367,551.01,3.0,Broken Rice,964.27,30305.55
2016-06-01,2016,6,Delhi,BPCL,FS103909,33063,1186.96,3.59,Sugarcane,2077.18,65282.8
2016-07-01,2016,7,Delhi,HPCL,FS103910,20651,553.45,2.68,Broken Rice,968.54,30439.75
2016-08-01,2016,8,Delhi,HPCL,FS103911,53606,1827.96,3.41,Molasses,3198.93,100537.8
2016-09-01,2016,9,Delhi,HPCL,FS103912,26201,327.51,1.25,Molasses,573.14,18013.05
2016-10-01,2016,10,Delhi,HPCL,FS103913,22999,1202.85,5.23,Sugarcane,2104.99,66156.75
2016-11-01,2016,11,Delhi,IOC,FS103914,70878,2948.52,4.16,Maize,5159.91,162168.6
2016-12-01,2016,12,Delhi,IOC,FS103915,76560,1883.38,2.46,Sugarcane,3295.91,103585.9
2017-01-01,2017,1,Delhi,IOC,FS103916,11870,530.59,4.47,Sugarcane,928.53,29182.45
2017-02-01,2017,2,Delhi,HPCL,FS103917,17217,390.83,2.27,Maize,683.95,21495.65
2017-03-01,2017,3,Delhi,BPCL,FS103918,61595,1884.81,3.06,Broken Rice,3298.42,103664.55
2017-04-01,2017,4,Delhi,BPCL,FS103919,38029,1300.59,3.42,Broken Rice,2276.03,71532.45
2017-05-01,2017,5,Delhi,IOC,FS103920,53957,1661.88,3.08,Broken Rice,2908.29,91403.4
2017-06-01,2017,6,Delhi,IOC,FS103921,51739,1971.26,3.81,Broken Rice,3449.7,108419.3
2017-07-01,2017,7,Delhi,BPCL,FS103922,15084,571.68,3.79,Maize,1000.44,31442.4
2017-08-01,2017,8,Delhi,IOC,FS103923,19969,906.59,4.54,Broken Rice,1586.53,49862.45
2017-09-01,2017,9,Delhi,BPCL,FS103924,19945,1055.09,5.29,Sugarcane,1846.41,58029.95
2017-10-01,2017,10,Delhi,IOC,FS103925,55717,3120.15,5.6,Broken Rice,5460.26,171608.25
2017-11-01,2017,11,Delhi,HPCL,FS103926,20930,923.01,4.41,Broken Rice,1615.27,50765.55
2017-12-01,2017,12,Delhi,BPCL,FS103927,25839,506.44,1.96,Molasses,886.27,27854.2
2018-01-01,2018,1,Delhi,BPCL,FS103928,48854,1289.75,2.64,Sugarcane,2257.06,70936.25
2018-02-01,2018,2,Delhi,HPCL,FS103929,75390,4161.53,5.52,Broken Rice,7282.68,228884.15
2018-03-01,2018,3,Delhi,HPCL,FS103930,41326,2471.29,5.98,Maize,4324.76,135920.95
2018-04-01,2018,4,Delhi,IOC,FS103931,42022,2294.4,5.46,Maize,4015.2,126192.0
2018-05-01,2018,5,Delhi,BPCL,FS103932,53076,4288.54,8.08,Broken Rice,7504.94,235869.7
2018-06-01,2018,6,Delhi,BPCL,FS103933,58393,3491.9,5.98,Molasses,6110.82,192054.5
2018-07-01,2018,7,Delhi,BPCL,FS103934,58629,4743.09,8.09,Maize,8300.41,260869.95
2018-08-01,2018,8,Delhi,HPCL,FS103935,69330,2239.36,3.23,Sugarcane,3918.88,123164.8
2018-09-01,2018,9,Delhi,HPCL,FS103936,75782,1432.28,1.89,Sugarcane,2506.49,78775.4
2018-10-01,2018,10,Delhi,BPCL,FS103937,71411,442.75,0.62,Broken Rice,774.81,24351.25
2018-11-01,2018,11,Delhi,BPCL,FS103938,65135,3419.59,5.25,Maize,5984.28,188077.45
2018-12-01,2018,12,Delhi,IOC,FS103939,19075,1146.41,6.01,Molasses,2006.22,63052.55
2019-01-01,2019,1,Delhi,IOC,FS103940,11569,365.58,3.16,Sugarcane,639.76,20106.9
2019-02-01,2019,2,Delhi,HPCL,FS103941,38085,1595.76,4.19,Maize,2792.58,87766.8
2019-03-01,2019,3,Delhi,BPCL,FS103942,65333,5409.57,8.28,Molasses,9466.75,297526.35
2019-04-01,2019,4,Delhi,HPCL,FS103943,11824,884.44,7.48,Broken Rice,1547.77,48644.2
2019-05-01,2019,5,Delhi,IOC,FS103944,9310,498.08,5.35,Molasses,871.64,27394.4
2019-06-01,2019,6,Delhi,BPCL,FS103945,74013,3337.99,4.51,Molasses,5841.48,183589.45
2019-07-01,2019,7,Delhi,HPCL,FS103946,41149,2724.06,6.62,Broken Rice,4767.1,149823.3
2019-08-01,2019,8,Delhi,IOC,FS103947,75381,5359.59,7.11,Molasses,9379.28,294777.45
2019-09-01,2019,9,Delhi,IOC,FS103948,33293,759.08,2.28,Broken Rice,1328.39,41749.4
2019-10-01,2019,10,Delhi,BPCL,FS103949,12629,540.52,4.28,Maize,945.91,29728.6
2019-11-01,2019,11,Delhi,IOC,FS103950,58946,2699.73,4.58,Sugarcane,4724.53,148485.15
2019-12-01,2019,12,Delhi,BPCL,FS103951,58606,3053.37,5.21,Maize,5343.4,167935.35
2020-01-01,2020,1,Delhi,BPCL,FS103952,70958,2788.65,3.93,Broken Rice,4880.14,153375.75
2020-02-01,2020,2,Delhi,IOC,FS103953,8792,264.64,3.01,Maize,463.12,14555.2
2020-03-01,2020,3,Delhi,HPCL,FS103954,47632,3324.71,6.98,Maize,5818.24,182859.05
2020-04-01,2020,4,Delhi,HPCL,FS103955,38885,1788.71,4.6,Sugarcane,3130.24,98379.05
2020-05-01,2020,5,Delhi,HPCL,FS103956,13171,354.3,2.69,Sugarcane,620.02,19486.5
2020-06-01,2020,6,Delhi,BPCL,FS103957,72874,4379.73,6.01,Maize,7664.53,240885.15
2020-07-01,2020,7,Delhi,HPCL,FS103958,33688,2324.47,6.9,Maize,4067.82,127845.85
2020-08-01,2020,8,Delhi,IOC,FS103959,25545,1997.62,7.82,Sugarcane,3495.84,109869.1
2020-09-01,2020,9,Delhi,BPCL,FS103960,41746,814.05,1.95,Maize,1424.59,44772.75
2020-10-01,2020,10,Delhi,BPCL,FS103961,33358,1731.28,5.19,Maize,3029.74,95220.4
2020-11-01,2020,11,Delhi,IOC,FS103962,57289,3815.45,6.66,Molasses,6677.04,209849.75
2020-12-01,2020,12,Delhi,BPCL,FS103963,55259,3260.28,5.9,Maize,5705.49,179315.4
2021-01-01,2021,1,Delhi,HPCL,FS103964,21907,2777.81,12.68,Sugarcane,4861.17,152779.55
2021-02-01,2021,2,Delhi,BPCL,FS103965,30369,1891.99,6.23,Sugarcane,3310.98,104059.45
2021-03-01,2021,3,Delhi,BPCL,FS103966,11239,633.88,5.64,Maize,1109.29,34863.4
2021-04-01,2021,4,Delhi,IOC,FS103967,11484,1148.4,10.0,Sugarcane,2009.7,63162.0
2021-05-01,2021,5,Delhi,BPCL,FS103968,58298,6465.25,11.09,Molasses,11314.19,355588.75
2021-06-01,2021,6,Delhi,HPCL,FS103969,35260,3801.03,10.78,Maize,6651.8,209056.65
2021-07-01,2021,7,Delhi,IOC,FS103970,71815,9400.58,13.09,Maize,16451.01,517031.9
2021-08-01,2021,8,Delhi,HPCL,FS103971,27178,2103.58,7.74,Molasses,3681.26,115696.9
2021-09-01,2021,9,Delhi,HPCL,FS103972,60955,3748.73,6.15,Maize,6560.28,206180.15
2021-10-01,2021,10,Delhi,HPCL,FS103973,49911,2844.93,5.7,Maize,4978.63,156471.15
2021-11-01,2021,11,Delhi,HPCL,FS103974,43779,3441.03,7.86,Molasses,6021.8,189256.65
2021-12-01,2021,12,Delhi,HPCL,FS103975,57250,3893.0,6.8,Maize,6812.75,214115.0
2022-01-01,2022,1,Delhi,HPCL,FS103976,40471,3873.07,9.57,Broken Rice,6777.87,213018.85
2022-02-01,2022,2,Delhi,IOC,FS103977,21698,2362.91,10.89,Broken Rice,4135.09,129960.05
2022-03-01,2022,3,Delhi,HPCL,FS103978,68684,11669.41,16.99,Broken Rice,20421.47,641817.55
2022-04-01,2022,4,Delhi,BPCL,FS103979,42725,4956.1,11.6,Sugarcane,8673.18,272585.5
2022-05-01,2022,5,Delhi,HPCL,FS103980,27332,2954.59,10.81,Sugarcane,5170.53,162502.45
2022-06-01,2022,6,Delhi,BPCL,FS103981,49997,4004.76,8.01,Sugarcane,7008.33,220261.8
2022-07-01,2022,7,Delhi,IOC,FS103982,70881,11234.64,15.85,Molasses,19660.62,617905.2
2022-08-01,2022,8,Delhi,BPCL,FS103983,16566,1934.91,11.68,Broken Rice,3386.09,106420.05
2022-09-01,2022,9,Delhi,BPCL,FS103984,44214,2794.32,6.32,Maize,4890.06,153687.6
2022-10-01,2022,10,Delhi,BPCL,FS103985,26953,2091.55,7.76,Sugarcane,3660.21,115035.25
2022-11-01,2022,11,Delhi,IOC,FS103986,28156,3060.56,10.87,Sugarcane,5355.98,168330.8
2022-12-01,2022,12,Delhi,HPCL,FS103987,9987,494.36,4.95,Maize,865.13,27189.8
2023-01-01,2023,1,Delhi,BPCL,FS103988,24636,2660.69,10.8,Maize,4656.21,146337.95
2023-02-01,2023,2,Delhi,IOC,FS103989,11389,1408.82,12.37,Molasses,2465.43,77485.1
2023-03-01,2023,3,Delhi,BPCL,FS103990,49400,3942.12,7.98,Molasses,6898.71,216816.6
2023-04-01,2023,4,Delhi,IOC,FS103991,72367,8466.94,11.7,Maize,14817.15,465681.7
2023-05-01,2023,5,Delhi,IOC,FS103992,56355,9084.43,16.12,Maize,15897.75,499643.65
2023-06-01,2023,6,Delhi,BPCL,FS103993,68482,2965.27,4.33,Broken Rice,5189.22,163089.85
2023-07-01,2023,7,Delhi,HPCL,FS103994,79246,13440.12,16.96,Sugarcane,23520.21,739206.6
2023-08-01,2023,8,Delhi,IOC,FS103995,28967,4211.8,14.54,Broken Rice,7370.65,231649.0
2023-09-01,2023,9,Delhi,BPCL,FS103996,10506,1208.19,11.5,Sugarcane,2114.33,66450.45
2023-10-01,2023,10,Delhi,IOC,FS103997,66535,9767.34,14.68,Maize,17092.85,537203.7
2023-11-01,2023,11,Delhi,IOC,FS103998,51202,7905.59,15.44,Sugarcane,13834.78,434807.45
2023-12-01,2023,12,Delhi,IOC,FS103999,67231,13822.69,20.56,Broken Rice,24189.71,760247.95
2024-01-01,2024,1,Delhi,IOC,FS104000,49025,10540.38,21.5,Molasses,18445.66,579720.9
2024-02-01,2024,2,Delhi,IOC,FS104001,8570,804.72,9.39,Broken Rice,1408.26,44259.6
2024-03-01,2024,3,Delhi,IOC,FS104002,69201,6684.82,9.66,Molasses,11698.43,367665.1
2024-04-01,2024,4,Delhi,HPCL,FS104003,19377,3840.52,19.82,Molasses,6720.91,211228.6
2024-05-01,2024,5,Delhi,HPCL,FS104004,45443,3326.43,7.32,Maize,5821.25,182953.65
2024-06-01,2024,6,Delhi,IOC,FS104005,23077,2033.08,8.81,Molasses,3557.89,111819.4
2024-07-01,2024,7,Delhi,BPCL,FS104006,27897,5997.85,21.5,Molasses,10496.24,329881.75
2024-08-01,2024,8,Delhi,BPCL,FS104007,34897,7502.85,21.5,Broken Rice,13129.99,412656.75
2024-09-01,2024,9,Delhi,IOC,FS104008,76289,14945.02,19.59,Molasses,26153.78,821976.1
2024-10-01,2024,10,Delhi,BPCL,FS104009,22234,2777.03,12.49,Sugarcane,4859.8,152736.65
2024-11-01,2024,11,Delhi,IOC,FS104010,59115,7773.62,13.15,Sugarcane,13603.83,427549.1
2024-12-01,2024,12,Delhi,IOC,FS104011,12539,2695.88,21.5,Broken Rice,4717.79,148273.4
2025-01-01,2025,1,Delhi,BPCL,FS104012,29078,6251.77,21.5,Broken Rice,10940.6,343847.35
2025-02-01,2025,2,Delhi,HPCL,FS104013,70624,15184.16,21.5,Maize,26572.28,835128.8
2025-03-01,2025,3,Delhi,IOC,FS104014,51751,10608.95,20.5,Molasses,18565.66,583492.25
2025-04-01,2025,4,Delhi,HPCL,FS104015,13131,1384.01,10.54,Sugarcane,2422.02,76120.55
2025-05-01,2025,5,Delhi,HPCL,FS104016,24246,2684.03,11.07,Broken Rice,4697.05,147621.65
2025-06-01,2025,6,Delhi,IOC,FS104017,50987,10962.2,21.5,Maize,19183.85,602921.0
2025-07-01,2025,7,Delhi,IOC,FS104018,8891,1911.57,21.5,Maize,3345.25,105136.35
2025-08-01,2025,8,Delhi,IOC,FS104019,62435,13336.12,21.36,Maize,23338.21,733486.6
2025-09-01,2025,9,Delhi,IOC,FS104020,51130,7045.71,13.78,Sugarcane,12329.99,387514.05
2025-10-01,2025,10,Delhi,IOC,FS104021,32232,6020.94,18.68,Maize,10536.64,331151.7
2025-11-01,2025,11,Delhi,HPCL,FS104022,43546,9362.39,21.5,Sugarcane,16384.18,514931.45
2025-12-01,2025,12,Delhi,BPCL,FS104023,72385,15562.77,21.5,Sugarcane,27234.85,855952.35
2026-01-01,2026,1,Delhi,BPCL,FS104024,26055,5601.82,21.5,Broken Rice,9803.18,308100.1
2026-02-01,2026,2,Delhi,IOC,FS104025,33493,7200.99,21.5,Sugarcane,12601.73,396054.45
2026-03-01,2026,3,Delhi,BPCL,FS104026,44253,8288.59,18.73,Sugarcane,14505.03,455872.45
2026-04-01,2026,4,Delhi,BPCL,FS104027,59884,1760.59,2.94,Sugarcane,3081.03,96832.45
2026-05-01,2026,5,Delhi,HPCL,FS104028,15101,3246.72,21.5,Maize,5681.76,178569.6
2026-06-01,2026,6,Delhi,HPCL,FS104029,64977,13905.08,21.4,Sugarcane,24333.89,764779.4
2026-07-01,2026,7,Delhi,BPCL,FS104030,58918,10045.52,17.05,Broken Rice,17579.66,552503.6
2015-01-01,2015,1,Jammu and Kashmir,HPCL,FS104031,24543,566.94,2.31,Broken Rice,992.15,31181.7
2015-02-01,2015,2,Jammu and Kashmir,IOC,FS104032,29383,622.92,2.12,Broken Rice,1090.11,34260.6
2015-03-01,2015,3,Jammu and Kashmir,HPCL,FS104033,33412,584.71,1.75,Broken Rice,1023.24,32159.05
2015-04-01,2015,4,Jammu and Kashmir,BPCL,FS104034,62679,864.97,1.38,Broken Rice,1513.7,47573.35
2015-05-01,2015,5,Jammu and Kashmir,IOC,FS104035,20939,588.39,2.81,Maize,1029.68,32361.45
2015-06-01,2015,6,Jammu and Kashmir,IOC,FS104036,30942,362.02,1.17,Maize,633.53,19911.1
2015-07-01,2015,7,Jammu and Kashmir,IOC,FS104037,32265,600.13,1.86,Broken Rice,1050.23,33007.15
2015-08-01,2015,8,Jammu and Kashmir,IOC,FS104038,17297,375.34,2.17,Sugarcane,656.84,20643.7
2015-09-01,2015,9,Jammu and Kashmir,BPCL,FS104039,66434,1235.67,1.86,Maize,2162.42,67961.85
2015-10-01,2015,10,Jammu and Kashmir,BPCL,FS104040,15645,337.93,2.16,Molasses,591.38,18586.15
2015-11-01,2015,11,Jammu and Kashmir,HPCL,FS104041,49773,1363.78,2.74,Broken Rice,2386.61,75007.9
2015-12-01,2015,12,Jammu and Kashmir,HPCL,FS104042,23076,572.28,2.48,Maize,1001.49,31475.4
2016-01-01,2016,1,Jammu and Kashmir,BPCL,FS104043,72808,2402.66,3.3,Broken Rice,4204.65,132146.3
2016-02-01,2016,2,Jammu and Kashmir,IOC,FS104044,34245,794.48,2.32,Broken Rice,1390.34,43696.4
2016-03-01,2016,3,Jammu and Kashmir,BPCL,FS104045,75092,3739.58,4.98,Molasses,6544.26,205676.9
2016-04-01,2016,4,Jammu and Kashmir,HPCL,FS104046,16039,340.03,2.12,Molasses,595.05,18701.65
2016-05-01,2016,5,Jammu and Kashmir,HPCL,FS104047,79839,3385.17,4.24,Molasses,5924.05,186184.35
2016-06-01,2016,6,Jammu and Kashmir,BPCL,FS104048,63413,2156.04,3.4,Maize,3773.07,118582.2
2016-07-01,2016,7,Jammu and Kashmir,HPCL,FS104049,34597,1442.69,4.17,Molasses,2524.71,79347.95
2016-08-01,2016,8,Jammu and Kashmir,BPCL,FS104050,78162,1125.53,1.44,Molasses,1969.68,61904.15
2016-09-01,2016,9,Jammu and Kashmir,IOC,FS104051,78683,4807.53,6.11,Maize,8413.18,264414.15
2016-10-01,2016,10,Jammu and Kashmir,HPCL,FS104052,50732,1364.69,2.69,Molasses,2388.21,75057.95
2016-11-01,2016,11,Jammu and Kashmir,IOC,FS104053,25507,734.6,2.88,Broken Rice,1285.55,40403.0
2016-12-01,2016,12,Jammu and Kashmir,HPCL,FS104054,45748,960.71,2.1,Maize,1681.24,52839.05
2017-01-01,2017,1,Jammu and Kashmir,HPCL,FS104055,28881,1120.58,3.88,Maize,1961.01,61631.9
2017-02-01,2017,2,Jammu and Kashmir,HPCL,FS104056,16697,352.31,2.11,Broken Rice,616.54,19377.05
2017-03-01,2017,3,Jammu and Kashmir,IOC,FS104057,50801,1600.23,3.15,Maize,2800.4,88012.65
2017-04-01,2017,4,Jammu and Kashmir,BPCL,FS104058,57002,2194.58,3.85,Broken Rice,3840.51,120701.9
2017-05-01,2017,5,Jammu and Kashmir,IOC,FS104059,75602,3538.17,4.68,Molasses,6191.8,194599.35
2017-06-01,2017,6,Jammu and Kashmir,BPCL,FS104060,49041,1485.94,3.03,Broken Rice,2600.39,81726.7
2017-07-01,2017,7,Jammu and Kashmir,IOC,FS104061,46549,1740.93,3.74,Broken Rice,3046.63,95751.15
2017-08-01,2017,8,Jammu and Kashmir,IOC,FS104062,69292,1649.15,2.38,Broken Rice,2886.01,90703.25
2017-09-01,2017,9,Jammu and Kashmir,HPCL,FS104063,50139,1810.02,3.61,Molasses,3167.53,99551.1
2017-10-01,2017,10,Jammu and Kashmir,BPCL,FS104064,13830,897.57,6.49,Molasses,1570.75,49366.35
2017-11-01,2017,11,Jammu and Kashmir,IOC,FS104065,55287,2769.88,5.01,Maize,4847.29,152343.4
2017-12-01,2017,12,Jammu and Kashmir,BPCL,FS104066,25970,1677.66,6.46,Broken Rice,2935.91,92271.3
2018-01-01,2018,1,Jammu and Kashmir,HPCL,FS104067,31371,1167.0,3.72,Molasses,2042.25,64185.0
2018-02-01,2018,2,Jammu and Kashmir,HPCL,FS104068,35315,2076.52,5.88,Molasses,3633.91,114208.6
2018-03-01,2018,3,Jammu and Kashmir,IOC,FS104069,49581,2464.18,4.97,Broken Rice,4312.31,135529.9
2018-04-01,2018,4,Jammu and Kashmir,BPCL,FS104070,30184,1104.73,3.66,Molasses,1933.28,60760.15
2018-05-01,2018,5,Jammu and Kashmir,HPCL,FS104071,51030,3444.53,6.75,Broken Rice,6027.93,189449.15
2018-06-01,2018,6,Jammu and Kashmir,BPCL,FS104072,73667,4088.52,5.55,Molasses,7154.91,224868.6
2018-07-01,2018,7,Jammu and Kashmir,IOC,FS104073,73074,2791.43,3.82,Broken Rice,4885.0,153528.65
2018-08-01,2018,8,Jammu and Kashmir,IOC,FS104074,28069,929.08,3.31,Maize,1625.89,51099.4
2018-09-01,2018,9,Jammu and Kashmir,IOC,FS104075,14846,788.32,5.31,Broken Rice,1379.56,43357.6
2018-10-01,2018,10,Jammu and Kashmir,IOC,FS104076,67682,3620.99,5.35,Broken Rice,6336.73,199154.45
2018-11-01,2018,11,Jammu and Kashmir,IOC,FS104077,18895,1262.19,6.68,Broken Rice,2208.83,69420.45
2018-12-01,2018,12,Jammu and Kashmir,IOC,FS104078,69915,2481.98,3.55,Broken Rice,4343.47,136508.9
2019-01-01,2019,1,Jammu and Kashmir,IOC,FS104079,74535,3600.04,4.83,Molasses,6300.07,198002.2
2019-02-01,2019,2,Jammu and Kashmir,IOC,FS104080,70399,1330.54,1.89,Sugarcane,2328.44,73179.7
2019-03-01,2019,3,Jammu and Kashmir,BPCL,FS104081,70278,3717.71,5.29,Maize,6505.99,204474.05
2019-04-01,2019,4,Jammu and Kashmir,HPCL,FS104082,14895,1127.55,7.57,Molasses,1973.21,62015.25
2019-05-01,2019,5,Jammu and Kashmir,HPCL,FS104083,20552,1794.19,8.73,Molasses,3139.83,98680.45
2019-06-01,2019,6,Jammu and Kashmir,HPCL,FS104084,20247,1295.81,6.4,Maize,2267.67,71269.55
2019-07-01,2019,7,Jammu and Kashmir,IOC,FS104085,8527,326.58,3.83,Broken Rice,571.51,17961.9
2019-08-01,2019,8,Jammu and Kashmir,BPCL,FS104086,53724,4647.13,8.65,Broken Rice,8132.48,255592.15
2019-09-01,2019,9,Jammu and Kashmir,IOC,FS104087,50730,3769.24,7.43,Broken Rice,6596.17,207308.2
2019-10-01,2019,10,Jammu and Kashmir,BPCL,FS104088,58511,4990.99,8.53,Molasses,8734.23,274504.45
2019-11-01,2019,11,Jammu and Kashmir,HPCL,FS104089,23437,1666.37,7.11,Maize,2916.15,91650.35
2019-12-01,2019,12,Jammu and Kashmir,IOC,FS104090,70423,4880.31,6.93,Maize,8540.54,268417.05
2020-01-01,2020,1,Jammu and Kashmir,IOC,FS104091,29305,770.72,2.63,Molasses,1348.76,42389.6
2020-02-01,2020,2,Jammu and Kashmir,HPCL,FS104092,47605,2456.42,5.16,Broken Rice,4298.74,135103.1
2020-03-01,2020,3,Jammu and Kashmir,IOC,FS104093,35881,2533.2,7.06,Molasses,4433.1,139326.0
2020-04-01,2020,4,Jammu and Kashmir,BPCL,FS104094,44680,2537.82,5.68,Maize,4441.19,139580.1
2020-05-01,2020,5,Jammu and Kashmir,IOC,FS104095,52084,4255.26,8.17,Sugarcane,7446.7,234039.3
2020-06-01,2020,6,Jammu and Kashmir,BPCL,FS104096,66860,1129.93,1.69,Broken Rice,1977.38,62146.15
2020-07-01,2020,7,Jammu and Kashmir,BPCL,FS104097,71090,5680.09,7.99,Sugarcane,9940.16,312404.95
2020-08-01,2020,8,Jammu and Kashmir,BPCL,FS104098,49604,3020.88,6.09,Maize,5286.54,166148.4
2020-09-01,2020,9,Jammu and Kashmir,BPCL,FS104099,40121,3438.37,8.57,Broken Rice,6017.15,189110.35
2020-10-01,2020,10,Jammu and Kashmir,IOC,FS104100,45632,3627.74,7.95,Molasses,6348.55,199525.7
2020-11-01,2020,11,Jammu and Kashmir,IOC,FS104101,75917,3499.77,4.61,Maize,6124.6,192487.35
2020-12-01,2020,12,Jammu and Kashmir,BPCL,FS104102,78990,3120.11,3.95,Maize,5460.19,171606.05
2021-01-01,2021,1,Jammu and Kashmir,HPCL,FS104103,77610,4656.6,6.0,Molasses,8149.05,256113.0
2021-02-01,2021,2,Jammu and Kashmir,IOC,FS104104,31102,2516.15,8.09,Molasses,4403.26,138388.25
2021-03-01,2021,3,Jammu and Kashmir,BPCL,FS104105,39957,5166.44,12.93,Broken Rice,9041.27,284154.2
2021-04-01,2021,4,Jammu and Kashmir,IOC,FS104106,27693,1935.74,6.99,Broken Rice,3387.55,106465.7
2021-05-01,2021,5,Jammu and Kashmir,HPCL,FS104107,51677,6134.06,11.87,Molasses,10734.61,337373.3
2021-06-01,2021,6,Jammu and Kashmir,IOC,FS104108,33223,2169.46,6.53,Sugarcane,3796.56,119320.3
2021-07-01,2021,7,Jammu and Kashmir,HPCL,FS104109,76019,4872.82,6.41,Broken Rice,8527.43,268005.1
2021-08-01,2021,8,Jammu and Kashmir,BPCL,FS104110,18015,1421.38,7.89,Broken Rice,2487.41,78175.9
2021-09-01,2021,9,Jammu and Kashmir,IOC,FS104111,59500,3385.55,5.69,Molasses,5924.71,186205.25
2021-10-01,2021,10,Jammu and Kashmir,BPCL,FS104112,73623,4814.94,6.54,Molasses,8426.14,264821.7
2021-11-01,2021,11,Jammu and Kashmir,IOC,FS104113,73714,4725.07,6.41,Sugarcane,8268.87,259878.85
2021-12-01,2021,12,Jammu and Kashmir,BPCL,FS104114,75957,5286.61,6.96,Broken Rice,9251.57,290763.55
2022-01-01,2022,1,Jammu and Kashmir,HPCL,FS104115,69902,6319.14,9.04,Broken Rice,11058.5,347552.7
2022-02-01,2022,2,Jammu and Kashmir,BPCL,FS104116,21580,1901.2,8.81,Molasses,3327.1,104566.0
2022-03-01,2022,3,Jammu and Kashmir,IOC,FS104117,28742,3581.25,12.46,Broken Rice,6267.19,196968.75
2022-04-01,2022,4,Jammu and Kashmir,BPCL,FS104118,77585,5516.29,7.11,Maize,9653.51,303395.95
2022-05-01,2022,5,Jammu and Kashmir,BPCL,FS104119,52261,6621.47,12.67,Molasses,11587.57,364180.85
2022-06-01,2022,6,Jammu and Kashmir,IOC,FS104120,46653,5290.45,11.34,Broken Rice,9258.29,290974.75
2022-07-01,2022,7,Jammu and Kashmir,IOC,FS104121,44345,2438.97,5.5,Broken Rice,4268.2,134143.35
2022-08-01,2022,8,Jammu and Kashmir,HPCL,FS104122,12321,1251.81,10.16,Broken Rice,2190.67,68849.55
2022-09-01,2022,9,Jammu and Kashmir,IOC,FS104123,24119,2177.95,9.03,Sugarcane,3811.41,119787.25
2022-10-01,2022,10,Jammu and Kashmir,BPCL,FS104124,30340,3055.24,10.07,Maize,5346.67,168038.2
2022-11-01,2022,11,Jammu and Kashmir,HPCL,FS104125,14668,2093.12,14.27,Sugarcane,3662.96,115121.6
2022-12-01,2022,12,Jammu and Kashmir,IOC,FS104126,46250,4236.5,9.16,Molasses,7413.88,233007.5
2023-01-01,2023,1,Jammu and Kashmir,BPCL,FS104127,23376,3405.88,14.57,Sugarcane,5960.29,187323.4
2023-02-01,2023,2,Jammu and Kashmir,HPCL,FS104128,19352,1596.54,8.25,Sugarcane,2793.94,87809.7
2023-03-01,2023,3,Jammu and Kashmir,IOC,FS104129,12992,1114.71,8.58,Broken Rice,1950.74,61309.05
2023-04-01,2023,4,Jammu and Kashmir,IOC,FS104130,45489,6254.74,13.75,Broken Rice,10945.8,344010.7
2023-05-01,2023,5,Jammu and Kashmir,BPCL,FS104131,36273,3032.42,8.36,Maize,5306.74,166783.1
2023-06-01,2023,6,Jammu and Kashmir,BPCL,FS104132,33992,4204.81,12.37,Maize,7358.42,231264.55
2023-07-01,2023,7,Jammu and Kashmir,BPCL,FS104133,33933,5022.08,14.8,Broken Rice,8788.64,276214.4
2023-08-01,2023,8,Jammu and Kashmir,IOC,FS104134,43271,7399.34,17.1,Sugarcane,12948.85,406963.7
2023-09-01,2023,9,Jammu and Kashmir,HPCL,FS104135,31439,405.56,1.29,Maize,709.73,22305.8
2023-10-01,2023,10,Jammu and Kashmir,HPCL,FS104136,49196,5170.5,10.51,Maize,9048.38,284377.5
2023-11-01,2023,11,Jammu and Kashmir,BPCL,FS104137,49887,8081.69,16.2,Broken Rice,14142.96,444492.95
2023-12-01,2023,12,Jammu and Kashmir,BPCL,FS104138,57531,11097.73,19.29,Molasses,19421.03,610375.15
2024-01-01,2024,1,Jammu and Kashmir,HPCL,FS104139,17442,1200.01,6.88,Maize,2100.02,66000.55
2024-02-01,2024,2,Jammu and Kashmir,BPCL,FS104140,46560,1229.18,2.64,Molasses,2151.07,67604.9
2024-03-01,2024,3,Jammu and Kashmir,HPCL,FS104141,68496,8041.43,11.74,Molasses,14072.5,442278.65
2024-04-01,2024,4,Jammu and Kashmir,BPCL,FS104142,35930,3733.13,10.39,Sugarcane,6532.98,205322.15
2024-05-01,2024,5,Jammu and Kashmir,IOC,FS104143,15288,2267.21,14.83,Molasses,3967.62,124696.55
2024-06-01,2024,6,Jammu and Kashmir,HPCL,FS104144,9094,1297.71,14.27,Molasses,2270.99,71374.05
2024-07-01,2024,7,Jammu and Kashmir,IOC,FS104145,66791,10292.49,15.41,Maize,18011.86,566086.95
2024-08-01,2024,8,Jammu and Kashmir,IOC,FS104146,12934,1209.33,9.35,Molasses,2116.33,66513.15
2024-09-01,2024,9,Jammu and Kashmir,IOC,FS104147,9354,1531.25,16.37,Broken Rice,2679.69,84218.75
2024-10-01,2024,10,Jammu and Kashmir,BPCL,FS104148,65184,9288.72,14.25,Sugarcane,16255.26,510879.6
2024-11-01,2024,11,Jammu and Kashmir,IOC,FS104149,11042,1421.11,12.87,Molasses,2486.94,78161.05
2024-12-01,2024,12,Jammu and Kashmir,BPCL,FS104150,46108,9913.22,21.5,Maize,17348.13,545227.1
2025-01-01,2025,1,Jammu and Kashmir,BPCL,FS104151,15802,3082.97,19.51,Molasses,5395.2,169563.35
2025-02-01,2025,2,Jammu and Kashmir,HPCL,FS104152,25465,5474.98,21.5,Molasses,9581.22,301123.9
2025-03-01,2025,3,Jammu and Kashmir,HPCL,FS104153,17343,3728.74,21.5,Molasses,6525.3,205080.7
2025-04-01,2025,4,Jammu and Kashmir,HPCL,FS104154,52789,7675.52,14.54,Sugarcane,13432.16,422153.6
2025-05-01,2025,5,Jammu and Kashmir,BPCL,FS104155,17524,3767.66,21.5,Broken Rice,6593.4,207221.3
2025-06-01,2025,6,Jammu and Kashmir,IOC,FS104156,66581,14314.91,21.5,Broken Rice,25051.09,787320.05
2025-07-01,2025,7,Jammu and Kashmir,HPCL,FS104157,23090,2616.1,11.33,Molasses,4578.18,143885.5
2025-08-01,2025,8,Jammu and Kashmir,BPCL,FS104158,23029,4951.23,21.5,Molasses,8664.65,272317.65
2025-09-01,2025,9,Jammu and Kashmir,IOC,FS104159,59464,12784.76,21.5,Maize,22373.33,703161.8
2025-10-01,2025,10,Jammu and Kashmir,BPCL,FS104160,75952,16329.68,21.5,Molasses,28576.94,898132.4
2025-11-01,2025,11,Jammu and Kashmir,BPCL,FS104161,13839,2975.38,21.5,Broken Rice,5206.91,163645.9
2025-12-01,2025,12,Jammu and Kashmir,IOC,FS104162,52735,6692.07,12.69,Broken Rice,11711.12,368063.85
2026-01-01,2026,1,Jammu and Kashmir,BPCL,FS104163,55080,11842.2,21.5,Broken Rice,20723.85,651321.0
2026-02-01,2026,2,Jammu and Kashmir,IOC,FS104164,36380,7821.7,21.5,Broken Rice,13687.98,430193.5
2026-03-01,2026,3,Jammu and Kashmir,BPCL,FS104165,12930,2741.16,21.2,Molasses,4797.03,150763.8
2026-04-01,2026,4,Jammu and Kashmir,BPCL,FS104166,33525,7207.88,21.5,Sugarcane,12613.79,396433.4
2026-05-01,2026,5,Jammu and Kashmir,IOC,FS104167,76211,12925.39,16.96,Broken Rice,22619.43,710896.45
2026-06-01,2026,6,Jammu and Kashmir,IOC,FS104168,14544,3126.96,21.5,Broken Rice,5472.18,171982.8
2026-07-01,2026,7,Jammu and Kashmir,BPCL,FS104169,34836,7343.43,21.08,Sugarcane,12851.0,403888.65
2015-01-01,2015,1,Ladakh,IOC,FS104170,57294,1048.48,1.83,Molasses,1834.84,57666.4
2015-02-01,2015,2,Ladakh,BPCL,FS104171,45855,862.07,1.88,Sugarcane,1508.62,47413.85
2015-03-01,2015,3,Ladakh,IOC,FS104172,18910,361.18,1.91,Molasses,632.07,19864.9
2015-04-01,2015,4,Ladakh,BPCL,FS104173,16463,337.49,2.05,Maize,590.61,18561.95
2015-05-01,2015,5,Ladakh,IOC,FS104174,33407,414.25,1.24,Broken Rice,724.94,22783.75
2015-06-01,2015,6,Ladakh,IOC,FS104175,75576,2101.01,2.78,Molasses,3676.77,115555.55
2015-07-01,2015,7,Ladakh,BPCL,FS104176,52544,877.48,1.67,Sugarcane,1535.59,48261.4
2015-08-01,2015,8,Ladakh,IOC,FS104177,8589,127.12,1.48,Maize,222.46,6991.6
2015-09-01,2015,9,Ladakh,IOC,FS104178,57008,1094.55,1.92,Molasses,1915.46,60200.25
2015-10-01,2015,10,Ladakh,HPCL,FS104179,10866,242.31,2.23,Broken Rice,424.04,13327.05
2015-11-01,2015,11,Ladakh,HPCL,FS104180,73223,1647.52,2.25,Molasses,2883.16,90613.6
2015-12-01,2015,12,Ladakh,IOC,FS104181,23828,371.72,1.56,Maize,650.51,20444.6
2016-01-01,2016,1,Ladakh,IOC,FS104182,40202,1374.91,3.42,Sugarcane,2406.09,75620.05
2016-02-01,2016,2,Ladakh,IOC,FS104183,31641,215.16,0.68,Molasses,376.53,11833.8
2016-03-01,2016,3,Ladakh,IOC,FS104184,65563,2255.37,3.44,Maize,3946.9,124045.35
2016-04-01,2016,4,Ladakh,HPCL,FS104185,17941,923.96,5.15,Broken Rice,1616.93,50817.8
2016-05-01,2016,5,Ladakh,BPCL,FS104186,74457,2598.55,3.49,Broken Rice,4547.46,142920.25
2016-06-01,2016,6,Ladakh,BPCL,FS104187,77998,2776.73,3.56,Maize,4859.28,152720.15
2016-07-01,2016,7,Ladakh,IOC,FS104188,34401,787.78,2.29,Sugarcane,1378.62,43327.9
2016-08-01,2016,8,Ladakh,HPCL,FS104189,21394,462.11,2.16,Sugarcane,808.69,25416.05
2016-09-01,2016,9,Ladakh,HPCL,FS104190,21570,804.56,3.73,Broken Rice,1407.98,44250.8
2016-10-01,2016,10,Ladakh,IOC,FS104191,37605,864.91,2.3,Molasses,1513.59,47570.05
2016-11-01,2016,11,Ladakh,HPCL,FS104192,56707,2489.44,4.39,Broken Rice,4356.52,136919.2
2016-12-01,2016,12,Ladakh,IOC,FS104193,64921,1869.72,2.88,Maize,3272.01,102834.6
2017-01-01,2017,1,Ladakh,IOC,FS104194,47673,2350.28,4.93,Maize,4112.99,129265.4
2017-02-01,2017,2,Ladakh,HPCL,FS104195,59761,2282.87,3.82,Broken Rice,3995.02,125557.85
2017-03-01,2017,3,Ladakh,HPCL,FS104196,62754,3966.05,6.32,Molasses,6940.59,218132.75
2017-04-01,2017,4,Ladakh,BPCL,FS104197,30505,530.79,1.74,Sugarcane,928.88,29193.45
2017-05-01,2017,5,Ladakh,IOC,FS104198,17864,553.78,3.1,Sugarcane,969.12,30457.9
2017-06-01,2017,6,Ladakh,HPCL,FS104199,29017,1590.13,5.48,Maize,2782.73,87457.15
2017-07-01,2017,7,Ladakh,BPCL,FS104200,79333,2665.59,3.36,Maize,4664.78,146607.45
2017-08-01,2017,8,Ladakh,BPCL,FS104201,67670,3654.18,5.4,Sugarcane,6394.81,200979.9
2017-09-01,2017,9,Ladakh,BPCL,FS104202,43561,3310.64,7.6,Sugarcane,5793.62,182085.2
2017-10-01,2017,10,Ladakh,HPCL,FS104203,39608,1196.16,3.02,Sugarcane,2093.28,65788.8
2017-11-01,2017,11,Ladakh,HPCL,FS104204,29248,979.81,3.35,Maize,1714.67,53889.55
2017-12-01,2017,12,Ladakh,BPCL,FS104205,55547,1516.43,2.73,Sugarcane,2653.75,83403.65
2018-01-01,2018,1,Ladakh,IOC,FS104206,9461,120.15,1.27,Broken Rice,210.26,6608.25
2018-02-01,2018,2,Ladakh,HPCL,FS104207,36610,809.08,2.21,Sugarcane,1415.89,44499.4
2018-03-01,2018,3,Ladakh,HPCL,FS104208,54380,1598.77,2.94,Molasses,2797.85,87932.35
2018-04-01,2018,4,Ladakh,IOC,FS104209,18886,1459.89,7.73,Sugarcane,2554.81,80293.95
2018-05-01,2018,5,Ladakh,HPCL,FS104210,36688,1816.06,4.95,Maize,3178.11,99883.3
2018-06-01,2018,6,Ladakh,BPCL,FS104211,59829,4253.84,7.11,Broken Rice,7444.22,233961.2
2018-07-01,2018,7,Ladakh,BPCL,FS104212,10438,498.94,4.78,Maize,873.14,27441.7
2018-08-01,2018,8,Ladakh,IOC,FS104213,24983,1671.36,6.69,Broken Rice,2924.88,91924.8
2018-09-01,2018,9,Ladakh,HPCL,FS104214,59039,1322.47,2.24,Sugarcane,2314.32,72735.85
2018-10-01,2018,10,Ladakh,IOC,FS104215,75713,3338.94,4.41,Molasses,5843.15,183641.7
2018-11-01,2018,11,Ladakh,HPCL,FS104216,34515,987.13,2.86,Sugarcane,1727.48,54292.15
2018-12-01,2018,12,Ladakh,HPCL,FS104217,66397,1978.63,2.98,Maize,3462.6,108824.65
2019-01-01,2019,1,Ladakh,IOC,FS104218,64908,2466.5,3.8,Molasses,4316.38,135657.5
2019-02-01,2019,2,Ladakh,IOC,FS104219,26429,1916.1,7.25,Sugarcane,3353.17,105385.5
2019-03-01,2019,3,Ladakh,IOC,FS104220,36774,1974.76,5.37,Sugarcane,3455.83,108611.8
2019-04-01,2019,4,Ladakh,BPCL,FS104221,66764,4379.72,6.56,Broken Rice,7664.51,240884.6
2019-05-01,2019,5,Ladakh,IOC,FS104222,44079,2741.71,6.22,Sugarcane,4797.99,150794.05
2019-06-01,2019,6,Ladakh,BPCL,FS104223,34571,2357.74,6.82,Molasses,4126.05,129675.7
2019-07-01,2019,7,Ladakh,BPCL,FS104224,44498,3292.85,7.4,Broken Rice,5762.49,181106.75
2019-08-01,2019,8,Ladakh,BPCL,FS104225,48315,1410.8,2.92,Sugarcane,2468.9,77594.0
2019-09-01,2019,9,Ladakh,HPCL,FS104226,20453,777.21,3.8,Molasses,1360.12,42746.55
2019-10-01,2019,10,Ladakh,IOC,FS104227,57490,3012.48,5.24,Maize,5271.84,165686.4
2019-11-01,2019,11,Ladakh,IOC,FS104228,50817,2784.77,5.48,Maize,4873.35,153162.35
2019-12-01,2019,12,Ladakh,IOC,FS104229,63710,2599.37,4.08,Broken Rice,4548.9,142965.35
2020-01-01,2020,1,Ladakh,HPCL,FS104230,69926,2566.28,3.67,Sugarcane,4490.99,141145.4
2020-02-01,2020,2,Ladakh,BPCL,FS104231,48144,2936.78,6.1,Sugarcane,5139.37,161522.9
2020-03-01,2020,3,Ladakh,HPCL,FS104232,69717,6574.31,9.43,Sugarcane,11505.04,361587.05
2020-04-01,2020,4,Ladakh,IOC,FS104233,52621,3115.16,5.92,Maize,5451.53,171333.8
2020-05-01,2020,5,Ladakh,IOC,FS104234,16149,809.06,5.01,Molasses,1415.86,44498.3
2020-06-01,2020,6,Ladakh,BPCL,FS104235,54117,3609.6,6.67,Molasses,6316.8,198528.0
2020-07-01,2020,7,Ladakh,BPCL,FS104236,68805,1355.46,1.97,Molasses,2372.06,74550.3
2020-08-01,2020,8,Ladakh,BPCL,FS104237,36634,2864.78,7.82,Sugarcane,5013.37,157562.9
2020-09-01,2020,9,Ladakh,IOC,FS104238,14798,1673.65,11.31,Broken Rice,2928.89,92050.75
2020-10-01,2020,10,Ladakh,BPCL,FS104239,59410,4289.4,7.22,Molasses,7506.45,235917.0
2020-11-01,2020,11,Ladakh,IOC,FS104240,53955,1893.82,3.51,Broken Rice,3314.18,104160.1
2020-12-01,2020,12,Ladakh,BPCL,FS104241,41864,2227.16,5.32,Broken Rice,3897.53,122493.8
2021-01-01,2021,1,Ladakh,HPCL,FS104242,23378,2571.58,11.0,Broken Rice,4500.26,141436.9
2021-02-01,2021,2,Ladakh,IOC,FS104243,77815,6972.22,8.96,Broken Rice,12201.39,383472.1
2021-03-01,2021,3,Ladakh,IOC,FS104244,24192,2414.36,9.98,Maize,4225.13,132789.8
2021-04-01,2021,4,Ladakh,HPCL,FS104245,65225,5850.68,8.97,Sugarcane,10238.69,321787.4
2021-05-01,2021,5,Ladakh,IOC,FS104246,63256,4288.76,6.78,Molasses,7505.33,235881.8
2021-06-01,2021,6,Ladakh,BPCL,FS104247,66630,4704.08,7.06,Sugarcane,8232.14,258724.4
2021-07-01,2021,7,Ladakh,IOC,FS104248,25637,1871.5,7.3,Broken Rice,3275.12,102932.5
2021-08-01,2021,8,Ladakh,IOC,FS104249,76745,4873.31,6.35,Maize,8528.29,268032.05
2021-09-01,2021,9,Ladakh,BPCL,FS104250,59052,2391.61,4.05,Broken Rice,4185.32,131538.55
2021-10-01,2021,10,Ladakh,IOC,FS104251,22425,343.1,1.53,Molasses,600.43,18870.5
2021-11-01,2021,11,Ladakh,BPCL,FS104252,73836,7619.88,10.32,Molasses,13334.79,419093.4
2021-12-01,2021,12,Ladakh,HPCL,FS104253,71627,7678.41,10.72,Broken Rice,13437.22,422312.55
2022-01-01,2022,1,Ladakh,BPCL,FS104254,59313,7105.7,11.98,Maize,12434.98,390813.5
2022-02-01,2022,2,Ladakh,HPCL,FS104255,61884,7407.51,11.97,Maize,12963.14,407413.05
2022-03-01,2022,3,Ladakh,IOC,FS104256,22693,2362.34,10.41,Sugarcane,4134.1,129928.7
2022-04-01,2022,4,Ladakh,BPCL,FS104257,67090,9164.49,13.66,Broken Rice,16037.86,504046.95
2022-05-01,2022,5,Ladakh,IOC,FS104258,48443,8230.47,16.99,Broken Rice,14403.32,452675.85
2022-06-01,2022,6,Ladakh,HPCL,FS104259,32248,3163.53,9.81,Sugarcane,5536.18,173994.15
2022-07-01,2022,7,Ladakh,HPCL,FS104260,68309,9686.22,14.18,Broken Rice,16950.88,532742.1
2022-08-01,2022,8,Ladakh,BPCL,FS104261,43732,6214.32,14.21,Molasses,10875.06,341787.6
2022-09-01,2022,9,Ladakh,IOC,FS104262,47560,5179.28,10.89,Broken Rice,9063.74,284860.4
2022-10-01,2022,10,Ladakh,HPCL,FS104263,53987,5231.34,9.69,Maize,9154.85,287723.7
2022-11-01,2022,11,Ladakh,BPCL,FS104264,70723,3896.84,5.51,Broken Rice,6819.47,214326.2
2022-12-01,2022,12,Ladakh,HPCL,FS104265,12271,1268.82,10.34,Molasses,2220.43,69785.1
2023-01-01,2023,1,Ladakh,BPCL,FS104266,52227,5718.86,10.95,Molasses,10008.0,314537.3
2023-02-01,2023,2,Ladakh,BPCL,FS104267,14674,1690.44,11.52,Sugarcane,2958.27,92974.2
2023-03-01,2023,3,Ladakh,BPCL,FS104268,35262,232.73,0.66,Broken Rice,407.28,12800.15
2023-04-01,2023,4,Ladakh,BPCL,FS104269,15543,2269.28,14.6,Sugarcane,3971.24,124810.4
2023-05-01,2023,5,Ladakh,HPCL,FS104270,11323,1294.22,11.43,Broken Rice,2264.89,71182.1
2023-06-01,2023,6,Ladakh,BPCL,FS104271,74968,11020.3,14.7,Maize,19285.52,606116.5
2023-07-01,2023,7,Ladakh,HPCL,FS104272,16611,1999.96,12.04,Molasses,3499.93,109997.8
2023-08-01,2023,8,Ladakh,IOC,FS104273,42930,7783.21,18.13,Molasses,13620.62,428076.55
2023-09-01,2023,9,Ladakh,HPCL,FS104274,78779,8799.61,11.17,Broken Rice,15399.32,483978.55
2023-10-01,2023,10,Ladakh,BPCL,FS104275,79435,12082.06,15.21,Sugarcane,21143.6,664513.3
2023-11-01,2023,11,Ladakh,HPCL,FS104276,70714,7127.97,10.08,Sugarcane,12473.95,392038.35
2023-12-01,2023,12,Ladakh,HPCL,FS104277,9320,931.07,9.99,Molasses,1629.37,51208.85
2024-01-01,2024,1,Ladakh,IOC,FS104278,56737,9633.94,16.98,Molasses,16859.4,529866.7
2024-02-01,2024,2,Ladakh,HPCL,FS104279,50124,4897.11,9.77,Maize,8569.94,269341.05
2024-03-01,2024,3,Ladakh,HPCL,FS104280,43765,8840.53,20.2,Sugarcane,15470.93,486229.15
2024-04-01,2024,4,Ladakh,HPCL,FS104281,62681,7277.26,11.61,Broken Rice,12735.2,400249.3
2024-05-01,2024,5,Ladakh,IOC,FS104282,23409,5032.93,21.5,Maize,8807.63,276811.15
2024-06-01,2024,6,Ladakh,BPCL,FS104283,32154,5659.1,17.6,Sugarcane,9903.43,311250.5
2024-07-01,2024,7,Ladakh,HPCL,FS104284,76225,11266.05,14.78,Maize,19715.59,619632.75
2024-08-01,2024,8,Ladakh,HPCL,FS104285,10988,1121.87,10.21,Sugarcane,1963.27,61702.85
2024-09-01,2024,9,Ladakh,HPCL,FS104286,15838,3242.04,20.47,Molasses,5673.57,178312.2
2024-10-01,2024,10,Ladakh,IOC,FS104287,57711,10076.34,17.46,Sugarcane,17633.6,554198.7
2024-11-01,2024,11,Ladakh,BPCL,FS104288,67507,12232.27,18.12,Maize,21406.47,672774.85
2024-12-01,2024,12,Ladakh,BPCL,FS104289,55219,9287.84,16.82,Maize,16253.72,510831.2
2025-01-01,2025,1,Ladakh,BPCL,FS104290,50205,10794.08,21.5,Sugarcane,18889.64,593674.4
2025-02-01,2025,2,Ladakh,BPCL,FS104291,74735,16068.02,21.5,Sugarcane,28119.03,883741.1
2025-03-01,2025,3,Ladakh,IOC,FS104292,79531,17099.17,21.5,Molasses,29923.55,940454.35
2025-04-01,2025,4,Ladakh,HPCL,FS104293,20920,1631.76,7.8,Broken Rice,2855.58,89746.8
2025-05-01,2025,5,Ladakh,IOC,FS104294,78560,16890.4,21.5,Broken Rice,29558.2,928972.0
2025-06-01,2025,6,Ladakh,BPCL,FS104295,74777,16077.06,21.5,Molasses,28134.85,884238.3
2025-07-01,2025,7,Ladakh,HPCL,FS104296,31267,6722.4,21.5,Maize,11764.2,369732.0
2025-08-01,2025,8,Ladakh,BPCL,FS104297,12897,2772.86,21.5,Molasses,4852.51,152507.3
2025-09-01,2025,9,Ladakh,HPCL,FS104298,37870,4953.4,13.08,Sugarcane,8668.45,272437.0
2025-10-01,2025,10,Ladakh,BPCL,FS104299,37482,6353.2,16.95,Molasses,11118.1,349426.0
2025-11-01,2025,11,Ladakh,HPCL,FS104300,34379,5129.35,14.92,Molasses,8976.36,282114.25
2025-12-01,2025,12,Ladakh,IOC,FS104301,14590,3136.85,21.5,Broken Rice,5489.49,172526.75
2026-01-01,2026,1,Ladakh,IOC,FS104302,77353,16630.9,21.5,Broken Rice,29104.08,914699.5
2026-02-01,2026,2,Ladakh,BPCL,FS104303,12600,2709.0,21.5,Broken Rice,4740.75,148995.0
2026-03-01,2026,3,Ladakh,HPCL,FS104304,15670,3369.05,21.5,Molasses,5895.84,185297.75
2026-04-01,2026,4,Ladakh,BPCL,FS104305,25015,5378.23,21.5,Sugarcane,9411.9,295802.65
2026-05-01,2026,5,Ladakh,IOC,FS104306,23852,3895.03,16.33,Broken Rice,6816.3,214226.65
2026-06-01,2026,6,Ladakh,BPCL,FS104307,29258,6290.47,21.5,Broken Rice,11008.32,345975.85
2026-07-01,2026,7,Ladakh,HPCL,FS104308,35410,3696.8,10.44,Molasses,6469.4,203324.0
2015-01-01,2015,1,Puducherry,HPCL,FS104309,79942,1582.85,1.98,Molasses,2769.99,87056.75
2015-02-01,2015,2,Puducherry,IOC,FS104310,36038,980.23,2.72,Broken Rice,1715.4,53912.65
2015-03-01,2015,3,Puducherry,HPCL,FS104311,17136,138.8,0.81,Sugarcane,242.9,7634.0
2015-04-01,2015,4,Puducherry,BPCL,FS104312,75539,1964.01,2.6,Sugarcane,3437.02,108020.55
2015-05-01,2015,5,Puducherry,HPCL,FS104313,77208,1945.64,2.52,Molasses,3404.87,107010.2
2015-06-01,2015,6,Puducherry,IOC,FS104314,8051,175.51,2.18,Broken Rice,307.14,9653.05
2015-07-01,2015,7,Puducherry,HPCL,FS104315,36491,492.63,1.35,Molasses,862.1,27094.65
2015-08-01,2015,8,Puducherry,IOC,FS104316,74890,1602.65,2.14,Sugarcane,2804.64,88145.75
2015-09-01,2015,9,Puducherry,IOC,FS104317,24593,641.88,2.61,Broken Rice,1123.29,35303.4
2015-10-01,2015,10,Puducherry,IOC,FS104318,73471,1329.83,1.81,Broken Rice,2327.2,73140.65
2015-11-01,2015,11,Puducherry,HPCL,FS104319,58728,1726.6,2.94,Molasses,3021.55,94963.0
2015-12-01,2015,12,Puducherry,IOC,FS104320,17327,265.1,1.53,Broken Rice,463.93,14580.5
2016-01-01,2016,1,Puducherry,IOC,FS104321,24533,785.06,3.2,Sugarcane,1373.86,43178.3
2016-02-01,2016,2,Puducherry,HPCL,FS104322,59726,1224.38,2.05,Maize,2142.66,67340.9
2016-03-01,2016,3,Puducherry,IOC,FS104323,28653,999.99,3.49,Maize,1749.98,54999.45
2016-04-01,2016,4,Puducherry,BPCL,FS104324,75799,2296.71,3.03,Sugarcane,4019.24,126319.05
2016-05-01,2016,5,Puducherry,IOC,FS104325,37295,305.82,0.82,Molasses,535.18,16820.1
2016-06-01,2016,6,Puducherry,BPCL,FS104326,16945,157.59,0.93,Maize,275.78,8667.45
2016-07-01,2016,7,Puducherry,HPCL,FS104327,57874,1504.72,2.6,Molasses,2633.26,82759.6
2016-08-01,2016,8,Puducherry,HPCL,FS104328,49394,894.03,1.81,Broken Rice,1564.55,49171.65
2016-09-01,2016,9,Puducherry,IOC,FS104329,25404,1206.69,4.75,Molasses,2111.71,66367.95
2016-10-01,2016,10,Puducherry,BPCL,FS104330,18304,605.86,3.31,Sugarcane,1060.26,33322.3
2016-11-01,2016,11,Puducherry,BPCL,FS104331,64982,1267.15,1.95,Broken Rice,2217.51,69693.25
2016-12-01,2016,12,Puducherry,HPCL,FS104332,20420,102.1,0.5,Broken Rice,178.67,5615.5
2017-01-01,2017,1,Puducherry,IOC,FS104333,48301,2646.89,5.48,Molasses,4632.06,145578.95
2017-02-01,2017,2,Puducherry,BPCL,FS104334,18621,880.77,4.73,Sugarcane,1541.35,48442.35
2017-03-01,2017,3,Puducherry,BPCL,FS104335,66786,3800.12,5.69,Maize,6650.21,209006.6
2017-04-01,2017,4,Puducherry,BPCL,FS104336,79980,2999.25,3.75,Molasses,5248.69,164958.75
2017-05-01,2017,5,Puducherry,BPCL,FS104337,13972,795.01,5.69,Maize,1391.27,43725.55
2017-06-01,2017,6,Puducherry,IOC,FS104338,15702,543.29,3.46,Maize,950.76,29880.95
2017-07-01,2017,7,Puducherry,HPCL,FS104339,65450,2618.0,4.0,Sugarcane,4581.5,143990.0
2017-08-01,2017,8,Puducherry,IOC,FS104340,10599,357.19,3.37,Sugarcane,625.08,19645.45
2017-09-01,2017,9,Puducherry,IOC,FS104341,64165,2990.09,4.66,Maize,5232.66,164454.95
2017-10-01,2017,10,Puducherry,BPCL,FS104342,43800,845.34,1.93,Broken Rice,1479.35,46493.7
2017-11-01,2017,11,Puducherry,BPCL,FS104343,62941,3562.46,5.66,Broken Rice,6234.31,195935.3
2017-12-01,2017,12,Puducherry,HPCL,FS104344,33280,1144.83,3.44,Maize,2003.45,62965.65
2018-01-01,2018,1,Puducherry,BPCL,FS104345,9159,462.53,5.05,Broken Rice,809.43,25439.15
2018-02-01,2018,2,Puducherry,HPCL,FS104346,55656,3367.19,6.05,Sugarcane,5892.58,185195.45
2018-03-01,2018,3,Puducherry,BPCL,FS104347,31233,1661.6,5.32,Maize,2907.8,91388.0
2018-04-01,2018,4,Puducherry,BPCL,FS104348,64831,324.16,0.5,Molasses,567.28,17828.8
2018-05-01,2018,5,Puducherry,IOC,FS104349,76772,3047.85,3.97,Maize,5333.74,167631.75
2018-06-01,2018,6,Puducherry,HPCL,FS104350,26165,1297.78,4.96,Molasses,2271.11,71377.9
2018-07-01,2018,7,Puducherry,HPCL,FS104351,26260,638.12,2.43,Broken Rice,1116.71,35096.6
2018-08-01,2018,8,Puducherry,IOC,FS104352,40191,2274.81,5.66,Broken Rice,3980.92,125114.55
2018-09-01,2018,9,Puducherry,IOC,FS104353,44044,1466.67,3.33,Broken Rice,2566.67,80666.85
2018-10-01,2018,10,Puducherry,IOC,FS104354,60648,3735.92,6.16,Maize,6537.86,205475.6
2018-11-01,2018,11,Puducherry,IOC,FS104355,21102,601.41,2.85,Sugarcane,1052.47,33077.55
2018-12-01,2018,12,Puducherry,BPCL,FS104356,33221,1322.2,3.98,Broken Rice,2313.85,72721.0
2019-01-01,2019,1,Puducherry,BPCL,FS104357,31140,1220.69,3.92,Molasses,2136.21,67137.95
2019-02-01,2019,2,Puducherry,BPCL,FS104358,52035,4870.48,9.36,Broken Rice,8523.34,267876.4
2019-03-01,2019,3,Puducherry,IOC,FS104359,26540,1918.84,7.23,Maize,3357.97,105536.2
2019-04-01,2019,4,Puducherry,IOC,FS104360,44907,2555.21,5.69,Broken Rice,4471.62,140536.55
2019-05-01,2019,5,Puducherry,BPCL,FS104361,15087,932.38,6.18,Maize,1631.66,51280.9
2019-06-01,2019,6,Puducherry,HPCL,FS104362,60062,2222.29,3.7,Maize,3889.01,122225.95
2019-07-01,2019,7,Puducherry,HPCL,FS104363,24744,274.66,1.11,Maize,480.66,15106.3
2019-08-01,2019,8,Puducherry,BPCL,FS104364,62021,3789.48,6.11,Molasses,6631.59,208421.4
2019-09-01,2019,9,Puducherry,IOC,FS104365,29179,1849.95,6.34,Maize,3237.41,101747.25
2019-10-01,2019,10,Puducherry,IOC,FS104366,47038,1895.63,4.03,Maize,3317.35,104259.65
2019-11-01,2019,11,Puducherry,HPCL,FS104367,78624,1470.27,1.87,Molasses,2572.97,80864.85
2019-12-01,2019,12,Puducherry,IOC,FS104368,49098,2656.2,5.41,Broken Rice,4648.35,146091.0
2020-01-01,2020,1,Puducherry,HPCL,FS104369,70580,1990.36,2.82,Maize,3483.13,109469.8
2020-02-01,2020,2,Puducherry,BPCL,FS104370,42929,2893.41,6.74,Molasses,5063.47,159137.55
2020-03-01,2020,3,Puducherry,IOC,FS104371,19628,669.31,3.41,Molasses,1171.29,36812.05
2020-04-01,2020,4,Puducherry,BPCL,FS104372,42311,1848.99,4.37,Broken Rice,3235.73,101694.45
2020-05-01,2020,5,Puducherry,BPCL,FS104373,49876,5960.18,11.95,Broken Rice,10430.32,327809.9
2020-06-01,2020,6,Puducherry,IOC,FS104374,50974,3889.32,7.63,Sugarcane,6806.31,213912.6
2020-07-01,2020,7,Puducherry,IOC,FS104375,52830,2699.61,5.11,Broken Rice,4724.32,148478.55
2020-08-01,2020,8,Puducherry,HPCL,FS104376,75951,4686.18,6.17,Maize,8200.82,257739.9
2020-09-01,2020,9,Puducherry,BPCL,FS104377,29601,2075.03,7.01,Maize,3631.3,114126.65
2020-10-01,2020,10,Puducherry,IOC,FS104378,59901,2755.45,4.6,Broken Rice,4822.04,151549.75
2020-11-01,2020,11,Puducherry,IOC,FS104379,14306,439.19,3.07,Sugarcane,768.58,24155.45
2020-12-01,2020,12,Puducherry,IOC,FS104380,56544,3183.43,5.63,Broken Rice,5571.0,175088.65
2021-01-01,2021,1,Puducherry,BPCL,FS104381,15482,764.81,4.94,Sugarcane,1338.42,42064.55
2021-02-01,2021,2,Puducherry,IOC,FS104382,17934,952.3,5.31,Sugarcane,1666.52,52376.5
2021-03-01,2021,3,Puducherry,HPCL,FS104383,49556,3181.5,6.42,Molasses,5567.62,174982.5
2021-04-01,2021,4,Puducherry,BPCL,FS104384,36013,2319.24,6.44,Molasses,4058.67,127558.2
2021-05-01,2021,5,Puducherry,HPCL,FS104385,19408,1123.72,5.79,Molasses,1966.51,61804.6
2021-06-01,2021,6,Puducherry,IOC,FS104386,30741,1829.09,5.95,Maize,3200.91,100599.95
2021-07-01,2021,7,Puducherry,BPCL,FS104387,26631,1091.87,4.1,Maize,1910.77,60052.85
2021-08-01,2021,8,Puducherry,IOC,FS104388,70110,10144.92,14.47,Sugarcane,17753.61,557970.6
2021-09-01,2021,9,Puducherry,IOC,FS104389,27215,2111.88,7.76,Molasses,3695.79,116153.4
2021-10-01,2021,10,Puducherry,HPCL,FS104390,18511,2262.04,12.22,Sugarcane,3958.57,124412.2
2021-11-01,2021,11,Puducherry,HPCL,FS104391,18558,1003.99,5.41,Molasses,1756.98,55219.45
2021-12-01,2021,12,Puducherry,HPCL,FS104392,31266,928.6,2.97,Molasses,1625.05,51073.0
2022-01-01,2022,1,Puducherry,IOC,FS104393,78377,6536.64,8.34,Broken Rice,11439.12,359515.2
2022-02-01,2022,2,Puducherry,BPCL,FS104394,49733,5376.14,10.81,Molasses,9408.25,295687.7
2022-03-01,2022,3,Puducherry,HPCL,FS104395,45185,2765.32,6.12,Broken Rice,4839.31,152092.6
2022-04-01,2022,4,Puducherry,BPCL,FS104396,56302,4667.44,8.29,Maize,8168.02,256709.2
2022-05-01,2022,5,Puducherry,BPCL,FS104397,30435,3618.72,11.89,Molasses,6332.76,199029.6
2022-06-01,2022,6,Puducherry,IOC,FS104398,65193,5476.21,8.4,Broken Rice,9583.37,301191.55
2022-07-01,2022,7,Puducherry,IOC,FS104399,22679,2227.08,9.82,Broken Rice,3897.39,122489.4
2022-08-01,2022,8,Puducherry,BPCL,FS104400,63701,6070.71,9.53,Maize,10623.74,333889.05
2022-09-01,2022,9,Puducherry,HPCL,FS104401,27329,3197.49,11.7,Molasses,5595.61,175861.95
2022-10-01,2022,10,Puducherry,HPCL,FS104402,48068,4306.89,8.96,Broken Rice,7537.06,236878.95
2022-11-01,2022,11,Puducherry,BPCL,FS104403,43171,2711.14,6.28,Sugarcane,4744.49,149112.7
2022-12-01,2022,12,Puducherry,HPCL,FS104404,53643,6555.17,12.22,Broken Rice,11471.55,360534.35
2023-01-01,2023,1,Puducherry,BPCL,FS104405,38280,2840.38,7.42,Broken Rice,4970.66,156220.9
2023-02-01,2023,2,Puducherry,BPCL,FS104406,9085,1141.08,12.56,Maize,1996.89,62759.4
2023-03-01,2023,3,Puducherry,IOC,FS104407,67801,11044.78,16.29,Broken Rice,19328.37,607462.9
2023-04-01,2023,4,Puducherry,HPCL,FS104408,78410,7778.27,9.92,Maize,13611.97,427804.85
2023-05-01,2023,5,Puducherry,IOC,FS104409,18913,2263.89,11.97,Maize,3961.81,124513.95
2023-06-01,2023,6,Puducherry,BPCL,FS104410,23900,2418.68,10.12,Sugarcane,4232.69,133027.4
2023-07-01,2023,7,Puducherry,BPCL,FS104411,66639,5184.51,7.78,Maize,9072.89,285148.05
2023-08-01,2023,8,Puducherry,IOC,FS104412,10977,1824.38,16.62,Sugarcane,3192.66,100340.9
2023-09-01,2023,9,Puducherry,HPCL,FS104413,62641,4892.26,7.81,Maize,8561.45,269074.3
2023-10-01,2023,10,Puducherry,IOC,FS104414,19885,2885.31,14.51,Maize,5049.29,158692.05
2023-11-01,2023,11,Puducherry,IOC,FS104415,40863,8613.92,21.08,Molasses,15074.36,473765.6
2023-12-01,2023,12,Puducherry,HPCL,FS104416,61096,6702.23,10.97,Maize,11728.9,368622.65
2024-01-01,2024,1,Puducherry,IOC,FS104417,72649,15103.73,20.79,Molasses,26431.53,830705.15
2024-02-01,2024,2,Puducherry,BPCL,FS104418,52470,7807.54,14.88,Molasses,13663.19,429414.7
2024-03-01,2024,3,Puducherry,HPCL,FS104419,36223,3778.06,10.43,Broken Rice,6611.6,207793.3
2024-04-01,2024,4,Puducherry,HPCL,FS104420,39147,6455.34,16.49,Sugarcane,11296.85,355043.7
2024-05-01,2024,5,Puducherry,HPCL,FS104421,55429,4428.78,7.99,Broken Rice,7750.36,243582.9
2024-06-01,2024,6,Puducherry,BPCL,FS104422,10966,2357.69,21.5,Sugarcane,4125.96,129672.95
2024-07-01,2024,7,Puducherry,IOC,FS104423,11728,2329.18,19.86,Broken Rice,4076.06,128104.9
2024-08-01,2024,8,Puducherry,IOC,FS104424,74130,11512.39,15.53,Maize,20146.68,633181.45
2024-09-01,2024,9,Puducherry,HPCL,FS104425,27439,3953.96,14.41,Broken Rice,6919.43,217467.8
2024-10-01,2024,10,Puducherry,HPCL,FS104426,76196,5547.07,7.28,Sugarcane,9707.37,305088.85
2024-11-01,2024,11,Puducherry,BPCL,FS104427,14089,2158.43,15.32,Sugarcane,3777.25,118713.65
2024-12-01,2024,12,Puducherry,HPCL,FS104428,25424,4698.36,18.48,Broken Rice,8222.13,258409.8
2025-01-01,2025,1,Puducherry,HPCL,FS104429,28556,6139.54,21.5,Molasses,10744.19,337674.7
2025-02-01,2025,2,Puducherry,BPCL,FS104430,44640,4205.09,9.42,Broken Rice,7358.91,231279.95
2025-03-01,2025,3,Puducherry,BPCL,FS104431,44688,9607.92,21.5,Sugarcane,16813.86,528435.6
2025-04-01,2025,4,Puducherry,BPCL,FS104432,14331,2672.73,18.65,Broken Rice,4677.28,147000.15
2025-05-01,2025,5,Puducherry,HPCL,FS104433,50262,10806.33,21.5,Molasses,18911.08,594348.15
2025-06-01,2025,6,Puducherry,BPCL,FS104434,67592,6090.04,9.01,Broken Rice,10657.57,334952.2
2025-07-01,2025,7,Puducherry,HPCL,FS104435,25528,5289.4,20.72,Molasses,9256.45,290917.0
2025-08-01,2025,8,Puducherry,IOC,FS104436,50129,10777.74,21.5,Maize,18861.04,592775.7
2025-09-01,2025,9,Puducherry,IOC,FS104437,69321,14904.01,21.5,Sugarcane,26082.02,819720.55
2025-10-01,2025,10,Puducherry,HPCL,FS104438,23063,3858.44,16.73,Sugarcane,6752.27,212214.2
2025-11-01,2025,11,Puducherry,BPCL,FS104439,53217,7125.76,13.39,Maize,12470.08,391916.8
2025-12-01,2025,12,Puducherry,IOC,FS104440,57151,9904.27,17.33,Broken Rice,17332.47,544734.85
2026-01-01,2026,1,Puducherry,IOC,FS104441,20213,4345.8,21.5,Molasses,7605.15,239019.0
2026-02-01,2026,2,Puducherry,IOC,FS104442,43191,8361.78,19.36,Molasses,14633.12,459897.9
2026-03-01,2026,3,Puducherry,BPCL,FS104443,65924,6368.26,9.66,Maize,11144.45,350254.3
2026-04-01,2026,4,Puducherry,IOC,FS104444,8972,1928.98,21.5,Sugarcane,3375.72,106093.9
2026-05-01,2026,5,Puducherry,BPCL,FS104445,57738,9255.4,16.03,Maize,16196.95,509047.0
2026-06-01,2026,6,Puducherry,HPCL,FS104446,59714,12838.51,21.5,Maize,22467.39,706118.05
2026-07-01,2026,7,Puducherry,HPCL,FS104447,60079,12916.99,21.5,Sugarcane,22604.73,710434.45
2015-01-01,2015,1,Chandigarh,HPCL,FS104448,38268,1197.79,3.13,Molasses,2096.13,65878.45
2015-02-01,2015,2,Chandigarh,IOC,FS104449,12290,165.92,1.35,Molasses,290.36,9125.6
2015-03-01,2015,3,Chandigarh,HPCL,FS104450,75058,2101.62,2.8,Broken Rice,3677.84,115589.1
2015-04-01,2015,4,Chandigarh,BPCL,FS104451,20328,357.77,1.76,Sugarcane,626.1,19677.35
2015-05-01,2015,5,Chandigarh,BPCL,FS104452,57741,1160.59,2.01,Broken Rice,2031.03,63832.45
2015-06-01,2015,6,Chandigarh,HPCL,FS104453,53534,1498.95,2.8,Sugarcane,2623.16,82442.25
2015-07-01,2015,7,Chandigarh,IOC,FS104454,70473,627.21,0.89,Broken Rice,1097.62,34496.55
2015-08-01,2015,8,Chandigarh,BPCL,FS104455,49423,657.33,1.33,Broken Rice,1150.33,36153.15
2015-09-01,2015,9,Chandigarh,BPCL,FS104456,77563,1008.32,1.3,Sugarcane,1764.56,55457.6
2015-10-01,2015,10,Chandigarh,HPCL,FS104457,29200,537.28,1.84,Molasses,940.24,29550.4
2015-11-01,2015,11,Chandigarh,IOC,FS104458,72928,2187.84,3.0,Maize,3828.72,120331.2
2015-12-01,2015,12,Chandigarh,HPCL,FS104459,60755,917.4,1.51,Sugarcane,1605.45,50457.0
2016-01-01,2016,1,Chandigarh,HPCL,FS104460,44343,1206.13,2.72,Maize,2110.73,66337.15
2016-02-01,2016,2,Chandigarh,BPCL,FS104461,69273,2708.57,3.91,Broken Rice,4740.0,148971.35
2016-03-01,2016,3,Chandigarh,HPCL,FS104462,72264,1647.62,2.28,Molasses,2883.34,90619.1
2016-04-01,2016,4,Chandigarh,BPCL,FS104463,35563,903.3,2.54,Sugarcane,1580.77,49681.5
2016-05-01,2016,5,Chandigarh,IOC,FS104464,48028,902.93,1.88,Molasses,1580.13,49661.15
2016-06-01,2016,6,Chandigarh,BPCL,FS104465,51835,1793.49,3.46,Molasses,3138.61,98641.95
2016-07-01,2016,7,Chandigarh,IOC,FS104466,40160,1730.9,4.31,Maize,3029.08,95199.5
2016-08-01,2016,8,Chandigarh,BPCL,FS104467,9780,391.2,4.0,Maize,684.6,21516.0
2016-09-01,2016,9,Chandigarh,BPCL,FS104468,40161,1269.09,3.16,Molasses,2220.91,69799.95
2016-10-01,2016,10,Chandigarh,HPCL,FS104469,57460,2068.56,3.6,Sugarcane,3619.98,113770.8
2016-11-01,2016,11,Chandigarh,IOC,FS104470,79019,2702.45,3.42,Molasses,4729.29,148634.75
2016-12-01,2016,12,Chandigarh,BPCL,FS104471,46692,443.57,0.95,Broken Rice,776.25,24396.35
2017-01-01,2017,1,Chandigarh,HPCL,FS104472,36604,1775.29,4.85,Molasses,3106.76,97640.95
2017-02-01,2017,2,Chandigarh,BPCL,FS104473,20501,393.62,1.92,Maize,688.84,21649.1
2017-03-01,2017,3,Chandigarh,BPCL,FS104474,14073,638.91,4.54,Maize,1118.09,35140.05
2017-04-01,2017,4,Chandigarh,BPCL,FS104475,26101,469.82,1.8,Maize,822.18,25840.1
2017-05-01,2017,5,Chandigarh,IOC,FS104476,50294,1805.55,3.59,Broken Rice,3159.71,99305.25
2017-06-01,2017,6,Chandigarh,HPCL,FS104477,21760,1249.02,5.74,Molasses,2185.78,68696.1
2017-07-01,2017,7,Chandigarh,HPCL,FS104478,34297,1399.32,4.08,Molasses,2448.81,76962.6
2017-08-01,2017,8,Chandigarh,HPCL,FS104479,21803,719.5,3.3,Sugarcane,1259.12,39572.5
2017-09-01,2017,9,Chandigarh,BPCL,FS104480,75071,5202.42,6.93,Sugarcane,9104.24,286133.1
2017-10-01,2017,10,Chandigarh,IOC,FS104481,16727,528.57,3.16,Maize,925.0,29071.35
2017-11-01,2017,11,Chandigarh,HPCL,FS104482,9403,429.72,4.57,Sugarcane,752.01,23634.6
2017-12-01,2017,12,Chandigarh,HPCL,FS104483,15591,587.78,3.77,Broken Rice,1028.62,32327.9
2018-01-01,2018,1,Chandigarh,IOC,FS104484,65572,2865.5,4.37,Sugarcane,5014.62,157602.5
2018-02-01,2018,2,Chandigarh,IOC,FS104485,69561,5251.86,7.55,Broken Rice,9190.75,288852.3
2018-03-01,2018,3,Chandigarh,IOC,FS104486,14023,701.15,5.0,Molasses,1227.01,38563.25
2018-04-01,2018,4,Chandigarh,BPCL,FS104487,50337,2547.05,5.06,Maize,4457.34,140087.75
2018-05-01,2018,5,Chandigarh,BPCL,FS104488,11261,486.48,4.32,Sugarcane,851.34,26756.4
2018-06-01,2018,6,Chandigarh,HPCL,FS104489,68436,4598.9,6.72,Maize,8048.07,252939.5
2018-07-01,2018,7,Chandigarh,BPCL,FS104490,9902,1012.97,10.23,Broken Rice,1772.7,55713.35
2018-08-01,2018,8,Chandigarh,IOC,FS104491,56330,3509.36,6.23,Molasses,6141.38,193014.8
2018-09-01,2018,9,Chandigarh,IOC,FS104492,48832,3203.38,6.56,Molasses,5605.91,176185.9
2018-10-01,2018,10,Chandigarh,HPCL,FS104493,57962,3327.02,5.74,Molasses,5822.28,182986.1
2018-11-01,2018,11,Chandigarh,IOC,FS104494,40357,2066.28,5.12,Maize,3615.99,113645.4
2018-12-01,2018,12,Chandigarh,HPCL,FS104495,10251,513.58,5.01,Maize,898.77,28246.9
2019-01-01,2019,1,Chandigarh,BPCL,FS104496,14421,498.97,3.46,Maize,873.2,27443.35
2019-02-01,2019,2,Chandigarh,IOC,FS104497,68940,3419.42,4.96,Molasses,5983.99,188068.1
2019-03-01,2019,3,Chandigarh,BPCL,FS104498,27290,1700.17,6.23,Broken Rice,2975.3,93509.35
2019-04-01,2019,4,Chandigarh,HPCL,FS104499,27396,2419.07,8.83,Maize,4233.37,133048.85
2019-05-01,2019,5,Chandigarh,IOC,FS104500,69978,3715.83,5.31,Sugarcane,6502.7,204370.65
2019-06-01,2019,6,Chandigarh,IOC,FS104501,20822,1134.8,5.45,Broken Rice,1985.9,62414.0
2019-07-01,2019,7,Chandigarh,IOC,FS104502,69854,2619.53,3.75,Sugarcane,4584.18,144074.15
2019-08-01,2019,8,Chandigarh,IOC,FS104503,35281,2977.72,8.44,Maize,5211.01,163774.6
2019-09-01,2019,9,Chandigarh,BPCL,FS104504,29213,540.44,1.85,Maize,945.77,29724.2
2019-10-01,2019,10,Chandigarh,BPCL,FS104505,67204,4348.1,6.47,Broken Rice,7609.18,239145.5
2019-11-01,2019,11,Chandigarh,IOC,FS104506,17850,1067.43,5.98,Sugarcane,1868.0,58708.65
2019-12-01,2019,12,Chandigarh,BPCL,FS104507,53975,3799.84,7.04,Molasses,6649.72,208991.2
2020-01-01,2020,1,Chandigarh,HPCL,FS104508,15081,1245.69,8.26,Sugarcane,2179.96,68512.95
2020-02-01,2020,2,Chandigarh,IOC,FS104509,26722,986.04,3.69,Broken Rice,1725.57,54232.2
2020-03-01,2020,3,Chandigarh,IOC,FS104510,27299,1539.66,5.64,Sugarcane,2694.41,84681.3
2020-04-01,2020,4,Chandigarh,HPCL,FS104511,30036,1090.31,3.63,Molasses,1908.04,59967.05
2020-05-01,2020,5,Chandigarh,HPCL,FS104512,34691,1554.16,4.48,Maize,2719.78,85478.8
2020-06-01,2020,6,Chandigarh,HPCL,FS104513,25986,1852.8,7.13,Molasses,3242.4,101904.0
2020-07-01,2020,7,Chandigarh,HPCL,FS104514,17412,938.51,5.39,Molasses,1642.39,51618.05
2020-08-01,2020,8,Chandigarh,IOC,FS104515,59473,2539.5,4.27,Molasses,4444.12,139672.5
2020-09-01,2020,9,Chandigarh,BPCL,FS104516,64224,3969.04,6.18,Molasses,6945.82,218297.2
2020-10-01,2020,10,Chandigarh,IOC,FS104517,45462,2409.49,5.3,Broken Rice,4216.61,132521.95
2020-11-01,2020,11,Chandigarh,IOC,FS104518,40525,1499.43,3.7,Molasses,2624.0,82468.65
2020-12-01,2020,12,Chandigarh,HPCL,FS104519,13207,1166.18,8.83,Molasses,2040.82,64139.9
2021-01-01,2021,1,Chandigarh,BPCL,FS104520,25875,2869.54,11.09,Molasses,5021.69,157824.7
2021-02-01,2021,2,Chandigarh,BPCL,FS104521,24893,2163.2,8.69,Molasses,3785.6,118976.0
2021-03-01,2021,3,Chandigarh,BPCL,FS104522,33489,2397.81,7.16,Molasses,4196.17,131879.55
2021-04-01,2021,4,Chandigarh,HPCL,FS104523,21346,1897.66,8.89,Molasses,3320.91,104371.3
2021-05-01,2021,5,Chandigarh,BPCL,FS104524,40343,3086.24,7.65,Maize,5400.92,169743.2
2021-06-01,2021,6,Chandigarh,HPCL,FS104525,53963,7668.14,14.21,Broken Rice,13419.25,421747.7
2021-07-01,2021,7,Chandigarh,IOC,FS104526,38875,3584.28,9.22,Molasses,6272.49,197135.4
2021-08-01,2021,8,Chandigarh,HPCL,FS104527,31664,2181.65,6.89,Molasses,3817.89,119990.75
2021-09-01,2021,9,Chandigarh,BPCL,FS104528,49835,5128.02,10.29,Broken Rice,8974.03,282041.1
2021-10-01,2021,10,Chandigarh,BPCL,FS104529,48533,5086.26,10.48,Maize,8900.95,279744.3
2021-11-01,2021,11,Chandigarh,IOC,FS104530,68873,7638.02,11.09,Molasses,13366.53,420091.1
2021-12-01,2021,12,Chandigarh,IOC,FS104531,49341,3661.1,7.42,Sugarcane,6406.93,201360.5
2022-01-01,2022,1,Chandigarh,IOC,FS104532,46655,3219.2,6.9,Sugarcane,5633.6,177056.0
2022-02-01,2022,2,Chandigarh,HPCL,FS104533,69289,6527.02,9.42,Sugarcane,11422.28,358986.1
2022-03-01,2022,3,Chandigarh,HPCL,FS104534,62112,5447.22,8.77,Broken Rice,9532.64,299597.1
2022-04-01,2022,4,Chandigarh,BPCL,FS104535,12487,1678.25,13.44,Maize,2936.94,92303.75
2022-05-01,2022,5,Chandigarh,HPCL,FS104536,51118,7621.69,14.91,Maize,13337.96,419192.95
2022-06-01,2022,6,Chandigarh,HPCL,FS104537,65290,9525.81,14.59,Maize,16670.17,523919.55
2022-07-01,2022,7,Chandigarh,BPCL,FS104538,34622,2229.66,6.44,Maize,3901.9,122631.3
2022-08-01,2022,8,Chandigarh,BPCL,FS104539,24350,3114.36,12.79,Maize,5450.13,171289.8
2022-09-01,2022,9,Chandigarh,IOC,FS104540,13465,2194.8,16.3,Maize,3840.9,120714.0
2022-10-01,2022,10,Chandigarh,HPCL,FS104541,63214,8976.39,14.2,Molasses,15708.68,493701.45
2022-11-01,2022,11,Chandigarh,BPCL,FS104542,53420,2703.05,5.06,Sugarcane,4730.34,148667.75
2022-12-01,2022,12,Chandigarh,HPCL,FS104543,73671,2401.67,3.26,Maize,4202.92,132091.85
2023-01-01,2023,1,Chandigarh,BPCL,FS104544,28978,2599.33,8.97,Sugarcane,4548.83,142963.15
2023-02-01,2023,2,Chandigarh,HPCL,FS104545,64485,7028.86,10.9,Maize,12300.5,386587.3
2023-03-01,2023,3,Chandigarh,HPCL,FS104546,72038,8990.34,12.48,Sugarcane,15733.1,494468.7
2023-04-01,2023,4,Chandigarh,HPCL,FS104547,43449,5635.34,12.97,Molasses,9861.85,309943.7
2023-05-01,2023,5,Chandigarh,HPCL,FS104548,79918,5786.06,7.24,Maize,10125.61,318233.3
2023-06-01,2023,6,Chandigarh,HPCL,FS104549,68639,5607.81,8.17,Molasses,9813.67,308429.55
2023-07-01,2023,7,Chandigarh,IOC,FS104550,42536,5644.53,13.27,Sugarcane,9877.93,310449.15
2023-08-01,2023,8,Chandigarh,IOC,FS104551,70886,3267.84,4.61,Maize,5718.72,179731.2
2023-09-01,2023,9,Chandigarh,HPCL,FS104552,35924,5690.36,15.84,Sugarcane,9958.13,312969.8
2023-10-01,2023,10,Chandigarh,BPCL,FS104553,61149,10156.85,16.61,Molasses,17774.49,558626.75
2023-11-01,2023,11,Chandigarh,HPCL,FS104554,48834,7193.25,14.73,Maize,12588.19,395628.75
2023-12-01,2023,12,Chandigarh,BPCL,FS104555,32099,4824.48,15.03,Molasses,8442.84,265346.4
2024-01-01,2024,1,Chandigarh,HPCL,FS104556,8972,1393.35,15.53,Maize,2438.36,76634.25
2024-02-01,2024,2,Chandigarh,IOC,FS104557,43958,6325.56,14.39,Sugarcane,11069.73,347905.8
2024-03-01,2024,3,Chandigarh,IOC,FS104558,63178,10253.79,16.23,Broken Rice,17944.13,563958.45
2024-04-01,2024,4,Chandigarh,IOC,FS104559,8975,1859.62,20.72,Sugarcane,3254.34,102279.1
2024-05-01,2024,5,Chandigarh,BPCL,FS104560,51069,6332.56,12.4,Broken Rice,11081.98,348290.8
2024-06-01,2024,6,Chandigarh,IOC,FS104561,20427,2322.55,11.37,Broken Rice,4064.46,127740.25
2024-07-01,2024,7,Chandigarh,BPCL,FS104562,32866,5245.41,15.96,Maize,9179.47,288497.55
2024-08-01,2024,8,Chandigarh,HPCL,FS104563,44726,6306.37,14.1,Molasses,11036.15,346850.35
2024-09-01,2024,9,Chandigarh,IOC,FS104564,69922,7369.78,10.54,Molasses,12897.11,405337.9
2024-10-01,2024,10,Chandigarh,BPCL,FS104565,64389,9864.39,15.32,Sugarcane,17262.68,542541.45
2024-11-01,2024,11,Chandigarh,HPCL,FS104566,38477,2747.26,7.14,Molasses,4807.7,151099.3
2024-12-01,2024,12,Chandigarh,HPCL,FS104567,11571,2487.76,21.5,Broken Rice,4353.58,136826.8
2025-01-01,2025,1,Chandigarh,IOC,FS104568,72527,13257.94,18.28,Maize,23201.4,729186.7
2025-02-01,2025,2,Chandigarh,HPCL,FS104569,56436,12133.74,21.5,Maize,21234.04,667355.7
2025-03-01,2025,3,Chandigarh,HPCL,FS104570,65602,14104.43,21.5,Sugarcane,24682.75,775743.65
2025-04-01,2025,4,Chandigarh,HPCL,FS104571,55059,11837.68,21.5,Sugarcane,20715.94,651072.4
2025-05-01,2025,5,Chandigarh,IOC,FS104572,52957,9521.67,17.98,Maize,16662.92,523691.85
2025-06-01,2025,6,Chandigarh,BPCL,FS104573,60906,13094.79,21.5,Maize,22915.88,720213.45
2025-07-01,2025,7,Chandigarh,BPCL,FS104574,65557,5047.89,7.7,Broken Rice,8833.81,277633.95
2025-08-01,2025,8,Chandigarh,HPCL,FS104575,74199,6818.89,9.19,Broken Rice,11933.06,375038.95
2025-09-01,2025,9,Chandigarh,BPCL,FS104576,64776,13926.84,21.5,Sugarcane,24371.97,765976.2
2025-10-01,2025,10,Chandigarh,BPCL,FS104577,32737,3931.71,12.01,Sugarcane,6880.49,216244.05
2025-11-01,2025,11,Chandigarh,HPCL,FS104578,29037,5383.46,18.54,Sugarcane,9421.06,296090.3
2025-12-01,2025,12,Chandigarh,IOC,FS104579,48576,10443.84,21.5,Maize,18276.72,574411.2
2026-01-01,2026,1,Chandigarh,IOC,FS104580,36087,7758.7,21.5,Maize,13577.73,426728.5
2026-02-01,2026,2,Chandigarh,IOC,FS104581,20803,4133.56,19.87,Sugarcane,7233.73,227345.8
2026-03-01,2026,3,Chandigarh,IOC,FS104582,24163,4061.8,16.81,Broken Rice,7108.15,223399.0
2026-04-01,2026,4,Chandigarh,IOC,FS104583,59885,12875.27,21.5,Molasses,22531.72,708139.85
2026-05-01,2026,5,Chandigarh,IOC,FS104584,55055,11836.82,21.5,Sugarcane,20714.43,651025.1
2026-06-01,2026,6,Chandigarh,IOC,FS104585,52484,8785.82,16.74,Sugarcane,15375.18,483220.1
2026-07-01,2026,7,Chandigarh,IOC,FS104586,56865,12072.44,21.23,Molasses,21126.77,663984.2
